trust_code,trust_name,latitude,longitude,region,admin_district,postcode,coordinate_source
RCF,AIREDALE NHS FOUNDATION TRUST,53.897957,-1.962729,Yorkshire and The Humber,Bradford,BD206TD,NHS ODS Trust postcode geocoded with postcodes.io
RBS,ALDER HEY CHILDREN'S NHS FOUNDATION TRUST,53.421263,-2.897796,North West,Liverpool,L122AP,NHS ODS Trust postcode geocoded with postcodes.io
RTK,ASHFORD AND ST PETER'S HOSPITALS NHS FOUNDATION TRUST,51.377831,-0.527041,South East,Runnymede,KT160PZ,NHS ODS Trust postcode geocoded with postcodes.io
RF4,"BARKING, HAVERING AND REDBRIDGE UNIVERSITY HOSPITALS NHS TRUST",51.568649,0.179058,London,Havering,RM70AG,NHS ODS Trust postcode geocoded with postcodes.io
RFF,BARNSLEY HOSPITAL NHS FOUNDATION TRUST,53.55915,-1.499495,Yorkshire and The Humber,Barnsley,S752EP,NHS ODS Trust postcode geocoded with postcodes.io
R1H,BARTS HEALTH NHS TRUST,51.517168,-0.056023,London,Tower Hamlets,E12ES,NHS ODS Trust postcode geocoded with postcodes.io
RC9,BEDFORDSHIRE HOSPITALS NHS FOUNDATION TRUST,51.894292,-0.474153,East of England,Luton,LU40DZ,NHS ODS Trust postcode geocoded with postcodes.io
RWX,BERKSHIRE HEALTHCARE NHS FOUNDATION TRUST,51.416178,-0.740213,South East,Bracknell Forest,RG122UT,NHS ODS Trust postcode geocoded with postcodes.io
RYW,BIRMINGHAM COMMUNITY HEALTHCARE NHS FOUNDATION TRUST,52.487339,-1.885821,West Midlands,Birmingham,B74BN,NHS ODS Trust postcode geocoded with postcodes.io
RQ3,BIRMINGHAM WOMEN'S AND CHILDREN'S NHS FOUNDATION TRUST,52.484784,-1.893809,West Midlands,Birmingham,B46NH,NHS ODS Trust postcode geocoded with postcodes.io
RXL,BLACKPOOL TEACHING HOSPITALS NHS FOUNDATION TRUST,53.820675,-3.016275,North West,Blackpool,FY38NR,NHS ODS Trust postcode geocoded with postcodes.io
RMC,BOLTON NHS FOUNDATION TRUST,53.553973,-2.429892,North West,Bolton,BL40JR,NHS ODS Trust postcode geocoded with postcodes.io
RAE,BRADFORD TEACHING HOSPITALS NHS FOUNDATION TRUST,53.805995,-1.7947,Yorkshire and The Humber,Bradford,BD96RJ,NHS ODS Trust postcode geocoded with postcodes.io
RXQ,BUCKINGHAMSHIRE HEALTHCARE NHS TRUST,51.663005,-0.621408,South East,Buckinghamshire,HP70JD,NHS ODS Trust postcode geocoded with postcodes.io
RWY,CALDERDALE AND HUDDERSFIELD NHS FOUNDATION TRUST,53.655489,-1.816339,Yorkshire and The Humber,Kirklees,HD33EA,NHS ODS Trust postcode geocoded with postcodes.io
RGT,CAMBRIDGE UNIVERSITY HOSPITALS NHS FOUNDATION TRUST,52.175003,0.14065,East of England,Cambridge,CB20QQ,NHS ODS Trust postcode geocoded with postcodes.io
RT1,CAMBRIDGESHIRE AND PETERBOROUGH NHS FOUNDATION TRUST,52.184505,0.188329,East of England,South Cambridgeshire,CB215EF,NHS ODS Trust postcode geocoded with postcodes.io
RQM,CHELSEA AND WESTMINSTER HOSPITAL NHS FOUNDATION TRUST,51.484309,-0.18162,London,Kensington and Chelsea,SW109NH,NHS ODS Trust postcode geocoded with postcodes.io
RFS,CHESTERFIELD ROYAL HOSPITAL NHS FOUNDATION TRUST,53.235916,-1.394195,East Midlands,Chesterfield,S445BL,NHS ODS Trust postcode geocoded with postcodes.io
RJR,COUNTESS OF CHESTER HOSPITAL NHS FOUNDATION TRUST,53.208816,-2.897886,North West,Cheshire West and Chester,CH21UL,NHS ODS Trust postcode geocoded with postcodes.io
RXP,COUNTY DURHAM AND DARLINGTON NHS FOUNDATION TRUST,54.530385,-1.563742,North East,Darlington,DL36HX,NHS ODS Trust postcode geocoded with postcodes.io
RJ6,CROYDON HEALTH SERVICES NHS TRUST,51.389128,-0.108758,London,Croydon,CR77YE,NHS ODS Trust postcode geocoded with postcodes.io
RX4,"CUMBRIA, NORTHUMBERLAND, TYNE AND WEAR NHS FOUNDATION TRUST",55.006495,-1.633115,North East,Newcastle upon Tyne,NE33XT,NHS ODS Trust postcode geocoded with postcodes.io
RN7,DARTFORD AND GRAVESHAM NHS TRUST,51.434952,0.258673,South East,Dartford,DA28DA,NHS ODS Trust postcode geocoded with postcodes.io
RP5,DONCASTER AND BASSETLAW TEACHING HOSPITALS NHS FOUNDATION TRUST,53.530805,-1.108942,Yorkshire and The Humber,Doncaster,DN25LT,NHS ODS Trust postcode geocoded with postcodes.io
RBD,DORSET COUNTY HOSPITAL NHS FOUNDATION TRUST,50.712931,-2.446934,South West,Dorset,DT12JY,NHS ODS Trust postcode geocoded with postcodes.io
RWH,EAST AND NORTH HERTFORDSHIRE TEACHING NHS TRUST,51.924246,-0.211889,East of England,Stevenage,SG14AB,NHS ODS Trust postcode geocoded with postcodes.io
RJN,EAST CHESHIRE NHS TRUST,53.262339,-2.141072,North West,Cheshire East,SK103BL,NHS ODS Trust postcode geocoded with postcodes.io
RVV,EAST KENT HOSPITALS UNIVERSITY NHS FOUNDATION TRUST,51.266593,1.087113,South East,Canterbury,CT13NG,NHS ODS Trust postcode geocoded with postcodes.io
RXR,EAST LANCASHIRE HOSPITALS NHS TRUST,53.735575,-2.462715,North West,Blackburn with Darwen,BB23HH,NHS ODS Trust postcode geocoded with postcodes.io
RDE,EAST SUFFOLK AND NORTH ESSEX NHS FOUNDATION TRUST,51.910174,0.899242,East of England,Colchester,CO45JL,NHS ODS Trust postcode geocoded with postcodes.io
RXC,EAST SUSSEX HEALTHCARE NHS TRUST,50.88769,0.561978,South East,Hastings,TN377PT,NHS ODS Trust postcode geocoded with postcodes.io
RVR,EPSOM AND ST HELIER UNIVERSITY HOSPITALS NHS TRUST,51.380188,-0.183708,London,Sutton,SM51AA,NHS ODS Trust postcode geocoded with postcodes.io
RDU,FRIMLEY HEALTH NHS FOUNDATION TRUST,51.319666,-0.742011,South East,Surrey Heath,GU167UJ,NHS ODS Trust postcode geocoded with postcodes.io
RR7,GATESHEAD HEALTH NHS FOUNDATION TRUST,54.939388,-1.580794,North East,Gateshead,NE96SX,NHS ODS Trust postcode geocoded with postcodes.io
RLT,GEORGE ELIOT HOSPITAL NHS TRUST,52.512597,-1.478431,West Midlands,Nuneaton and Bedworth,CV107DJ,NHS ODS Trust postcode geocoded with postcodes.io
RTE,GLOUCESTERSHIRE HOSPITALS NHS FOUNDATION TRUST,51.892128,-2.071875,South West,Cheltenham,GL537AN,NHS ODS Trust postcode geocoded with postcodes.io
RP4,GREAT ORMOND STREET HOSPITAL FOR CHILDREN NHS FOUNDATION TRUST,51.522212,-0.119898,London,Camden,WC1N3JH,NHS ODS Trust postcode geocoded with postcodes.io
RN3,GREAT WESTERN HOSPITALS NHS FOUNDATION TRUST,51.538529,-1.727188,South West,Swindon,SN36BB,NHS ODS Trust postcode geocoded with postcodes.io
RJ1,GUY'S AND ST THOMAS' NHS FOUNDATION TRUST,51.49796,-0.11888,London,Lambeth,SE17EH,NHS ODS Trust postcode geocoded with postcodes.io
RW1,HAMPSHIRE AND ISLE OF WIGHT HEALTHCARE NHS FOUNDATION TRUST,50.931292,-1.530043,South East,New Forest,SO402RZ,NHS ODS Trust postcode geocoded with postcodes.io
RN5,HAMPSHIRE HOSPITALS NHS FOUNDATION TRUST,51.280633,-1.1099,South East,Basingstoke and Deane,RG249NA,NHS ODS Trust postcode geocoded with postcodes.io
RCD,HARROGATE AND DISTRICT NHS FOUNDATION TRUST,53.993822,-1.517579,Yorkshire and The Humber,North Yorkshire,HG27SX,NHS ODS Trust postcode geocoded with postcodes.io
R1A,HEREFORDSHIRE AND WORCESTERSHIRE HEALTH AND CARE NHS TRUST,52.192352,-2.178013,West Midlands,Worcester,WR51JR,NHS ODS Trust postcode geocoded with postcodes.io
RQX,HOMERTON HEALTHCARE NHS FOUNDATION TRUST,51.550635,-0.046072,London,Hackney,E96SR,NHS ODS Trust postcode geocoded with postcodes.io
RWA,HULL UNIVERSITY TEACHING HOSPITALS NHS TRUST,53.744134,-0.358153,Yorkshire and The Humber,"Kingston upon Hull, City of",HU32JZ,NHS ODS Trust postcode geocoded with postcodes.io
RYJ,IMPERIAL COLLEGE HEALTHCARE NHS TRUST,51.517542,-0.174387,London,Westminster,W21BL,NHS ODS Trust postcode geocoded with postcodes.io
R1F,ISLE OF WIGHT NHS TRUST,50.710832,-1.301363,South East,Isle of Wight,PO305TG,NHS ODS Trust postcode geocoded with postcodes.io
RGP,JAMES PAGET UNIVERSITY HOSPITALS NHS FOUNDATION TRUST,52.561697,1.718003,East of England,Great Yarmouth,NR316LA,NHS ODS Trust postcode geocoded with postcodes.io
RYY,KENT COMMUNITY HEALTH NHS FOUNDATION TRUST,51.171892,0.870742,South East,Ashford,TN254AZ,NHS ODS Trust postcode geocoded with postcodes.io
RNQ,KETTERING GENERAL HOSPITAL NHS FOUNDATION TRUST,52.402797,-0.741279,East Midlands,North Northamptonshire,NN168UZ,NHS ODS Trust postcode geocoded with postcodes.io
RJZ,KING'S COLLEGE HOSPITAL NHS FOUNDATION TRUST,51.468078,-0.09389,London,Lambeth,SE59RS,NHS ODS Trust postcode geocoded with postcodes.io
RAX,KINGSTON AND RICHMOND NHS FOUNDATION TRUST,51.414826,-0.282602,London,Kingston upon Thames,KT27QB,NHS ODS Trust postcode geocoded with postcodes.io
RW5,LANCASHIRE & SOUTH CUMBRIA NHS FOUNDATION TRUST,53.719431,-2.63894,North West,South Ribble,PR56AW,NHS ODS Trust postcode geocoded with postcodes.io
RXN,LANCASHIRE TEACHING HOSPITALS NHS FOUNDATION TRUST,53.791521,-2.706842,North West,Preston,PR29HT,NHS ODS Trust postcode geocoded with postcodes.io
RR8,LEEDS TEACHING HOSPITALS NHS TRUST,53.806117,-1.52148,Yorkshire and The Humber,Leeds,LS97TF,NHS ODS Trust postcode geocoded with postcodes.io
RJ2,LEWISHAM AND GREENWICH NHS TRUST,51.453022,-0.017917,London,Lewisham,SE136LH,NHS ODS Trust postcode geocoded with postcodes.io
RP7,LINCOLNSHIRE PARTNERSHIP NHS FOUNDATION TRUST,53.244051,-0.556906,East Midlands,Lincoln,LN11FS,NHS ODS Trust postcode geocoded with postcodes.io
RBQ,LIVERPOOL HEART AND CHEST HOSPITAL NHS FOUNDATION TRUST,53.411167,-2.897989,North West,Liverpool,L143PE,NHS ODS Trust postcode geocoded with postcodes.io
REM,LIVERPOOL UNIVERSITY HOSPITALS NHS FOUNDATION TRUST,53.409523,-2.964809,North West,Liverpool,L78XP,NHS ODS Trust postcode geocoded with postcodes.io
REP,LIVERPOOL WOMEN'S NHS FOUNDATION TRUST,53.398478,-2.960077,North West,Liverpool,L87SS,NHS ODS Trust postcode geocoded with postcodes.io
R1K,LONDON NORTH WEST UNIVERSITY HEALTHCARE NHS TRUST,51.575409,-0.322015,London,Brent,HA13UJ,NHS ODS Trust postcode geocoded with postcodes.io
RWF,MAIDSTONE AND TUNBRIDGE WELLS NHS TRUST,51.273661,0.484004,South East,Maidstone,ME169QQ,NHS ODS Trust postcode geocoded with postcodes.io
R0A,MANCHESTER UNIVERSITY NHS FOUNDATION TRUST,53.462452,-2.227709,North West,Manchester,M139WL,NHS ODS Trust postcode geocoded with postcodes.io
RPA,MEDWAY NHS FOUNDATION TRUST,51.379861,0.54209,South East,Medway,ME75NY,NHS ODS Trust postcode geocoded with postcodes.io
RBN,MERSEY AND WEST LANCASHIRE TEACHING HOSPITALS NHS TRUST,53.420485,-2.784953,North West,Knowsley,L355DR,NHS ODS Trust postcode geocoded with postcodes.io
RAJ,MID AND SOUTH ESSEX NHS FOUNDATION TRUST,51.553842,0.688646,East of England,Southend-on-Sea,SS00RY,NHS ODS Trust postcode geocoded with postcodes.io
RBT,MID CHESHIRE HOSPITALS NHS FOUNDATION TRUST,53.117701,-2.475863,North West,Cheshire East,CW14QJ,NHS ODS Trust postcode geocoded with postcodes.io
RXF,MID YORKSHIRE TEACHING NHS TRUST,53.692434,-1.488558,Yorkshire and The Humber,Wakefield,WF14DG,NHS ODS Trust postcode geocoded with postcodes.io
RRE,MIDLANDS PARTNERSHIP UNIVERSITY NHS FOUNDATION TRUST,52.81065,-2.109263,West Midlands,Stafford,ST163SR,NHS ODS Trust postcode geocoded with postcodes.io
RD8,MILTON KEYNES UNIVERSITY HOSPITAL NHS FOUNDATION TRUST,52.026384,-0.73576,South East,Milton Keynes,MK65LD,NHS ODS Trust postcode geocoded with postcodes.io
RP6,MOORFIELDS EYE HOSPITAL NHS FOUNDATION TRUST,51.527248,-0.089863,London,Islington,EC1V2PD,NHS ODS Trust postcode geocoded with postcodes.io
RM1,NORFOLK AND NORWICH UNIVERSITY HOSPITALS NHS FOUNDATION TRUST,52.617567,1.221195,East of England,South Norfolk,NR47UY,NHS ODS Trust postcode geocoded with postcodes.io
RWW,NORTH CHESHIRE AND MERSEY NHS FOUNDATION TRUST,53.393989,-2.610717,North West,Warrington,WA51QG,NHS ODS Trust postcode geocoded with postcodes.io
RNN,NORTH CUMBRIA INTEGRATED CARE NHS FOUNDATION TRUST,54.896504,-2.957796,North West,Cumberland,CA27HY,NHS ODS Trust postcode geocoded with postcodes.io
RVW,NORTH TEES AND HARTLEPOOL NHS FOUNDATION TRUST,54.702408,-1.227851,North East,Hartlepool,TS249AH,NHS ODS Trust postcode geocoded with postcodes.io
RGN,NORTH WEST ANGLIA NHS FOUNDATION TRUST,52.58394,-0.279371,East of England,Peterborough,PE39GZ,NHS ODS Trust postcode geocoded with postcodes.io
RNS,NORTHAMPTON GENERAL HOSPITAL NHS TRUST,52.236068,-0.883829,East Midlands,West Northamptonshire,NN15BD,NHS ODS Trust postcode geocoded with postcodes.io
RM3,NORTHERN CARE ALLIANCE NHS FOUNDATION TRUST,53.487562,-2.323424,North West,Salford,M68HD,NHS ODS Trust postcode geocoded with postcodes.io
RJL,NORTHERN LINCOLNSHIRE AND GOOLE NHS FOUNDATION TRUST,53.544883,-0.096293,Yorkshire and The Humber,North East Lincolnshire,DN332BA,NHS ODS Trust postcode geocoded with postcodes.io
RTF,NORTHUMBRIA HEALTHCARE NHS FOUNDATION TRUST,55.025248,-1.467353,North East,North Tyneside,NE298NH,NHS ODS Trust postcode geocoded with postcodes.io
RX1,NOTTINGHAM UNIVERSITY HOSPITALS NHS TRUST,52.94382,-1.185953,East Midlands,Nottingham,NG72UH,NHS ODS Trust postcode geocoded with postcodes.io
RTH,OXFORD UNIVERSITY HOSPITALS NHS FOUNDATION TRUST,51.763867,-1.219773,South East,Oxford,OX39DU,NHS ODS Trust postcode geocoded with postcodes.io
RPG,OXLEAS NHS FOUNDATION TRUST,51.434795,0.174767,South East,Dartford,DA27WG,NHS ODS Trust postcode geocoded with postcodes.io
RHU,PORTSMOUTH HOSPITALS UNIVERSITY NHS TRUST,50.850287,-1.069917,South East,Portsmouth,PO63LY,NHS ODS Trust postcode geocoded with postcodes.io
RPC,QUEEN VICTORIA HOSPITAL NHS FOUNDATION TRUST,51.135069,-0.002873,South East,Mid Sussex,RH193DZ,NHS ODS Trust postcode geocoded with postcodes.io
RHW,ROYAL BERKSHIRE NHS FOUNDATION TRUST,51.451023,-0.95931,South East,Reading,RG15AN,NHS ODS Trust postcode geocoded with postcodes.io
REF,ROYAL CORNWALL HOSPITALS NHS TRUST,50.266675,-5.091511,South West,Cornwall,TR13LJ,NHS ODS Trust postcode geocoded with postcodes.io
RH8,ROYAL DEVON UNIVERSITY HEALTHCARE NHS FOUNDATION TRUST,50.716692,-3.506694,South West,Exeter,EX25DW,NHS ODS Trust postcode geocoded with postcodes.io
RAL,ROYAL FREE LONDON NHS FOUNDATION TRUST,51.553227,-0.165298,London,Camden,NW32QG,NHS ODS Trust postcode geocoded with postcodes.io
RAN,ROYAL NATIONAL ORTHOPAEDIC HOSPITAL NHS TRUST,51.632569,-0.310412,London,Harrow,HA74LP,NHS ODS Trust postcode geocoded with postcodes.io
RGM,ROYAL PAPWORTH HOSPITAL NHS FOUNDATION TRUST,52.173522,0.136045,East of England,Cambridge,CB20AY,NHS ODS Trust postcode geocoded with postcodes.io
RA2,ROYAL SURREY NHS FOUNDATION TRUST,51.241012,-0.607443,South East,Guildford,GU27XX,NHS ODS Trust postcode geocoded with postcodes.io
RD1,ROYAL UNITED HOSPITALS BATH NHS FOUNDATION TRUST,51.391662,-2.391217,South West,Bath and North East Somerset,BA13NG,NHS ODS Trust postcode geocoded with postcodes.io
RNZ,SALISBURY NHS FOUNDATION TRUST,51.04394,-1.789814,South West,Wiltshire,SP28BJ,NHS ODS Trust postcode geocoded with postcodes.io
RXK,SANDWELL AND WEST BIRMINGHAM HOSPITALS NHS TRUST,52.491258,-1.949846,West Midlands,Sandwell,B662QT,NHS ODS Trust postcode geocoded with postcodes.io
RCU,SHEFFIELD CHILDREN'S NHS FOUNDATION TRUST,53.380617,-1.490628,Yorkshire and The Humber,Sheffield,S102TH,NHS ODS Trust postcode geocoded with postcodes.io
RK5,SHERWOOD FOREST HOSPITALS NHS FOUNDATION TRUST,53.134573,-1.233579,East Midlands,Ashfield,NG174JL,NHS ODS Trust postcode geocoded with postcodes.io
R1D,SHROPSHIRE COMMUNITY HEALTH NHS TRUST,52.69079,-2.720398,West Midlands,Shropshire,SY26FG,NHS ODS Trust postcode geocoded with postcodes.io
RH5,SOMERSET NHS FOUNDATION TRUST,51.011569,-3.121702,South West,Somerset,TA15DA,NHS ODS Trust postcode geocoded with postcodes.io
RTR,SOUTH TEES HOSPITALS NHS FOUNDATION TRUST,54.551768,-1.21482,North East,Middlesbrough,TS43BW,NHS ODS Trust postcode geocoded with postcodes.io
R0B,SOUTH TYNESIDE AND SUNDERLAND NHS FOUNDATION TRUST,54.902214,-1.410327,North East,Sunderland,SR47TP,NHS ODS Trust postcode geocoded with postcodes.io
RJC,SOUTH WARWICKSHIRE UNIVERSITY NHS FOUNDATION TRUST,52.289965,-1.583203,West Midlands,Warwick,CV345BW,NHS ODS Trust postcode geocoded with postcodes.io
RXG,SOUTH WEST YORKSHIRE PARTNERSHIP NHS FOUNDATION TRUST,53.697356,-1.494057,Yorkshire and The Humber,Wakefield,WF13SP,NHS ODS Trust postcode geocoded with postcodes.io
RJ7,ST GEORGE'S UNIVERSITY HOSPITALS NHS FOUNDATION TRUST,51.426682,-0.175694,London,Wandsworth,SW170QT,NHS ODS Trust postcode geocoded with postcodes.io
RWJ,STOCKPORT NHS FOUNDATION TRUST,53.383794,-2.132019,North West,Stockport,SK27JE,NHS ODS Trust postcode geocoded with postcodes.io
RTP,SURREY AND SUSSEX HEALTHCARE NHS TRUST,51.219192,-0.161983,South East,Reigate and Banstead,RH15RH,NHS ODS Trust postcode geocoded with postcodes.io
RDR,SUSSEX COMMUNITY NHS FOUNDATION TRUST,50.831176,-0.114497,South East,Brighton and Hove,BN23EW,NHS ODS Trust postcode geocoded with postcodes.io
RMP,TAMESIDE AND GLOSSOP INTEGRATED CARE NHS FOUNDATION TRUST,53.491546,-2.071432,North West,Tameside,OL69RW,NHS ODS Trust postcode geocoded with postcodes.io
RBV,THE CHRISTIE NHS FOUNDATION TRUST,53.429783,-2.230124,North West,Manchester,M204BX,NHS ODS Trust postcode geocoded with postcodes.io
REN,THE CLATTERBRIDGE CANCER CENTRE NHS FOUNDATION TRUST,53.332283,-3.025849,North West,Wirral,CH634JY,NHS ODS Trust postcode geocoded with postcodes.io
RNA,THE DUDLEY GROUP NHS FOUNDATION TRUST,52.501908,-2.117684,West Midlands,Dudley,DY12HQ,NHS ODS Trust postcode geocoded with postcodes.io
RAS,THE HILLINGDON HOSPITALS NHS FOUNDATION TRUST,51.526078,-0.461155,London,Hillingdon,UB83NN,NHS ODS Trust postcode geocoded with postcodes.io
RTD,THE NEWCASTLE UPON TYNE HOSPITALS NHS FOUNDATION TRUST,55.002783,-1.593393,North East,Newcastle upon Tyne,NE77DN,NHS ODS Trust postcode geocoded with postcodes.io
RQW,THE PRINCESS ALEXANDRA HOSPITAL NHS TRUST,51.771322,0.087315,East of England,Harlow,CM201QX,NHS ODS Trust postcode geocoded with postcodes.io
RCX,"THE QUEEN ELIZABETH HOSPITAL, KING'S LYNN, NHS FOUNDATION TRUST",52.75663,0.446694,East of England,King's Lynn and West Norfolk,PE304ET,NHS ODS Trust postcode geocoded with postcodes.io
RL1,THE ROBERT JONES AND AGNES HUNT ORTHOPAEDIC HOSPITAL NHS FOUNDATION TRUST,52.884226,-3.032684,West Midlands,Shropshire,SY107AG,NHS ODS Trust postcode geocoded with postcodes.io
RFR,THE ROTHERHAM NHS FOUNDATION TRUST,53.413991,-1.342881,Yorkshire and The Humber,Rotherham,S602UD,NHS ODS Trust postcode geocoded with postcodes.io
RPY,THE ROYAL MARSDEN NHS FOUNDATION TRUST,51.490562,-0.172541,London,Kensington and Chelsea,SW36JJ,NHS ODS Trust postcode geocoded with postcodes.io
RRJ,THE ROYAL ORTHOPAEDIC HOSPITAL NHS FOUNDATION TRUST,52.420088,-1.96116,West Midlands,Birmingham,B312AP,NHS ODS Trust postcode geocoded with postcodes.io
RL4,THE ROYAL WOLVERHAMPTON NHS TRUST,52.599738,-2.095549,West Midlands,Wolverhampton,WV100QP,NHS ODS Trust postcode geocoded with postcodes.io
RXW,THE SHREWSBURY AND TELFORD HOSPITAL NHS TRUST,52.709274,-2.793689,West Midlands,Shropshire,SY38XQ,NHS ODS Trust postcode geocoded with postcodes.io
RET,THE WALTON CENTRE NHS FOUNDATION TRUST,53.466411,-2.930999,North West,Liverpool,L97LJ,NHS ODS Trust postcode geocoded with postcodes.io
RWD,UNITED LINCOLNSHIRE TEACHING HOSPITALS NHS TRUST,53.233597,-0.519635,East Midlands,Lincoln,LN25QY,NHS ODS Trust postcode geocoded with postcodes.io
RRV,UNIVERSITY COLLEGE LONDON HOSPITALS NHS FOUNDATION TRUST,51.525737,-0.137384,London,Camden,NW12PG,NHS ODS Trust postcode geocoded with postcodes.io
RHM,UNIVERSITY HOSPITAL SOUTHAMPTON NHS FOUNDATION TRUST,50.933011,-1.435095,South East,Southampton,SO166YD,NHS ODS Trust postcode geocoded with postcodes.io
RRK,UNIVERSITY HOSPITALS BIRMINGHAM NHS FOUNDATION TRUST,52.451833,-1.942563,West Midlands,Birmingham,B152GW,NHS ODS Trust postcode geocoded with postcodes.io
RA7,UNIVERSITY HOSPITALS BRISTOL AND WESTON NHS FOUNDATION TRUST,51.459476,-2.593021,South West,"Bristol, City of",BS13NU,NHS ODS Trust postcode geocoded with postcodes.io
RKB,UNIVERSITY HOSPITALS COVENTRY AND WARWICKSHIRE NHS TRUST,52.421229,-1.438395,West Midlands,Coventry,CV22DX,NHS ODS Trust postcode geocoded with postcodes.io
R0D,UNIVERSITY HOSPITALS DORSET NHS FOUNDATION TRUST,50.721977,-1.97311,South West,"Bournemouth, Christchurch and Poole",BH152JB,NHS ODS Trust postcode geocoded with postcodes.io
RTG,UNIVERSITY HOSPITALS OF DERBY AND BURTON NHS FOUNDATION TRUST,52.910425,-1.513523,East Midlands,Derby,DE223NE,NHS ODS Trust postcode geocoded with postcodes.io
RWE,UNIVERSITY HOSPITALS OF LEICESTER NHS TRUST,52.6268,-1.135953,East Midlands,Leicester,LE15WW,NHS ODS Trust postcode geocoded with postcodes.io
RTX,UNIVERSITY HOSPITALS OF MORECAMBE BAY NHS FOUNDATION TRUST,54.306116,-2.731605,North West,Westmorland and Furness,LA97RG,NHS ODS Trust postcode geocoded with postcodes.io
RJE,UNIVERSITY HOSPITALS OF NORTH MIDLANDS NHS TRUST,53.003262,-2.211798,West Midlands,Stoke-on-Trent,ST46QG,NHS ODS Trust postcode geocoded with postcodes.io
RK9,UNIVERSITY HOSPITALS PLYMOUTH NHS TRUST,50.416707,-4.113712,South West,Plymouth,PL68DH,NHS ODS Trust postcode geocoded with postcodes.io
RYR,UNIVERSITY HOSPITALS SUSSEX NHS FOUNDATION TRUST,50.816683,-0.363404,South East,Worthing,BN112DH,NHS ODS Trust postcode geocoded with postcodes.io
RBK,WALSALL HEALTHCARE NHS TRUST,52.582346,-1.998918,West Midlands,Walsall,WS29PS,NHS ODS Trust postcode geocoded with postcodes.io
RWG,WEST HERTFORDSHIRE TEACHING HOSPITALS NHS TRUST,51.648926,-0.404165,East of England,Watford,WD180HB,NHS ODS Trust postcode geocoded with postcodes.io
RGR,WEST SUFFOLK NHS FOUNDATION TRUST,52.231679,0.709205,East of England,West Suffolk,IP332QZ,NHS ODS Trust postcode geocoded with postcodes.io
RKE,WHITTINGTON HEALTH NHS TRUST,51.566482,-0.139066,London,Islington,N195NF,NHS ODS Trust postcode geocoded with postcodes.io
RBL,WIRRAL UNIVERSITY TEACHING HOSPITAL NHS FOUNDATION TRUST,53.36964,-3.096815,North West,Wirral,CH495PE,NHS ODS Trust postcode geocoded with postcodes.io
RWP,WORCESTERSHIRE ACUTE HOSPITALS NHS TRUST,52.191205,-2.181154,West Midlands,Worcester,WR51DD,NHS ODS Trust postcode geocoded with postcodes.io
RRF,"WRIGHTINGTON, WIGAN AND LEIGH TEACHING HOSPITALS NHS FOUNDATION TRUST",53.557755,-2.629091,North West,Wigan,WN12NN,NHS ODS Trust postcode geocoded with postcodes.io
RLQ,WYE VALLEY NHS TRUST,52.058529,-2.707776,West Midlands,"Herefordshire, County of",HR12ER,NHS ODS Trust postcode geocoded with postcodes.io
RCB,YORK AND SCARBOROUGH TEACHING HOSPITALS NHS FOUNDATION TRUST,53.96897,-1.084294,Yorkshire and The Humber,York,YO318HE,NHS ODS Trust postcode geocoded with postcodes.io
