trust_code,trust_name,plot_path
R0A,MANCHESTER UNIVERSITY NHS FOUNDATION TRUST,C:\Users\DELL\Documents\Codex\2026-07-15\i-am-building-an-msc-data\outputs\nhs_rtt_msc_project\outputs\forecast_plots_by_trust\R0A_MANCHESTER_UNIVERSITY_NHS_FOUNDATION_TRUST.png
RAJ,MID AND SOUTH ESSEX NHS FOUNDATION TRUST,C:\Users\DELL\Documents\Codex\2026-07-15\i-am-building-an-msc-data\outputs\nhs_rtt_msc_project\outputs\forecast_plots_by_trust\RAJ_MID_AND_SOUTH_ESSEX_NHS_FOUNDATION_TRUST.png
RAL,ROYAL FREE LONDON NHS FOUNDATION TRUST,C:\Users\DELL\Documents\Codex\2026-07-15\i-am-building-an-msc-data\outputs\nhs_rtt_msc_project\outputs\forecast_plots_by_trust\RAL_ROYAL_FREE_LONDON_NHS_FOUNDATION_TRUST.png
R1H,BARTS HEALTH NHS TRUST,C:\Users\DELL\Documents\Codex\2026-07-15\i-am-building-an-msc-data\outputs\nhs_rtt_msc_project\outputs\forecast_plots_by_trust\R1H_BARTS_HEALTH_NHS_TRUST.png
RM3,NORTHERN CARE ALLIANCE NHS FOUNDATION TRUST,C:\Users\DELL\Documents\Codex\2026-07-15\i-am-building-an-msc-data\outputs\nhs_rtt_msc_project\outputs\forecast_plots_by_trust\RM3_NORTHERN_CARE_ALLIANCE_NHS_FOUNDATION_TRUST.png
RYR,UNIVERSITY HOSPITALS SUSSEX NHS FOUNDATION TRUST,C:\Users\DELL\Documents\Codex\2026-07-15\i-am-building-an-msc-data\outputs\nhs_rtt_msc_project\outputs\forecast_plots_by_trust\RYR_UNIVERSITY_HOSPITALS_SUSSEX_NHS_FOUNDATION_TRUST.png
RWE,UNIVERSITY HOSPITALS OF LEICESTER NHS TRUST,C:\Users\DELL\Documents\Codex\2026-07-15\i-am-building-an-msc-data\outputs\nhs_rtt_msc_project\outputs\forecast_plots_by_trust\RWE_UNIVERSITY_HOSPITALS_OF_LEICESTER_NHS_TRUST.png
RJ1,GUY'S AND ST THOMAS' NHS FOUNDATION TRUST,C:\Users\DELL\Documents\Codex\2026-07-15\i-am-building-an-msc-data\outputs\nhs_rtt_msc_project\outputs\forecast_plots_by_trust\RJ1_GUY_S_AND_ST_THOMAS_NHS_FOUNDATION_TRUST.png
RTG,UNIVERSITY HOSPITALS OF DERBY AND BURTON NHS FOUNDATION TRUST,C:\Users\DELL\Documents\Codex\2026-07-15\i-am-building-an-msc-data\outputs\nhs_rtt_msc_project\outputs\forecast_plots_by_trust\RTG_UNIVERSITY_HOSPITALS_OF_DERBY_AND_BURTON_NHS_FOUNDATION_TRUST.png
RRK,UNIVERSITY HOSPITALS BIRMINGHAM NHS FOUNDATION TRUST,C:\Users\DELL\Documents\Codex\2026-07-15\i-am-building-an-msc-data\outputs\nhs_rtt_msc_project\outputs\forecast_plots_by_trust\RRK_UNIVERSITY_HOSPITALS_BIRMINGHAM_NHS_FOUNDATION_TRUST.png
RDE,EAST SUFFOLK AND NORTH ESSEX NHS FOUNDATION TRUST,C:\Users\DELL\Documents\Codex\2026-07-15\i-am-building-an-msc-data\outputs\nhs_rtt_msc_project\outputs\forecast_plots_by_trust\RDE_EAST_SUFFOLK_AND_NORTH_ESSEX_NHS_FOUNDATION_TRUST.png
RYJ,IMPERIAL COLLEGE HEALTHCARE NHS TRUST,C:\Users\DELL\Documents\Codex\2026-07-15\i-am-building-an-msc-data\outputs\nhs_rtt_msc_project\outputs\forecast_plots_by_trust\RYJ_IMPERIAL_COLLEGE_HEALTHCARE_NHS_TRUST.png
RR8,LEEDS TEACHING HOSPITALS NHS TRUST,C:\Users\DELL\Documents\Codex\2026-07-15\i-am-building-an-msc-data\outputs\nhs_rtt_msc_project\outputs\forecast_plots_by_trust\RR8_LEEDS_TEACHING_HOSPITALS_NHS_TRUST.png
RX1,NOTTINGHAM UNIVERSITY HOSPITALS NHS TRUST,C:\Users\DELL\Documents\Codex\2026-07-15\i-am-building-an-msc-data\outputs\nhs_rtt_msc_project\outputs\forecast_plots_by_trust\RX1_NOTTINGHAM_UNIVERSITY_HOSPITALS_NHS_TRUST.png
RTH,OXFORD UNIVERSITY HOSPITALS NHS FOUNDATION TRUST,C:\Users\DELL\Documents\Codex\2026-07-15\i-am-building-an-msc-data\outputs\nhs_rtt_msc_project\outputs\forecast_plots_by_trust\RTH_OXFORD_UNIVERSITY_HOSPITALS_NHS_FOUNDATION_TRUST.png
RTD,THE NEWCASTLE UPON TYNE HOSPITALS NHS FOUNDATION TRUST,C:\Users\DELL\Documents\Codex\2026-07-15\i-am-building-an-msc-data\outputs\nhs_rtt_msc_project\outputs\forecast_plots_by_trust\RTD_THE_NEWCASTLE_UPON_TYNE_HOSPITALS_NHS_FOUNDATION_TRUST.png
RC9,BEDFORDSHIRE HOSPITALS NHS FOUNDATION TRUST,C:\Users\DELL\Documents\Codex\2026-07-15\i-am-building-an-msc-data\outputs\nhs_rtt_msc_project\outputs\forecast_plots_by_trust\RC9_BEDFORDSHIRE_HOSPITALS_NHS_FOUNDATION_TRUST.png
RJZ,KING'S COLLEGE HOSPITAL NHS FOUNDATION TRUST,C:\Users\DELL\Documents\Codex\2026-07-15\i-am-building-an-msc-data\outputs\nhs_rtt_msc_project\outputs\forecast_plots_by_trust\RJZ_KING_S_COLLEGE_HOSPITAL_NHS_FOUNDATION_TRUST.png
RWA,HULL UNIVERSITY TEACHING HOSPITALS NHS TRUST,C:\Users\DELL\Documents\Codex\2026-07-15\i-am-building-an-msc-data\outputs\nhs_rtt_msc_project\outputs\forecast_plots_by_trust\RWA_HULL_UNIVERSITY_TEACHING_HOSPITALS_NHS_TRUST.png
RVV,EAST KENT HOSPITALS UNIVERSITY NHS FOUNDATION TRUST,C:\Users\DELL\Documents\Codex\2026-07-15\i-am-building-an-msc-data\outputs\nhs_rtt_msc_project\outputs\forecast_plots_by_trust\RVV_EAST_KENT_HOSPITALS_UNIVERSITY_NHS_FOUNDATION_TRUST.png
RGN,NORTH WEST ANGLIA NHS FOUNDATION TRUST,C:\Users\DELL\Documents\Codex\2026-07-15\i-am-building-an-msc-data\outputs\nhs_rtt_msc_project\outputs\forecast_plots_by_trust\RGN_NORTH_WEST_ANGLIA_NHS_FOUNDATION_TRUST.png
RBN,MERSEY AND WEST LANCASHIRE TEACHING HOSPITALS NHS TRUST,C:\Users\DELL\Documents\Codex\2026-07-15\i-am-building-an-msc-data\outputs\nhs_rtt_msc_project\outputs\forecast_plots_by_trust\RBN_MERSEY_AND_WEST_LANCASHIRE_TEACHING_HOSPITALS_NHS_TRUST.png
RL4,THE ROYAL WOLVERHAMPTON NHS TRUST,C:\Users\DELL\Documents\Codex\2026-07-15\i-am-building-an-msc-data\outputs\nhs_rtt_msc_project\outputs\forecast_plots_by_trust\RL4_THE_ROYAL_WOLVERHAMPTON_NHS_TRUST.png
R1K,LONDON NORTH WEST UNIVERSITY HEALTHCARE NHS TRUST,C:\Users\DELL\Documents\Codex\2026-07-15\i-am-building-an-msc-data\outputs\nhs_rtt_msc_project\outputs\forecast_plots_by_trust\R1K_LONDON_NORTH_WEST_UNIVERSITY_HEALTHCARE_NHS_TRUST.png
RM1,NORFOLK AND NORWICH UNIVERSITY HOSPITALS NHS FOUNDATION TRUST,C:\Users\DELL\Documents\Codex\2026-07-15\i-am-building-an-msc-data\outputs\nhs_rtt_msc_project\outputs\forecast_plots_by_trust\RM1_NORFOLK_AND_NORWICH_UNIVERSITY_HOSPITALS_NHS_FOUNDATION_TRUST.png
RRV,UNIVERSITY COLLEGE LONDON HOSPITALS NHS FOUNDATION TRUST,C:\Users\DELL\Documents\Codex\2026-07-15\i-am-building-an-msc-data\outputs\nhs_rtt_msc_project\outputs\forecast_plots_by_trust\RRV_UNIVERSITY_COLLEGE_LONDON_HOSPITALS_NHS_FOUNDATION_TRUST.png
RQM,CHELSEA AND WESTMINSTER HOSPITAL NHS FOUNDATION TRUST,C:\Users\DELL\Documents\Codex\2026-07-15\i-am-building-an-msc-data\outputs\nhs_rtt_msc_project\outputs\forecast_plots_by_trust\RQM_CHELSEA_AND_WESTMINSTER_HOSPITAL_NHS_FOUNDATION_TRUST.png
RH8,ROYAL DEVON UNIVERSITY HEALTHCARE NHS FOUNDATION TRUST,C:\Users\DELL\Documents\Codex\2026-07-15\i-am-building-an-msc-data\outputs\nhs_rtt_msc_project\outputs\forecast_plots_by_trust\RH8_ROYAL_DEVON_UNIVERSITY_HEALTHCARE_NHS_FOUNDATION_TRUST.png
RKB,UNIVERSITY HOSPITALS COVENTRY AND WARWICKSHIRE NHS TRUST,C:\Users\DELL\Documents\Codex\2026-07-15\i-am-building-an-msc-data\outputs\nhs_rtt_msc_project\outputs\forecast_plots_by_trust\RKB_UNIVERSITY_HOSPITALS_COVENTRY_AND_WARWICKSHIRE_NHS_TRUST.png
RJ7,ST GEORGE'S UNIVERSITY HOSPITALS NHS FOUNDATION TRUST,C:\Users\DELL\Documents\Codex\2026-07-15\i-am-building-an-msc-data\outputs\nhs_rtt_msc_project\outputs\forecast_plots_by_trust\RJ7_ST_GEORGE_S_UNIVERSITY_HOSPITALS_NHS_FOUNDATION_TRUST.png
RDU,FRIMLEY HEALTH NHS FOUNDATION TRUST,C:\Users\DELL\Documents\Codex\2026-07-15\i-am-building-an-msc-data\outputs\nhs_rtt_msc_project\outputs\forecast_plots_by_trust\RDU_FRIMLEY_HEALTH_NHS_FOUNDATION_TRUST.png
RJE,UNIVERSITY HOSPITALS OF NORTH MIDLANDS NHS TRUST,C:\Users\DELL\Documents\Codex\2026-07-15\i-am-building-an-msc-data\outputs\nhs_rtt_msc_project\outputs\forecast_plots_by_trust\RJE_UNIVERSITY_HOSPITALS_OF_NORTH_MIDLANDS_NHS_TRUST.png
RWD,UNITED LINCOLNSHIRE TEACHING HOSPITALS NHS TRUST,C:\Users\DELL\Documents\Codex\2026-07-15\i-am-building-an-msc-data\outputs\nhs_rtt_msc_project\outputs\forecast_plots_by_trust\RWD_UNITED_LINCOLNSHIRE_TEACHING_HOSPITALS_NHS_TRUST.png
RXK,SANDWELL AND WEST BIRMINGHAM HOSPITALS NHS TRUST,C:\Users\DELL\Documents\Codex\2026-07-15\i-am-building-an-msc-data\outputs\nhs_rtt_msc_project\outputs\forecast_plots_by_trust\RXK_SANDWELL_AND_WEST_BIRMINGHAM_HOSPITALS_NHS_TRUST.png
R0D,UNIVERSITY HOSPITALS DORSET NHS FOUNDATION TRUST,C:\Users\DELL\Documents\Codex\2026-07-15\i-am-building-an-msc-data\outputs\nhs_rtt_msc_project\outputs\forecast_plots_by_trust\R0D_UNIVERSITY_HOSPITALS_DORSET_NHS_FOUNDATION_TRUST.png
REM,LIVERPOOL UNIVERSITY HOSPITALS NHS FOUNDATION TRUST,C:\Users\DELL\Documents\Codex\2026-07-15\i-am-building-an-msc-data\outputs\nhs_rtt_msc_project\outputs\forecast_plots_by_trust\REM_LIVERPOOL_UNIVERSITY_HOSPITALS_NHS_FOUNDATION_TRUST.png
RTE,GLOUCESTERSHIRE HOSPITALS NHS FOUNDATION TRUST,C:\Users\DELL\Documents\Codex\2026-07-15\i-am-building-an-msc-data\outputs\nhs_rtt_msc_project\outputs\forecast_plots_by_trust\RTE_GLOUCESTERSHIRE_HOSPITALS_NHS_FOUNDATION_TRUST.png
RGT,CAMBRIDGE UNIVERSITY HOSPITALS NHS FOUNDATION TRUST,C:\Users\DELL\Documents\Codex\2026-07-15\i-am-building-an-msc-data\outputs\nhs_rtt_msc_project\outputs\forecast_plots_by_trust\RGT_CAMBRIDGE_UNIVERSITY_HOSPITALS_NHS_FOUNDATION_TRUST.png
RHM,UNIVERSITY HOSPITAL SOUTHAMPTON NHS FOUNDATION TRUST,C:\Users\DELL\Documents\Codex\2026-07-15\i-am-building-an-msc-data\outputs\nhs_rtt_msc_project\outputs\forecast_plots_by_trust\RHM_UNIVERSITY_HOSPITAL_SOUTHAMPTON_NHS_FOUNDATION_TRUST.png
RXC,EAST SUSSEX HEALTHCARE NHS TRUST,C:\Users\DELL\Documents\Codex\2026-07-15\i-am-building-an-msc-data\outputs\nhs_rtt_msc_project\outputs\forecast_plots_by_trust\RXC_EAST_SUSSEX_HEALTHCARE_NHS_TRUST.png
RVR,EPSOM AND ST HELIER UNIVERSITY HOSPITALS NHS TRUST,C:\Users\DELL\Documents\Codex\2026-07-15\i-am-building-an-msc-data\outputs\nhs_rtt_msc_project\outputs\forecast_plots_by_trust\RVR_EPSOM_AND_ST_HELIER_UNIVERSITY_HOSPITALS_NHS_TRUST.png
R0B,SOUTH TYNESIDE AND SUNDERLAND NHS FOUNDATION TRUST,C:\Users\DELL\Documents\Codex\2026-07-15\i-am-building-an-msc-data\outputs\nhs_rtt_msc_project\outputs\forecast_plots_by_trust\R0B_SOUTH_TYNESIDE_AND_SUNDERLAND_NHS_FOUNDATION_TRUST.png
RHU,PORTSMOUTH HOSPITALS UNIVERSITY NHS TRUST,C:\Users\DELL\Documents\Codex\2026-07-15\i-am-building-an-msc-data\outputs\nhs_rtt_msc_project\outputs\forecast_plots_by_trust\RHU_PORTSMOUTH_HOSPITALS_UNIVERSITY_NHS_TRUST.png
RWP,WORCESTERSHIRE ACUTE HOSPITALS NHS TRUST,C:\Users\DELL\Documents\Codex\2026-07-15\i-am-building-an-msc-data\outputs\nhs_rtt_msc_project\outputs\forecast_plots_by_trust\RWP_WORCESTERSHIRE_ACUTE_HOSPITALS_NHS_TRUST.png
RCB,YORK AND SCARBOROUGH TEACHING HOSPITALS NHS FOUNDATION TRUST,C:\Users\DELL\Documents\Codex\2026-07-15\i-am-building-an-msc-data\outputs\nhs_rtt_msc_project\outputs\forecast_plots_by_trust\RCB_YORK_AND_SCARBOROUGH_TEACHING_HOSPITALS_NHS_FOUNDATION_TRUST.png
RXN,LANCASHIRE TEACHING HOSPITALS NHS FOUNDATION TRUST,C:\Users\DELL\Documents\Codex\2026-07-15\i-am-building-an-msc-data\outputs\nhs_rtt_msc_project\outputs\forecast_plots_by_trust\RXN_LANCASHIRE_TEACHING_HOSPITALS_NHS_FOUNDATION_TRUST.png
RTR,SOUTH TEES HOSPITALS NHS FOUNDATION TRUST,C:\Users\DELL\Documents\Codex\2026-07-15\i-am-building-an-msc-data\outputs\nhs_rtt_msc_project\outputs\forecast_plots_by_trust\RTR_SOUTH_TEES_HOSPITALS_NHS_FOUNDATION_TRUST.png
RXF,MID YORKSHIRE TEACHING NHS TRUST,C:\Users\DELL\Documents\Codex\2026-07-15\i-am-building-an-msc-data\outputs\nhs_rtt_msc_project\outputs\forecast_plots_by_trust\RXF_MID_YORKSHIRE_TEACHING_NHS_TRUST.png
RH5,SOMERSET NHS FOUNDATION TRUST,C:\Users\DELL\Documents\Codex\2026-07-15\i-am-building-an-msc-data\outputs\nhs_rtt_msc_project\outputs\forecast_plots_by_trust\RH5_SOMERSET_NHS_FOUNDATION_TRUST.png
RJ2,LEWISHAM AND GREENWICH NHS TRUST,C:\Users\DELL\Documents\Codex\2026-07-15\i-am-building-an-msc-data\outputs\nhs_rtt_msc_project\outputs\forecast_plots_by_trust\RJ2_LEWISHAM_AND_GREENWICH_NHS_TRUST.png
RTK,ASHFORD AND ST PETER'S HOSPITALS NHS FOUNDATION TRUST,C:\Users\DELL\Documents\Codex\2026-07-15\i-am-building-an-msc-data\outputs\nhs_rtt_msc_project\outputs\forecast_plots_by_trust\RTK_ASHFORD_AND_ST_PETER_S_HOSPITALS_NHS_FOUNDATION_TRUST.png
RXR,EAST LANCASHIRE HOSPITALS NHS TRUST,C:\Users\DELL\Documents\Codex\2026-07-15\i-am-building-an-msc-data\outputs\nhs_rtt_msc_project\outputs\forecast_plots_by_trust\RXR_EAST_LANCASHIRE_HOSPITALS_NHS_TRUST.png
RA7,UNIVERSITY HOSPITALS BRISTOL AND WESTON NHS FOUNDATION TRUST,C:\Users\DELL\Documents\Codex\2026-07-15\i-am-building-an-msc-data\outputs\nhs_rtt_msc_project\outputs\forecast_plots_by_trust\RA7_UNIVERSITY_HOSPITALS_BRISTOL_AND_WESTON_NHS_FOUNDATION_TRUST.png
RP5,DONCASTER AND BASSETLAW TEACHING HOSPITALS NHS FOUNDATION TRUST,C:\Users\DELL\Documents\Codex\2026-07-15\i-am-building-an-msc-data\outputs\nhs_rtt_msc_project\outputs\forecast_plots_by_trust\RP5_DONCASTER_AND_BASSETLAW_TEACHING_HOSPITALS_NHS_FOUNDATION_TRUST.png
RN5,HAMPSHIRE HOSPITALS NHS FOUNDATION TRUST,C:\Users\DELL\Documents\Codex\2026-07-15\i-am-building-an-msc-data\outputs\nhs_rtt_msc_project\outputs\forecast_plots_by_trust\RN5_HAMPSHIRE_HOSPITALS_NHS_FOUNDATION_TRUST.png
RWF,MAIDSTONE AND TUNBRIDGE WELLS NHS TRUST,C:\Users\DELL\Documents\Codex\2026-07-15\i-am-building-an-msc-data\outputs\nhs_rtt_msc_project\outputs\forecast_plots_by_trust\RWF_MAIDSTONE_AND_TUNBRIDGE_WELLS_NHS_TRUST.png
RK9,UNIVERSITY HOSPITALS PLYMOUTH NHS TRUST,C:\Users\DELL\Documents\Codex\2026-07-15\i-am-building-an-msc-data\outputs\nhs_rtt_msc_project\outputs\forecast_plots_by_trust\RK9_UNIVERSITY_HOSPITALS_PLYMOUTH_NHS_TRUST.png
RTP,SURREY AND SUSSEX HEALTHCARE NHS TRUST,C:\Users\DELL\Documents\Codex\2026-07-15\i-am-building-an-msc-data\outputs\nhs_rtt_msc_project\outputs\forecast_plots_by_trust\RTP_SURREY_AND_SUSSEX_HEALTHCARE_NHS_TRUST.png
RXQ,BUCKINGHAMSHIRE HEALTHCARE NHS TRUST,C:\Users\DELL\Documents\Codex\2026-07-15\i-am-building-an-msc-data\outputs\nhs_rtt_msc_project\outputs\forecast_plots_by_trust\RXQ_BUCKINGHAMSHIRE_HEALTHCARE_NHS_TRUST.png
RBL,WIRRAL UNIVERSITY TEACHING HOSPITAL NHS FOUNDATION TRUST,C:\Users\DELL\Documents\Codex\2026-07-15\i-am-building-an-msc-data\outputs\nhs_rtt_msc_project\outputs\forecast_plots_by_trust\RBL_WIRRAL_UNIVERSITY_TEACHING_HOSPITAL_NHS_FOUNDATION_TRUST.png
RNA,THE DUDLEY GROUP NHS FOUNDATION TRUST,C:\Users\DELL\Documents\Codex\2026-07-15\i-am-building-an-msc-data\outputs\nhs_rtt_msc_project\outputs\forecast_plots_by_trust\RNA_THE_DUDLEY_GROUP_NHS_FOUNDATION_TRUST.png
RWG,WEST HERTFORDSHIRE TEACHING HOSPITALS NHS TRUST,C:\Users\DELL\Documents\Codex\2026-07-15\i-am-building-an-msc-data\outputs\nhs_rtt_msc_project\outputs\forecast_plots_by_trust\RWG_WEST_HERTFORDSHIRE_TEACHING_HOSPITALS_NHS_TRUST.png
RAX,KINGSTON AND RICHMOND NHS FOUNDATION TRUST,C:\Users\DELL\Documents\Codex\2026-07-15\i-am-building-an-msc-data\outputs\nhs_rtt_msc_project\outputs\forecast_plots_by_trust\RAX_KINGSTON_AND_RICHMOND_NHS_FOUNDATION_TRUST.png
RXP,COUNTY DURHAM AND DARLINGTON NHS FOUNDATION TRUST,C:\Users\DELL\Documents\Codex\2026-07-15\i-am-building-an-msc-data\outputs\nhs_rtt_msc_project\outputs\forecast_plots_by_trust\RXP_COUNTY_DURHAM_AND_DARLINGTON_NHS_FOUNDATION_TRUST.png
RVJ,NORTH BRISTOL NHS TRUST,C:\Users\DELL\Documents\Codex\2026-07-15\i-am-building-an-msc-data\outputs\nhs_rtt_msc_project\outputs\forecast_plots_by_trust\RVJ_NORTH_BRISTOL_NHS_TRUST.png
RNS,NORTHAMPTON GENERAL HOSPITAL NHS TRUST,C:\Users\DELL\Documents\Codex\2026-07-15\i-am-building-an-msc-data\outputs\nhs_rtt_msc_project\outputs\forecast_plots_by_trust\RNS_NORTHAMPTON_GENERAL_HOSPITAL_NHS_TRUST.png
RN3,GREAT WESTERN HOSPITALS NHS FOUNDATION TRUST,C:\Users\DELL\Documents\Codex\2026-07-15\i-am-building-an-msc-data\outputs\nhs_rtt_msc_project\outputs\forecast_plots_by_trust\RN3_GREAT_WESTERN_HOSPITALS_NHS_FOUNDATION_TRUST.png
RQW,THE PRINCESS ALEXANDRA HOSPITAL NHS TRUST,C:\Users\DELL\Documents\Codex\2026-07-15\i-am-building-an-msc-data\outputs\nhs_rtt_msc_project\outputs\forecast_plots_by_trust\RQW_THE_PRINCESS_ALEXANDRA_HOSPITAL_NHS_TRUST.png
RXL,BLACKPOOL TEACHING HOSPITALS NHS FOUNDATION TRUST,C:\Users\DELL\Documents\Codex\2026-07-15\i-am-building-an-msc-data\outputs\nhs_rtt_msc_project\outputs\forecast_plots_by_trust\RXL_BLACKPOOL_TEACHING_HOSPITALS_NHS_FOUNDATION_TRUST.png
REF,ROYAL CORNWALL HOSPITALS NHS TRUST,C:\Users\DELL\Documents\Codex\2026-07-15\i-am-building-an-msc-data\outputs\nhs_rtt_msc_project\outputs\forecast_plots_by_trust\REF_ROYAL_CORNWALL_HOSPITALS_NHS_TRUST.png
RWH,EAST AND NORTH HERTFORDSHIRE TEACHING NHS TRUST,C:\Users\DELL\Documents\Codex\2026-07-15\i-am-building-an-msc-data\outputs\nhs_rtt_msc_project\outputs\forecast_plots_by_trust\RWH_EAST_AND_NORTH_HERTFORDSHIRE_TEACHING_NHS_TRUST.png
RJL,NORTHERN LINCOLNSHIRE AND GOOLE NHS FOUNDATION TRUST,C:\Users\DELL\Documents\Codex\2026-07-15\i-am-building-an-msc-data\outputs\nhs_rtt_msc_project\outputs\forecast_plots_by_trust\RJL_NORTHERN_LINCOLNSHIRE_AND_GOOLE_NHS_FOUNDATION_TRUST.png
RD1,ROYAL UNITED HOSPITALS BATH NHS FOUNDATION TRUST,C:\Users\DELL\Documents\Codex\2026-07-15\i-am-building-an-msc-data\outputs\nhs_rtt_msc_project\outputs\forecast_plots_by_trust\RD1_ROYAL_UNITED_HOSPITALS_BATH_NHS_FOUNDATION_TRUST.png
RBT,MID CHESHIRE HOSPITALS NHS FOUNDATION TRUST,C:\Users\DELL\Documents\Codex\2026-07-15\i-am-building-an-msc-data\outputs\nhs_rtt_msc_project\outputs\forecast_plots_by_trust\RBT_MID_CHESHIRE_HOSPITALS_NHS_FOUNDATION_TRUST.png
RMC,BOLTON NHS FOUNDATION TRUST,C:\Users\DELL\Documents\Codex\2026-07-15\i-am-building-an-msc-data\outputs\nhs_rtt_msc_project\outputs\forecast_plots_by_trust\RMC_BOLTON_NHS_FOUNDATION_TRUST.png
RPA,MEDWAY NHS FOUNDATION TRUST,C:\Users\DELL\Documents\Codex\2026-07-15\i-am-building-an-msc-data\outputs\nhs_rtt_msc_project\outputs\forecast_plots_by_trust\RPA_MEDWAY_NHS_FOUNDATION_TRUST.png
RWY,CALDERDALE AND HUDDERSFIELD NHS FOUNDATION TRUST,C:\Users\DELL\Documents\Codex\2026-07-15\i-am-building-an-msc-data\outputs\nhs_rtt_msc_project\outputs\forecast_plots_by_trust\RWY_CALDERDALE_AND_HUDDERSFIELD_NHS_FOUNDATION_TRUST.png
RJ6,CROYDON HEALTH SERVICES NHS TRUST,C:\Users\DELL\Documents\Codex\2026-07-15\i-am-building-an-msc-data\outputs\nhs_rtt_msc_project\outputs\forecast_plots_by_trust\RJ6_CROYDON_HEALTH_SERVICES_NHS_TRUST.png
RP6,MOORFIELDS EYE HOSPITAL NHS FOUNDATION TRUST,C:\Users\DELL\Documents\Codex\2026-07-15\i-am-building-an-msc-data\outputs\nhs_rtt_msc_project\outputs\forecast_plots_by_trust\RP6_MOORFIELDS_EYE_HOSPITAL_NHS_FOUNDATION_TRUST.png
RTF,NORTHUMBRIA HEALTHCARE NHS FOUNDATION TRUST,C:\Users\DELL\Documents\Codex\2026-07-15\i-am-building-an-msc-data\outputs\nhs_rtt_msc_project\outputs\forecast_plots_by_trust\RTF_NORTHUMBRIA_HEALTHCARE_NHS_FOUNDATION_TRUST.png
RHW,ROYAL BERKSHIRE NHS FOUNDATION TRUST,C:\Users\DELL\Documents\Codex\2026-07-15\i-am-building-an-msc-data\outputs\nhs_rtt_msc_project\outputs\forecast_plots_by_trust\RHW_ROYAL_BERKSHIRE_NHS_FOUNDATION_TRUST.png
RK5,SHERWOOD FOREST HOSPITALS NHS FOUNDATION TRUST,C:\Users\DELL\Documents\Codex\2026-07-15\i-am-building-an-msc-data\outputs\nhs_rtt_msc_project\outputs\forecast_plots_by_trust\RK5_SHERWOOD_FOREST_HOSPITALS_NHS_FOUNDATION_TRUST.png
RNN,NORTH CUMBRIA INTEGRATED CARE NHS FOUNDATION TRUST,C:\Users\DELL\Documents\Codex\2026-07-15\i-am-building-an-msc-data\outputs\nhs_rtt_msc_project\outputs\forecast_plots_by_trust\RNN_NORTH_CUMBRIA_INTEGRATED_CARE_NHS_FOUNDATION_TRUST.png
RTX,UNIVERSITY HOSPITALS OF MORECAMBE BAY NHS FOUNDATION TRUST,C:\Users\DELL\Documents\Codex\2026-07-15\i-am-building-an-msc-data\outputs\nhs_rtt_msc_project\outputs\forecast_plots_by_trust\RTX_UNIVERSITY_HOSPITALS_OF_MORECAMBE_BAY_NHS_FOUNDATION_TRUST.png
RWJ,STOCKPORT NHS FOUNDATION TRUST,C:\Users\DELL\Documents\Codex\2026-07-15\i-am-building-an-msc-data\outputs\nhs_rtt_msc_project\outputs\forecast_plots_by_trust\RWJ_STOCKPORT_NHS_FOUNDATION_TRUST.png
RD8,MILTON KEYNES UNIVERSITY HOSPITAL NHS FOUNDATION TRUST,C:\Users\DELL\Documents\Codex\2026-07-15\i-am-building-an-msc-data\outputs\nhs_rtt_msc_project\outputs\forecast_plots_by_trust\RD8_MILTON_KEYNES_UNIVERSITY_HOSPITAL_NHS_FOUNDATION_TRUST.png
RXW,THE SHREWSBURY AND TELFORD HOSPITAL NHS TRUST,C:\Users\DELL\Documents\Codex\2026-07-15\i-am-building-an-msc-data\outputs\nhs_rtt_msc_project\outputs\forecast_plots_by_trust\RXW_THE_SHREWSBURY_AND_TELFORD_HOSPITAL_NHS_TRUST.png
RGP,JAMES PAGET UNIVERSITY HOSPITALS NHS FOUNDATION TRUST,C:\Users\DELL\Documents\Codex\2026-07-15\i-am-building-an-msc-data\outputs\nhs_rtt_msc_project\outputs\forecast_plots_by_trust\RGP_JAMES_PAGET_UNIVERSITY_HOSPITALS_NHS_FOUNDATION_TRUST.png
RAS,THE HILLINGDON HOSPITALS NHS FOUNDATION TRUST,C:\Users\DELL\Documents\Codex\2026-07-15\i-am-building-an-msc-data\outputs\nhs_rtt_msc_project\outputs\forecast_plots_by_trust\RAS_THE_HILLINGDON_HOSPITALS_NHS_FOUNDATION_TRUST.png
RGR,WEST SUFFOLK NHS FOUNDATION TRUST,C:\Users\DELL\Documents\Codex\2026-07-15\i-am-building-an-msc-data\outputs\nhs_rtt_msc_project\outputs\forecast_plots_by_trust\RGR_WEST_SUFFOLK_NHS_FOUNDATION_TRUST.png
RAE,BRADFORD TEACHING HOSPITALS NHS FOUNDATION TRUST,C:\Users\DELL\Documents\Codex\2026-07-15\i-am-building-an-msc-data\outputs\nhs_rtt_msc_project\outputs\forecast_plots_by_trust\RAE_BRADFORD_TEACHING_HOSPITALS_NHS_FOUNDATION_TRUST.png
RJC,SOUTH WARWICKSHIRE UNIVERSITY NHS FOUNDATION TRUST,C:\Users\DELL\Documents\Codex\2026-07-15\i-am-building-an-msc-data\outputs\nhs_rtt_msc_project\outputs\forecast_plots_by_trust\RJC_SOUTH_WARWICKSHIRE_UNIVERSITY_NHS_FOUNDATION_TRUST.png
RN7,DARTFORD AND GRAVESHAM NHS TRUST,C:\Users\DELL\Documents\Codex\2026-07-15\i-am-building-an-msc-data\outputs\nhs_rtt_msc_project\outputs\forecast_plots_by_trust\RN7_DARTFORD_AND_GRAVESHAM_NHS_TRUST.png
RFR,THE ROTHERHAM NHS FOUNDATION TRUST,C:\Users\DELL\Documents\Codex\2026-07-15\i-am-building-an-msc-data\outputs\nhs_rtt_msc_project\outputs\forecast_plots_by_trust\RFR_THE_ROTHERHAM_NHS_FOUNDATION_TRUST.png
RNZ,SALISBURY NHS FOUNDATION TRUST,C:\Users\DELL\Documents\Codex\2026-07-15\i-am-building-an-msc-data\outputs\nhs_rtt_msc_project\outputs\forecast_plots_by_trust\RNZ_SALISBURY_NHS_FOUNDATION_TRUST.png
RFS,CHESTERFIELD ROYAL HOSPITAL NHS FOUNDATION TRUST,C:\Users\DELL\Documents\Codex\2026-07-15\i-am-building-an-msc-data\outputs\nhs_rtt_msc_project\outputs\forecast_plots_by_trust\RFS_CHESTERFIELD_ROYAL_HOSPITAL_NHS_FOUNDATION_TRUST.png
RWW,WARRINGTON AND HALTON TEACHING HOSPITALS NHS FOUNDATION TRUST,C:\Users\DELL\Documents\Codex\2026-07-15\i-am-building-an-msc-data\outputs\nhs_rtt_msc_project\outputs\forecast_plots_by_trust\RWW_WARRINGTON_AND_HALTON_TEACHING_HOSPITALS_NHS_FOUNDATION_TRUST.png
RBK,WALSALL HEALTHCARE NHS TRUST,C:\Users\DELL\Documents\Codex\2026-07-15\i-am-building-an-msc-data\outputs\nhs_rtt_msc_project\outputs\forecast_plots_by_trust\RBK_WALSALL_HEALTHCARE_NHS_TRUST.png
RLQ,WYE VALLEY NHS TRUST,C:\Users\DELL\Documents\Codex\2026-07-15\i-am-building-an-msc-data\outputs\nhs_rtt_msc_project\outputs\forecast_plots_by_trust\RLQ_WYE_VALLEY_NHS_TRUST.png
RRF,"WRIGHTINGTON, WIGAN AND LEIGH NHS FOUNDATION TRUST",C:\Users\DELL\Documents\Codex\2026-07-15\i-am-building-an-msc-data\outputs\nhs_rtt_msc_project\outputs\forecast_plots_by_trust\RRF_WRIGHTINGTON_WIGAN_AND_LEIGH_NHS_FOUNDATION_TRUST.png
RCX,"THE QUEEN ELIZABETH HOSPITAL, KING'S LYNN, NHS FOUNDATION TRUST",C:\Users\DELL\Documents\Codex\2026-07-15\i-am-building-an-msc-data\outputs\nhs_rtt_msc_project\outputs\forecast_plots_by_trust\RCX_THE_QUEEN_ELIZABETH_HOSPITAL_KING_S_LYNN_NHS_FOUNDATION_TRUST.png
RQX,HOMERTON HEALTHCARE NHS FOUNDATION TRUST,C:\Users\DELL\Documents\Codex\2026-07-15\i-am-building-an-msc-data\outputs\nhs_rtt_msc_project\outputs\forecast_plots_by_trust\RQX_HOMERTON_HEALTHCARE_NHS_FOUNDATION_TRUST.png
RKE,WHITTINGTON HEALTH NHS TRUST,C:\Users\DELL\Documents\Codex\2026-07-15\i-am-building-an-msc-data\outputs\nhs_rtt_msc_project\outputs\forecast_plots_by_trust\RKE_WHITTINGTON_HEALTH_NHS_TRUST.png
RJR,COUNTESS OF CHESTER HOSPITAL NHS FOUNDATION TRUST,C:\Users\DELL\Documents\Codex\2026-07-15\i-am-building-an-msc-data\outputs\nhs_rtt_msc_project\outputs\forecast_plots_by_trust\RJR_COUNTESS_OF_CHESTER_HOSPITAL_NHS_FOUNDATION_TRUST.png
RL1,THE ROBERT JONES AND AGNES HUNT ORTHOPAEDIC HOSPITAL NHS FOUNDATION TRUST,C:\Users\DELL\Documents\Codex\2026-07-15\i-am-building-an-msc-data\outputs\nhs_rtt_msc_project\outputs\forecast_plots_by_trust\RL1_THE_ROBERT_JONES_AND_AGNES_HUNT_ORTHOPAEDIC_HOSPITAL_NHS_FOUNDATION_TRUST.png
RNQ,KETTERING GENERAL HOSPITAL NHS FOUNDATION TRUST,C:\Users\DELL\Documents\Codex\2026-07-15\i-am-building-an-msc-data\outputs\nhs_rtt_msc_project\outputs\forecast_plots_by_trust\RNQ_KETTERING_GENERAL_HOSPITAL_NHS_FOUNDATION_TRUST.png
RA2,ROYAL SURREY NHS FOUNDATION TRUST,C:\Users\DELL\Documents\Codex\2026-07-15\i-am-building-an-msc-data\outputs\nhs_rtt_msc_project\outputs\forecast_plots_by_trust\RA2_ROYAL_SURREY_NHS_FOUNDATION_TRUST.png
RFF,BARNSLEY HOSPITAL NHS FOUNDATION TRUST,C:\Users\DELL\Documents\Codex\2026-07-15\i-am-building-an-msc-data\outputs\nhs_rtt_msc_project\outputs\forecast_plots_by_trust\RFF_BARNSLEY_HOSPITAL_NHS_FOUNDATION_TRUST.png
RVW,NORTH TEES AND HARTLEPOOL NHS FOUNDATION TRUST,C:\Users\DELL\Documents\Codex\2026-07-15\i-am-building-an-msc-data\outputs\nhs_rtt_msc_project\outputs\forecast_plots_by_trust\RVW_NORTH_TEES_AND_HARTLEPOOL_NHS_FOUNDATION_TRUST.png
RBD,DORSET COUNTY HOSPITAL NHS FOUNDATION TRUST,C:\Users\DELL\Documents\Codex\2026-07-15\i-am-building-an-msc-data\outputs\nhs_rtt_msc_project\outputs\forecast_plots_by_trust\RBD_DORSET_COUNTY_HOSPITAL_NHS_FOUNDATION_TRUST.png
RCD,HARROGATE AND DISTRICT NHS FOUNDATION TRUST,C:\Users\DELL\Documents\Codex\2026-07-15\i-am-building-an-msc-data\outputs\nhs_rtt_msc_project\outputs\forecast_plots_by_trust\RCD_HARROGATE_AND_DISTRICT_NHS_FOUNDATION_TRUST.png
RLT,GEORGE ELIOT HOSPITAL NHS TRUST,C:\Users\DELL\Documents\Codex\2026-07-15\i-am-building-an-msc-data\outputs\nhs_rtt_msc_project\outputs\forecast_plots_by_trust\RLT_GEORGE_ELIOT_HOSPITAL_NHS_TRUST.png
RPC,QUEEN VICTORIA HOSPITAL NHS FOUNDATION TRUST,C:\Users\DELL\Documents\Codex\2026-07-15\i-am-building-an-msc-data\outputs\nhs_rtt_msc_project\outputs\forecast_plots_by_trust\RPC_QUEEN_VICTORIA_HOSPITAL_NHS_FOUNDATION_TRUST.png
RRF,"WRIGHTINGTON, WIGAN AND LEIGH TEACHING HOSPITALS NHS FOUNDATION TRUST",C:\Users\DELL\Documents\Codex\2026-07-15\i-am-building-an-msc-data\outputs\nhs_rtt_msc_project\outputs\forecast_plots_by_trust\RRF_WRIGHTINGTON_WIGAN_AND_LEIGH_TEACHING_HOSPITALS_NHS_FOUNDATION_TRUST.png
RJN,EAST CHESHIRE NHS TRUST,C:\Users\DELL\Documents\Codex\2026-07-15\i-am-building-an-msc-data\outputs\nhs_rtt_msc_project\outputs\forecast_plots_by_trust\RJN_EAST_CHESHIRE_NHS_TRUST.png
RQ3,BIRMINGHAM WOMEN'S AND CHILDREN'S NHS FOUNDATION TRUST,C:\Users\DELL\Documents\Codex\2026-07-15\i-am-building-an-msc-data\outputs\nhs_rtt_msc_project\outputs\forecast_plots_by_trust\RQ3_BIRMINGHAM_WOMEN_S_AND_CHILDREN_S_NHS_FOUNDATION_TRUST.png
RMP,TAMESIDE AND GLOSSOP INTEGRATED CARE NHS FOUNDATION TRUST,C:\Users\DELL\Documents\Codex\2026-07-15\i-am-building-an-msc-data\outputs\nhs_rtt_msc_project\outputs\forecast_plots_by_trust\RMP_TAMESIDE_AND_GLOSSOP_INTEGRATED_CARE_NHS_FOUNDATION_TRUST.png
RET,THE WALTON CENTRE NHS FOUNDATION TRUST,C:\Users\DELL\Documents\Codex\2026-07-15\i-am-building-an-msc-data\outputs\nhs_rtt_msc_project\outputs\forecast_plots_by_trust\RET_THE_WALTON_CENTRE_NHS_FOUNDATION_TRUST.png
NYG,SUSSEX COMMUNITY DERMATOLOGY SERVICE,C:\Users\DELL\Documents\Codex\2026-07-15\i-am-building-an-msc-data\outputs\nhs_rtt_msc_project\outputs\forecast_plots_by_trust\NYG_SUSSEX_COMMUNITY_DERMATOLOGY_SERVICE.png
RYW,BIRMINGHAM COMMUNITY HEALTHCARE NHS FOUNDATION TRUST,C:\Users\DELL\Documents\Codex\2026-07-15\i-am-building-an-msc-data\outputs\nhs_rtt_msc_project\outputs\forecast_plots_by_trust\RYW_BIRMINGHAM_COMMUNITY_HEALTHCARE_NHS_FOUNDATION_TRUST.png
REP,LIVERPOOL WOMEN'S NHS FOUNDATION TRUST,C:\Users\DELL\Documents\Codex\2026-07-15\i-am-building-an-msc-data\outputs\nhs_rtt_msc_project\outputs\forecast_plots_by_trust\REP_LIVERPOOL_WOMEN_S_NHS_FOUNDATION_TRUST.png
RCF,AIREDALE NHS FOUNDATION TRUST,C:\Users\DELL\Documents\Codex\2026-07-15\i-am-building-an-msc-data\outputs\nhs_rtt_msc_project\outputs\forecast_plots_by_trust\RCF_AIREDALE_NHS_FOUNDATION_TRUST.png
R1F,ISLE OF WIGHT NHS TRUST,C:\Users\DELL\Documents\Codex\2026-07-15\i-am-building-an-msc-data\outputs\nhs_rtt_msc_project\outputs\forecast_plots_by_trust\R1F_ISLE_OF_WIGHT_NHS_TRUST.png
RRJ,THE ROYAL ORTHOPAEDIC HOSPITAL NHS FOUNDATION TRUST,C:\Users\DELL\Documents\Codex\2026-07-15\i-am-building-an-msc-data\outputs\nhs_rtt_msc_project\outputs\forecast_plots_by_trust\RRJ_THE_ROYAL_ORTHOPAEDIC_HOSPITAL_NHS_FOUNDATION_TRUST.png
RDR,SUSSEX COMMUNITY NHS FOUNDATION TRUST,C:\Users\DELL\Documents\Codex\2026-07-15\i-am-building-an-msc-data\outputs\nhs_rtt_msc_project\outputs\forecast_plots_by_trust\RDR_SUSSEX_COMMUNITY_NHS_FOUNDATION_TRUST.png
RWH,EAST AND NORTH HERTFORDSHIRE NHS TRUST,C:\Users\DELL\Documents\Codex\2026-07-15\i-am-building-an-msc-data\outputs\nhs_rtt_msc_project\outputs\forecast_plots_by_trust\RWH_EAST_AND_NORTH_HERTFORDSHIRE_NHS_TRUST.png
RR7,GATESHEAD HEALTH NHS FOUNDATION TRUST,C:\Users\DELL\Documents\Codex\2026-07-15\i-am-building-an-msc-data\outputs\nhs_rtt_msc_project\outputs\forecast_plots_by_trust\RR7_GATESHEAD_HEALTH_NHS_FOUNDATION_TRUST.png
NMG,CORA HEALTH MSK (FORMERLY CONNECT HEALTH LTD),C:\Users\DELL\Documents\Codex\2026-07-15\i-am-building-an-msc-data\outputs\nhs_rtt_msc_project\outputs\forecast_plots_by_trust\NMG_CORA_HEALTH_MSK_FORMERLY_CONNECT_HEALTH_LTD.png
RCU,SHEFFIELD CHILDREN'S NHS FOUNDATION TRUST,C:\Users\DELL\Documents\Codex\2026-07-15\i-am-building-an-msc-data\outputs\nhs_rtt_msc_project\outputs\forecast_plots_by_trust\RCU_SHEFFIELD_CHILDREN_S_NHS_FOUNDATION_TRUST.png
NTP11,PRACTICE PLUS GROUP HOSPITAL - SOUTHAMPTON,C:\Users\DELL\Documents\Codex\2026-07-15\i-am-building-an-msc-data\outputs\nhs_rtt_msc_project\outputs\forecast_plots_by_trust\NTP11_PRACTICE_PLUS_GROUP_HOSPITAL_-_SOUTHAMPTON.png
RP4,GREAT ORMOND STREET HOSPITAL FOR CHILDREN NHS FOUNDATION TRUST,C:\Users\DELL\Documents\Codex\2026-07-15\i-am-building-an-msc-data\outputs\nhs_rtt_msc_project\outputs\forecast_plots_by_trust\RP4_GREAT_ORMOND_STREET_HOSPITAL_FOR_CHILDREN_NHS_FOUNDATION_TRUST.png
RRE,MIDLANDS PARTNERSHIP UNIVERSITY NHS FOUNDATION TRUST,C:\Users\DELL\Documents\Codex\2026-07-15\i-am-building-an-msc-data\outputs\nhs_rtt_msc_project\outputs\forecast_plots_by_trust\RRE_MIDLANDS_PARTNERSHIP_UNIVERSITY_NHS_FOUNDATION_TRUST.png
RAN,ROYAL NATIONAL ORTHOPAEDIC HOSPITAL NHS TRUST,C:\Users\DELL\Documents\Codex\2026-07-15\i-am-building-an-msc-data\outputs\nhs_rtt_msc_project\outputs\forecast_plots_by_trust\RAN_ROYAL_NATIONAL_ORTHOPAEDIC_HOSPITAL_NHS_TRUST.png
R1D,SHROPSHIRE COMMUNITY HEALTH NHS TRUST,C:\Users\DELL\Documents\Codex\2026-07-15\i-am-building-an-msc-data\outputs\nhs_rtt_msc_project\outputs\forecast_plots_by_trust\R1D_SHROPSHIRE_COMMUNITY_HEALTH_NHS_TRUST.png
RA2,ROYAL SURREY COUNTY HOSPITAL NHS FOUNDATION TRUST,C:\Users\DELL\Documents\Codex\2026-07-15\i-am-building-an-msc-data\outputs\nhs_rtt_msc_project\outputs\forecast_plots_by_trust\RA2_ROYAL_SURREY_COUNTY_HOSPITAL_NHS_FOUNDATION_TRUST.png
NVC20,THE YORKSHIRE CLINIC,C:\Users\DELL\Documents\Codex\2026-07-15\i-am-building-an-msc-data\outputs\nhs_rtt_msc_project\outputs\forecast_plots_by_trust\NVC20_THE_YORKSHIRE_CLINIC.png
NLX,SIRONA CARE & HEALTH,C:\Users\DELL\Documents\Codex\2026-07-15\i-am-building-an-msc-data\outputs\nhs_rtt_msc_project\outputs\forecast_plots_by_trust\NLX_SIRONA_CARE_HEALTH.png
NVC06,FITZWILLIAM HOSPITAL,C:\Users\DELL\Documents\Codex\2026-07-15\i-am-building-an-msc-data\outputs\nhs_rtt_msc_project\outputs\forecast_plots_by_trust\NVC06_FITZWILLIAM_HOSPITAL.png
NNE,DORKING HEALTHCARE LIMITED (DHC),C:\Users\DELL\Documents\Codex\2026-07-15\i-am-building-an-msc-data\outputs\nhs_rtt_msc_project\outputs\forecast_plots_by_trust\NNE_DORKING_HEALTHCARE_LIMITED_DHC.png
RGM,ROYAL PAPWORTH HOSPITAL NHS FOUNDATION TRUST,C:\Users\DELL\Documents\Codex\2026-07-15\i-am-building-an-msc-data\outputs\nhs_rtt_msc_project\outputs\forecast_plots_by_trust\RGM_ROYAL_PAPWORTH_HOSPITAL_NHS_FOUNDATION_TRUST.png
RWW,NORTH CHESHIRE AND MERSEY NHS FOUNDATION TRUST,C:\Users\DELL\Documents\Codex\2026-07-15\i-am-building-an-msc-data\outputs\nhs_rtt_msc_project\outputs\forecast_plots_by_trust\RWW_NORTH_CHESHIRE_AND_MERSEY_NHS_FOUNDATION_TRUST.png
NMG,CONNECT HEALTH LIMITED,C:\Users\DELL\Documents\Codex\2026-07-15\i-am-building-an-msc-data\outputs\nhs_rtt_msc_project\outputs\forecast_plots_by_trust\NMG_CONNECT_HEALTH_LIMITED.png
NTP15,PRACTICE PLUS GROUP HOSPITAL - ILFORD,C:\Users\DELL\Documents\Codex\2026-07-15\i-am-building-an-msc-data\outputs\nhs_rtt_msc_project\outputs\forecast_plots_by_trust\NTP15_PRACTICE_PLUS_GROUP_HOSPITAL_-_ILFORD.png
RBQ,LIVERPOOL HEART AND CHEST HOSPITAL NHS FOUNDATION TRUST,C:\Users\DELL\Documents\Codex\2026-07-15\i-am-building-an-msc-data\outputs\nhs_rtt_msc_project\outputs\forecast_plots_by_trust\RBQ_LIVERPOOL_HEART_AND_CHEST_HOSPITAL_NHS_FOUNDATION_TRUST.png
NTPH2,PRACTICE PLUS GROUP HOSPITAL - EMERSONS GREEN,C:\Users\DELL\Documents\Codex\2026-07-15\i-am-building-an-msc-data\outputs\nhs_rtt_msc_project\outputs\forecast_plots_by_trust\NTPH2_PRACTICE_PLUS_GROUP_HOSPITAL_-_EMERSONS_GREEN.png
NVC23,WOODLAND HOSPITAL,C:\Users\DELL\Documents\Codex\2026-07-15\i-am-building-an-msc-data\outputs\nhs_rtt_msc_project\outputs\forecast_plots_by_trust\NVC23_WOODLAND_HOSPITAL.png
NVC16,RENACRES HOSPITAL,C:\Users\DELL\Documents\Codex\2026-07-15\i-am-building-an-msc-data\outputs\nhs_rtt_msc_project\outputs\forecast_plots_by_trust\NVC16_RENACRES_HOSPITAL.png
NVC18,SPRINGFIELD HOSPITAL,C:\Users\DELL\Documents\Codex\2026-07-15\i-am-building-an-msc-data\outputs\nhs_rtt_msc_project\outputs\forecast_plots_by_trust\NVC18_SPRINGFIELD_HOSPITAL.png
NVC07,FULWOOD HALL HOSPITAL,C:\Users\DELL\Documents\Codex\2026-07-15\i-am-building-an-msc-data\outputs\nhs_rtt_msc_project\outputs\forecast_plots_by_trust\NVC07_FULWOOD_HALL_HOSPITAL.png
RXG,SOUTH WEST YORKSHIRE PARTNERSHIP NHS FOUNDATION TRUST,C:\Users\DELL\Documents\Codex\2026-07-15\i-am-building-an-msc-data\outputs\nhs_rtt_msc_project\outputs\forecast_plots_by_trust\RXG_SOUTH_WEST_YORKSHIRE_PARTNERSHIP_NHS_FOUNDATION_TRUST.png
NVC19,RIVERS HOSPITAL,C:\Users\DELL\Documents\Codex\2026-07-15\i-am-building-an-msc-data\outputs\nhs_rtt_msc_project\outputs\forecast_plots_by_trust\NVC19_RIVERS_HOSPITAL.png
NVC0R,TEES VALLEY HOSPITAL,C:\Users\DELL\Documents\Codex\2026-07-15\i-am-building-an-msc-data\outputs\nhs_rtt_msc_project\outputs\forecast_plots_by_trust\NVC0R_TEES_VALLEY_HOSPITAL.png
RW1,HAMPSHIRE AND ISLE OF WIGHT HEALTHCARE NHS FOUNDATION TRUST,C:\Users\DELL\Documents\Codex\2026-07-15\i-am-building-an-msc-data\outputs\nhs_rtt_msc_project\outputs\forecast_plots_by_trust\RW1_HAMPSHIRE_AND_ISLE_OF_WIGHT_HEALTHCARE_NHS_FOUNDATION_TRUST.png
NT347,SPIRE FYLDE COAST HOSPITAL,C:\Users\DELL\Documents\Codex\2026-07-15\i-am-building-an-msc-data\outputs\nhs_rtt_msc_project\outputs\forecast_plots_by_trust\NT347_SPIRE_FYLDE_COAST_HOSPITAL.png
NVC12,OAKLANDS HOSPITAL,C:\Users\DELL\Documents\Codex\2026-07-15\i-am-building-an-msc-data\outputs\nhs_rtt_msc_project\outputs\forecast_plots_by_trust\NVC12_OAKLANDS_HOSPITAL.png
RYY,KENT COMMUNITY HEALTH NHS FOUNDATION TRUST,C:\Users\DELL\Documents\Codex\2026-07-15\i-am-building-an-msc-data\outputs\nhs_rtt_msc_project\outputs\forecast_plots_by_trust\RYY_KENT_COMMUNITY_HEALTH_NHS_FOUNDATION_TRUST.png
NT422,LONDON INDEPENDENT HOSPITAL,C:\Users\DELL\Documents\Codex\2026-07-15\i-am-building-an-msc-data\outputs\nhs_rtt_msc_project\outputs\forecast_plots_by_trust\NT422_LONDON_INDEPENDENT_HOSPITAL.png
NVC40,WOODTHORPE HOSPITAL,C:\Users\DELL\Documents\Codex\2026-07-15\i-am-building-an-msc-data\outputs\nhs_rtt_msc_project\outputs\forecast_plots_by_trust\NVC40_WOODTHORPE_HOSPITAL.png
NT441,THREE SHIRES HOSPITAL,C:\Users\DELL\Documents\Codex\2026-07-15\i-am-building-an-msc-data\outputs\nhs_rtt_msc_project\outputs\forecast_plots_by_trust\NT441_THREE_SHIRES_HOSPITAL.png
NVC44,THE WESTBOURNE CENTRE,C:\Users\DELL\Documents\Codex\2026-07-15\i-am-building-an-msc-data\outputs\nhs_rtt_msc_project\outputs\forecast_plots_by_trust\NVC44_THE_WESTBOURNE_CENTRE.png
NN8,SPENCER PRIVATE HOSPITALS LTD,C:\Users\DELL\Documents\Codex\2026-07-15\i-am-building-an-msc-data\outputs\nhs_rtt_msc_project\outputs\forecast_plots_by_trust\NN8_SPENCER_PRIVATE_HOSPITALS_LTD.png
NVC09,NEW HALL HOSPITAL,C:\Users\DELL\Documents\Codex\2026-07-15\i-am-building-an-msc-data\outputs\nhs_rtt_msc_project\outputs\forecast_plots_by_trust\NVC09_NEW_HALL_HOSPITAL.png
NVC1H,STOURSIDE HOSPITAL,C:\Users\DELL\Documents\Codex\2026-07-15\i-am-building-an-msc-data\outputs\nhs_rtt_msc_project\outputs\forecast_plots_by_trust\NVC1H_STOURSIDE_HOSPITAL.png
RW5,LANCASHIRE & SOUTH CUMBRIA NHS FOUNDATION TRUST,C:\Users\DELL\Documents\Codex\2026-07-15\i-am-building-an-msc-data\outputs\nhs_rtt_msc_project\outputs\forecast_plots_by_trust\RW5_LANCASHIRE_SOUTH_CUMBRIA_NHS_FOUNDATION_TRUST.png
RBV,THE CHRISTIE NHS FOUNDATION TRUST,C:\Users\DELL\Documents\Codex\2026-07-15\i-am-building-an-msc-data\outputs\nhs_rtt_msc_project\outputs\forecast_plots_by_trust\RBV_THE_CHRISTIE_NHS_FOUNDATION_TRUST.png
NVC05,EUXTON HALL HOSPITAL,C:\Users\DELL\Documents\Codex\2026-07-15\i-am-building-an-msc-data\outputs\nhs_rtt_msc_project\outputs\forecast_plots_by_trust\NVC05_EUXTON_HALL_HOSPITAL.png
NT337,SPIRE LIVERPOOL HOSPITAL,C:\Users\DELL\Documents\Codex\2026-07-15\i-am-building-an-msc-data\outputs\nhs_rtt_msc_project\outputs\forecast_plots_by_trust\NT337_SPIRE_LIVERPOOL_HOSPITAL.png
NVM,EPSOMEDICAL GROUP,C:\Users\DELL\Documents\Codex\2026-07-15\i-am-building-an-msc-data\outputs\nhs_rtt_msc_project\outputs\forecast_plots_by_trust\NVM_EPSOMEDICAL_GROUP.png
NT404,BEAUMONT HOSPITAL,C:\Users\DELL\Documents\Codex\2026-07-15\i-am-building-an-msc-data\outputs\nhs_rtt_msc_project\outputs\forecast_plots_by_trust\NT404_BEAUMONT_HOSPITAL.png
NTX,THE ONE HEALTH GROUP PLC,C:\Users\DELL\Documents\Codex\2026-07-15\i-am-building-an-msc-data\outputs\nhs_rtt_msc_project\outputs\forecast_plots_by_trust\NTX_THE_ONE_HEALTH_GROUP_PLC.png
NTPH1,PRACTICE PLUS GROUP HOSPITAL - SHEPTON MALLET,C:\Users\DELL\Documents\Codex\2026-07-15\i-am-building-an-msc-data\outputs\nhs_rtt_msc_project\outputs\forecast_plots_by_trust\NTPH1_PRACTICE_PLUS_GROUP_HOSPITAL_-_SHEPTON_MALLET.png
NTPH3,PRACTICE PLUS GROUP SURGICAL CENTRE - DEVIZES,C:\Users\DELL\Documents\Codex\2026-07-15\i-am-building-an-msc-data\outputs\nhs_rtt_msc_project\outputs\forecast_plots_by_trust\NTPH3_PRACTICE_PLUS_GROUP_SURGICAL_CENTRE_-_DEVIZES.png
NT314,SPIRE LONDON EAST,C:\Users\DELL\Documents\Codex\2026-07-15\i-am-building-an-msc-data\outputs\nhs_rtt_msc_project\outputs\forecast_plots_by_trust\NT314_SPIRE_LONDON_EAST.png
NVC17,ROWLEY HALL HOSPITAL,C:\Users\DELL\Documents\Codex\2026-07-15\i-am-building-an-msc-data\outputs\nhs_rtt_msc_project\outputs\forecast_plots_by_trust\NVC17_ROWLEY_HALL_HOSPITAL.png
NT351,SPIRE HULL AND EAST RIDING HOSPITAL,C:\Users\DELL\Documents\Codex\2026-07-15\i-am-building-an-msc-data\outputs\nhs_rtt_msc_project\outputs\forecast_plots_by_trust\NT351_SPIRE_HULL_AND_EAST_RIDING_HOSPITAL.png
NT457,WOODLANDS HOSPITAL,C:\Users\DELL\Documents\Codex\2026-07-15\i-am-building-an-msc-data\outputs\nhs_rtt_msc_project\outputs\forecast_plots_by_trust\NT457_WOODLANDS_HOSPITAL.png
NT403,BEARDWOOD HOSPITAL,C:\Users\DELL\Documents\Codex\2026-07-15\i-am-building-an-msc-data\outputs\nhs_rtt_msc_project\outputs\forecast_plots_by_trust\NT403_BEARDWOOD_HOSPITAL.png
NRP,BEACON MEDICAL SERVICES GROUP LIMITED,C:\Users\DELL\Documents\Codex\2026-07-15\i-am-building-an-msc-data\outputs\nhs_rtt_msc_project\outputs\forecast_plots_by_trust\NRP_BEACON_MEDICAL_SERVICES_GROUP_LIMITED.png
NVC08,MOUNT STUART HOSPITAL,C:\Users\DELL\Documents\Codex\2026-07-15\i-am-building-an-msc-data\outputs\nhs_rtt_msc_project\outputs\forecast_plots_by_trust\NVC08_MOUNT_STUART_HOSPITAL.png
NVC25,THE CHERWELL HOSPITAL,C:\Users\DELL\Documents\Codex\2026-07-15\i-am-building-an-msc-data\outputs\nhs_rtt_msc_project\outputs\forecast_plots_by_trust\NVC25_THE_CHERWELL_HOSPITAL.png
NVC27,BOSTON WEST HOSPITAL,C:\Users\DELL\Documents\Codex\2026-07-15\i-am-building-an-msc-data\outputs\nhs_rtt_msc_project\outputs\forecast_plots_by_trust\NVC27_BOSTON_WEST_HOSPITAL.png
NVC31,BLAKELANDS HOSPITAL,C:\Users\DELL\Documents\Codex\2026-07-15\i-am-building-an-msc-data\outputs\nhs_rtt_msc_project\outputs\forecast_plots_by_trust\NVC31_BLAKELANDS_HOSPITAL.png
NTE02,ST HUGH'S HOSPITAL,C:\Users\DELL\Documents\Codex\2026-07-15\i-am-building-an-msc-data\outputs\nhs_rtt_msc_project\outputs\forecast_plots_by_trust\NTE02_ST_HUGH_S_HOSPITAL.png
NTPAD,PRACTICE PLUS GROUP SURGICAL CENTRE - ST MARYS PORTSMOUTH,C:\Users\DELL\Documents\Codex\2026-07-15\i-am-building-an-msc-data\outputs\nhs_rtt_msc_project\outputs\forecast_plots_by_trust\NTPAD_PRACTICE_PLUS_GROUP_SURGICAL_CENTRE_-_ST_MARYS_PORTSMOUTH.png
NT411,CLEMENTINE CHURCHILL HOSPITAL,C:\Users\DELL\Documents\Codex\2026-07-15\i-am-building-an-msc-data\outputs\nhs_rtt_msc_project\outputs\forecast_plots_by_trust\NT411_CLEMENTINE_CHURCHILL_HOSPITAL.png
RPY,THE ROYAL MARSDEN NHS FOUNDATION TRUST,C:\Users\DELL\Documents\Codex\2026-07-15\i-am-building-an-msc-data\outputs\nhs_rtt_msc_project\outputs\forecast_plots_by_trust\RPY_THE_ROYAL_MARSDEN_NHS_FOUNDATION_TRUST.png
NVC04,DUCHY HOSPITAL,C:\Users\DELL\Documents\Codex\2026-07-15\i-am-building-an-msc-data\outputs\nhs_rtt_msc_project\outputs\forecast_plots_by_trust\NVC04_DUCHY_HOSPITAL.png
NTPH5,PRACTICE PLUS GROUP HOSPITAL - PLYMOUTH,C:\Users\DELL\Documents\Codex\2026-07-15\i-am-building-an-msc-data\outputs\nhs_rtt_msc_project\outputs\forecast_plots_by_trust\NTPH5_PRACTICE_PLUS_GROUP_HOSPITAL_-_PLYMOUTH.png
NT339,SPIRE REGENCY HOSPITAL,C:\Users\DELL\Documents\Codex\2026-07-15\i-am-building-an-msc-data\outputs\nhs_rtt_msc_project\outputs\forecast_plots_by_trust\NT339_SPIRE_REGENCY_HOSPITAL.png
RPG,OXLEAS NHS FOUNDATION TRUST,C:\Users\DELL\Documents\Codex\2026-07-15\i-am-building-an-msc-data\outputs\nhs_rtt_msc_project\outputs\forecast_plots_by_trust\RPG_OXLEAS_NHS_FOUNDATION_TRUST.png
NTP13,PRACTICE PLUS GROUP HOSPITAL - BARLBOROUGH,C:\Users\DELL\Documents\Codex\2026-07-15\i-am-building-an-msc-data\outputs\nhs_rtt_msc_project\outputs\forecast_plots_by_trust\NTP13_PRACTICE_PLUS_GROUP_HOSPITAL_-_BARLBOROUGH.png
NT424,MERIDEN HOSPITAL,C:\Users\DELL\Documents\Codex\2026-07-15\i-am-building-an-msc-data\outputs\nhs_rtt_msc_project\outputs\forecast_plots_by_trust\NT424_MERIDEN_HOSPITAL.png
NT427,PARK HOSPITAL,C:\Users\DELL\Documents\Codex\2026-07-15\i-am-building-an-msc-data\outputs\nhs_rtt_msc_project\outputs\forecast_plots_by_trust\NT427_PARK_HOSPITAL.png
NCN,DMC HEALTHCARE,C:\Users\DELL\Documents\Codex\2026-07-15\i-am-building-an-msc-data\outputs\nhs_rtt_msc_project\outputs\forecast_plots_by_trust\NCN_DMC_HEALTHCARE.png
NVC29,COBALT HOSPITAL,C:\Users\DELL\Documents\Codex\2026-07-15\i-am-building-an-msc-data\outputs\nhs_rtt_msc_project\outputs\forecast_plots_by_trust\NVC29_COBALT_HOSPITAL.png
NT412,DROITWICH SPA HOSPITAL,C:\Users\DELL\Documents\Codex\2026-07-15\i-am-building-an-msc-data\outputs\nhs_rtt_msc_project\outputs\forecast_plots_by_trust\NT412_DROITWICH_SPA_HOSPITAL.png
NTPAE,PRACTICE PLUS GROUP OPHTHALMOLOGY - NORTH WEST,C:\Users\DELL\Documents\Codex\2026-07-15\i-am-building-an-msc-data\outputs\nhs_rtt_msc_project\outputs\forecast_plots_by_trust\NTPAE_PRACTICE_PLUS_GROUP_OPHTHALMOLOGY_-_NORTH_WEST.png
AHP,ST MICHAEL'S CLINIC LIMITED,C:\Users\DELL\Documents\Codex\2026-07-15\i-am-building-an-msc-data\outputs\nhs_rtt_msc_project\outputs\forecast_plots_by_trust\AHP_ST_MICHAEL_S_CLINIC_LIMITED.png
NVC28,CLIFTON PARK HOSPITAL,C:\Users\DELL\Documents\Codex\2026-07-15\i-am-building-an-msc-data\outputs\nhs_rtt_msc_project\outputs\forecast_plots_by_trust\NVC28_CLIFTON_PARK_HOSPITAL.png
NVC11,NORTH DOWNS HOSPITAL,C:\Users\DELL\Documents\Codex\2026-07-15\i-am-building-an-msc-data\outputs\nhs_rtt_msc_project\outputs\forecast_plots_by_trust\NVC11_NORTH_DOWNS_HOSPITAL.png
NVC15,PINEHILL HOSPITAL,C:\Users\DELL\Documents\Codex\2026-07-15\i-am-building-an-msc-data\outputs\nhs_rtt_msc_project\outputs\forecast_plots_by_trust\NVC15_PINEHILL_HOSPITAL.png
NT333,SPIRE WASHINGTON HOSPITAL,C:\Users\DELL\Documents\Codex\2026-07-15\i-am-building-an-msc-data\outputs\nhs_rtt_msc_project\outputs\forecast_plots_by_trust\NT333_SPIRE_WASHINGTON_HOSPITAL.png
NT406,BLACKHEATH HOSPITAL,C:\Users\DELL\Documents\Codex\2026-07-15\i-am-building-an-msc-data\outputs\nhs_rtt_msc_project\outputs\forecast_plots_by_trust\NT406_BLACKHEATH_HOSPITAL.png
NWF01,BENENDEN HOSPITAL,C:\Users\DELL\Documents\Codex\2026-07-15\i-am-building-an-msc-data\outputs\nhs_rtt_msc_project\outputs\forecast_plots_by_trust\NWF01_BENENDEN_HOSPITAL.png
NT348,SPIRE ELLAND HOSPITAL,C:\Users\DELL\Documents\Codex\2026-07-15\i-am-building-an-msc-data\outputs\nhs_rtt_msc_project\outputs\forecast_plots_by_trust\NT348_SPIRE_ELLAND_HOSPITAL.png
NT237,"NUFFIELD HEALTH, TEES HOSPITAL",C:\Users\DELL\Documents\Codex\2026-07-15\i-am-building-an-msc-data\outputs\nhs_rtt_msc_project\outputs\forecast_plots_by_trust\NT237_NUFFIELD_HEALTH_TEES_HOSPITAL.png
NT320,SPIRE PARKWAY HOSPITAL,C:\Users\DELL\Documents\Codex\2026-07-15\i-am-building-an-msc-data\outputs\nhs_rtt_msc_project\outputs\forecast_plots_by_trust\NT320_SPIRE_PARKWAY_HOSPITAL.png
NT324,SPIRE CHESHIRE HOSPITAL,C:\Users\DELL\Documents\Codex\2026-07-15\i-am-building-an-msc-data\outputs\nhs_rtt_msc_project\outputs\forecast_plots_by_trust\NT324_SPIRE_CHESHIRE_HOSPITAL.png
NN4,TYNESIDE SURGICAL SERVICES LTD,C:\Users\DELL\Documents\Codex\2026-07-15\i-am-building-an-msc-data\outputs\nhs_rtt_msc_project\outputs\forecast_plots_by_trust\NN4_TYNESIDE_SURGICAL_SERVICES_LTD.png
NVC22,WINFIELD HOSPITAL,C:\Users\DELL\Documents\Codex\2026-07-15\i-am-building-an-msc-data\outputs\nhs_rtt_msc_project\outputs\forecast_plots_by_trust\NVC22_WINFIELD_HOSPITAL.png
NT490,SOUTHEND PRIVATE HOSPITAL,C:\Users\DELL\Documents\Codex\2026-07-15\i-am-building-an-msc-data\outputs\nhs_rtt_msc_project\outputs\forecast_plots_by_trust\NT490_SOUTHEND_PRIVATE_HOSPITAL.png
ADP02,KIMS HOSPITAL (NEWNHAM COURT),C:\Users\DELL\Documents\Codex\2026-07-15\i-am-building-an-msc-data\outputs\nhs_rtt_msc_project\outputs\forecast_plots_by_trust\ADP02_KIMS_HOSPITAL_NEWNHAM_COURT.png
NT321,SPIRE LITTLE ASTON HOSPITAL,C:\Users\DELL\Documents\Codex\2026-07-15\i-am-building-an-msc-data\outputs\nhs_rtt_msc_project\outputs\forecast_plots_by_trust\NT321_SPIRE_LITTLE_ASTON_HOSPITAL.png
NT451,CAVELL HOSPITAL,C:\Users\DELL\Documents\Codex\2026-07-15\i-am-building-an-msc-data\outputs\nhs_rtt_msc_project\outputs\forecast_plots_by_trust\NT451_CAVELL_HOSPITAL.png
NFH,SOMERSET SURGICAL SERVICES HQ,C:\Users\DELL\Documents\Codex\2026-07-15\i-am-building-an-msc-data\outputs\nhs_rtt_msc_project\outputs\forecast_plots_by_trust\NFH_SOMERSET_SURGICAL_SERVICES_HQ.png
NT319,SPIRE HARTSWOOD HOSPITAL,C:\Users\DELL\Documents\Codex\2026-07-15\i-am-building-an-msc-data\outputs\nhs_rtt_msc_project\outputs\forecast_plots_by_trust\NT319_SPIRE_HARTSWOOD_HOSPITAL.png
NCR,ISIGHT,C:\Users\DELL\Documents\Codex\2026-07-15\i-am-building-an-msc-data\outputs\nhs_rtt_msc_project\outputs\forecast_plots_by_trust\NCR_ISIGHT.png
NT450,LINCOLN PRIVATE HOSPITAL,C:\Users\DELL\Documents\Codex\2026-07-15\i-am-building-an-msc-data\outputs\nhs_rtt_msc_project\outputs\forecast_plots_by_trust\NT450_LINCOLN_PRIVATE_HOSPITAL.png
NT312,SPIRE ALEXANDRA HOSPITAL,C:\Users\DELL\Documents\Codex\2026-07-15\i-am-building-an-msc-data\outputs\nhs_rtt_msc_project\outputs\forecast_plots_by_trust\NT312_SPIRE_ALEXANDRA_HOSPITAL.png
NXM01,THE HORDER CENTRE - ST JOHNS ROAD,C:\Users\DELL\Documents\Codex\2026-07-15\i-am-building-an-msc-data\outputs\nhs_rtt_msc_project\outputs\forecast_plots_by_trust\NXM01_THE_HORDER_CENTRE_-_ST_JOHNS_ROAD.png
ACG24,NEWMEDICA - TEESSIDE - NORTH ORMESBY,C:\Users\DELL\Documents\Codex\2026-07-15\i-am-building-an-msc-data\outputs\nhs_rtt_msc_project\outputs\forecast_plots_by_trust\ACG24_NEWMEDICA_-_TEESSIDE_-_NORTH_ORMESBY.png
NL8,LOCALA COMMUNITY PARTNERSHIPS CIC,C:\Users\DELL\Documents\Codex\2026-07-15\i-am-building-an-msc-data\outputs\nhs_rtt_msc_project\outputs\forecast_plots_by_trust\NL8_LOCALA_COMMUNITY_PARTNERSHIPS_CIC.png
NT416,HENDON HOSPITAL,C:\Users\DELL\Documents\Codex\2026-07-15\i-am-building-an-msc-data\outputs\nhs_rtt_msc_project\outputs\forecast_plots_by_trust\NT416_HENDON_HOSPITAL.png
NV1,INHEALTH LIMITED,C:\Users\DELL\Documents\Codex\2026-07-15\i-am-building-an-msc-data\outputs\nhs_rtt_msc_project\outputs\forecast_plots_by_trust\NV1_INHEALTH_LIMITED.png
NT308,SPIRE GATWICK PARK HOSPITAL,C:\Users\DELL\Documents\Codex\2026-07-15\i-am-building-an-msc-data\outputs\nhs_rtt_msc_project\outputs\forecast_plots_by_trust\NT308_SPIRE_GATWICK_PARK_HOSPITAL.png
NT313,SPIRE WELLESLEY HOSPITAL,C:\Users\DELL\Documents\Codex\2026-07-15\i-am-building-an-msc-data\outputs\nhs_rtt_msc_project\outputs\forecast_plots_by_trust\NT313_SPIRE_WELLESLEY_HOSPITAL.png
L0D9W,NEWMEDICA - GLOUCESTER (BRIGHOUSE COURT),C:\Users\DELL\Documents\Codex\2026-07-15\i-am-building-an-msc-data\outputs\nhs_rtt_msc_project\outputs\forecast_plots_by_trust\L0D9W_NEWMEDICA_-_GLOUCESTER_BRIGHOUSE_COURT.png
NT230,"NUFFIELD HEALTH, NORTH STAFFORDSHIRE HOSPITAL",C:\Users\DELL\Documents\Codex\2026-07-15\i-am-building-an-msc-data\outputs\nhs_rtt_msc_project\outputs\forecast_plots_by_trust\NT230_NUFFIELD_HEALTH_NORTH_STAFFORDSHIRE_HOSPITAL.png
NT327,SPIRE MANCHESTER HOSPITAL,C:\Users\DELL\Documents\Codex\2026-07-15\i-am-building-an-msc-data\outputs\nhs_rtt_msc_project\outputs\forecast_plots_by_trust\NT327_SPIRE_MANCHESTER_HOSPITAL.png
NVC0I,BEACON PARK HOSPITAL,C:\Users\DELL\Documents\Codex\2026-07-15\i-am-building-an-msc-data\outputs\nhs_rtt_msc_project\outputs\forecast_plots_by_trust\NVC0I_BEACON_PARK_HOSPITAL.png
NVC02,THE BERKSHIRE INDEPENDENT HOSPITAL,C:\Users\DELL\Documents\Codex\2026-07-15\i-am-building-an-msc-data\outputs\nhs_rtt_msc_project\outputs\forecast_plots_by_trust\NVC02_THE_BERKSHIRE_INDEPENDENT_HOSPITAL.png
NT421,KINGS OAK HOSPITAL,C:\Users\DELL\Documents\Codex\2026-07-15\i-am-building-an-msc-data\outputs\nhs_rtt_msc_project\outputs\forecast_plots_by_trust\NT421_KINGS_OAK_HOSPITAL.png
NT213,"NUFFIELD HEALTH, DERBY HOSPITAL",C:\Users\DELL\Documents\Codex\2026-07-15\i-am-building-an-msc-data\outputs\nhs_rtt_msc_project\outputs\forecast_plots_by_trust\NT213_NUFFIELD_HEALTH_DERBY_HOSPITAL.png
ACG12,NEWMEDICA COMMUNITY OPHTHALMOLOGY - NORTH EAST LINCOLNSHIRE - GRIMSBY,C:\Users\DELL\Documents\Codex\2026-07-15\i-am-building-an-msc-data\outputs\nhs_rtt_msc_project\outputs\forecast_plots_by_trust\ACG12_NEWMEDICA_COMMUNITY_OPHTHALMOLOGY_-_NORTH_EAST_LINCOLNSHIRE_-_GRIMSBY.png
NAM01,PROBUS SURGICAL CENTRE,C:\Users\DELL\Documents\Codex\2026-07-15\i-am-building-an-msc-data\outputs\nhs_rtt_msc_project\outputs\forecast_plots_by_trust\NAM01_PROBUS_SURGICAL_CENTRE.png
NT350,SPIRE METHLEY PARK HOSPITAL,C:\Users\DELL\Documents\Codex\2026-07-15\i-am-building-an-msc-data\outputs\nhs_rtt_msc_project\outputs\forecast_plots_by_trust\NT350_SPIRE_METHLEY_PARK_HOSPITAL.png
NT315,SPIRE BUSHEY HOSPITAL,C:\Users\DELL\Documents\Codex\2026-07-15\i-am-building-an-msc-data\outputs\nhs_rtt_msc_project\outputs\forecast_plots_by_trust\NT315_SPIRE_BUSHEY_HOSPITAL.png
NXP,INDEPENDENT HEALTH GROUP,C:\Users\DELL\Documents\Codex\2026-07-15\i-am-building-an-msc-data\outputs\nhs_rtt_msc_project\outputs\forecast_plots_by_trust\NXP_INDEPENDENT_HEALTH_GROUP.png
NT245,"NUFFIELD HEALTH, YORK HOSPITAL",C:\Users\DELL\Documents\Codex\2026-07-15\i-am-building-an-msc-data\outputs\nhs_rtt_msc_project\outputs\forecast_plots_by_trust\NT245_NUFFIELD_HEALTH_YORK_HOSPITAL.png
DFQ,NORWICH & NORFOLK SURGICAL LTD (N2S),C:\Users\DELL\Documents\Codex\2026-07-15\i-am-building-an-msc-data\outputs\nhs_rtt_msc_project\outputs\forecast_plots_by_trust\DFQ_NORWICH_NORFOLK_SURGICAL_LTD_N2S.png
NTP16,PRACTICE PLUS GROUP SURGICAL CENTRE - GILLINGHAM,C:\Users\DELL\Documents\Codex\2026-07-15\i-am-building-an-msc-data\outputs\nhs_rtt_msc_project\outputs\forecast_plots_by_trust\NTP16_PRACTICE_PLUS_GROUP_SURGICAL_CENTRE_-_GILLINGHAM.png
NT332,SPIRE LEEDS HOSPITAL,C:\Users\DELL\Documents\Codex\2026-07-15\i-am-building-an-msc-data\outputs\nhs_rtt_msc_project\outputs\forecast_plots_by_trust\NT332_SPIRE_LEEDS_HOSPITAL.png
NT322,SPIRE LEICESTER HOSPITAL,C:\Users\DELL\Documents\Codex\2026-07-15\i-am-building-an-msc-data\outputs\nhs_rtt_msc_project\outputs\forecast_plots_by_trust\NT322_SPIRE_LEICESTER_HOSPITAL.png
NVC01,ASHTEAD HOSPITAL,C:\Users\DELL\Documents\Codex\2026-07-15\i-am-building-an-msc-data\outputs\nhs_rtt_msc_project\outputs\forecast_plots_by_trust\NVC01_ASHTEAD_HOSPITAL.png
NLE01,LANCASTER HOUSE CONSULTING DIAGNOSTICS SURGICAL LTD HQ,C:\Users\DELL\Documents\Codex\2026-07-15\i-am-building-an-msc-data\outputs\nhs_rtt_msc_project\outputs\forecast_plots_by_trust\NLE01_LANCASTER_HOUSE_CONSULTING_DIAGNOSTICS_SURGICAL_LTD_HQ.png
ACG37,NEWMEDICA - IPSWICH,C:\Users\DELL\Documents\Codex\2026-07-15\i-am-building-an-msc-data\outputs\nhs_rtt_msc_project\outputs\forecast_plots_by_trust\ACG37_NEWMEDICA_-_IPSWICH.png
NT420,HIGHFIELD HOSPITAL,C:\Users\DELL\Documents\Codex\2026-07-15\i-am-building-an-msc-data\outputs\nhs_rtt_msc_project\outputs\forecast_plots_by_trust\NT420_HIGHFIELD_HOSPITAL.png
NQH,NOVUS HEALTH LTD,C:\Users\DELL\Documents\Codex\2026-07-15\i-am-building-an-msc-data\outputs\nhs_rtt_msc_project\outputs\forecast_plots_by_trust\NQH_NOVUS_HEALTH_LTD.png
NT417,GORING HALL HOSPITAL,C:\Users\DELL\Documents\Codex\2026-07-15\i-am-building-an-msc-data\outputs\nhs_rtt_msc_project\outputs\forecast_plots_by_trust\NT417_GORING_HALL_HOSPITAL.png
NT233,"NUFFIELD HEALTH, PLYMOUTH HOSPITAL",C:\Users\DELL\Documents\Codex\2026-07-15\i-am-building-an-msc-data\outputs\nhs_rtt_msc_project\outputs\forecast_plots_by_trust\NT233_NUFFIELD_HEALTH_PLYMOUTH_HOSPITAL.png
ACG22,NEWMEDICA - BRIGG - RIVERSIDE SURGERY,C:\Users\DELL\Documents\Codex\2026-07-15\i-am-building-an-msc-data\outputs\nhs_rtt_msc_project\outputs\forecast_plots_by_trust\ACG22_NEWMEDICA_-_BRIGG_-_RIVERSIDE_SURGERY.png
NT436,SHIRLEY OAKS HOSPITAL,C:\Users\DELL\Documents\Codex\2026-07-15\i-am-building-an-msc-data\outputs\nhs_rtt_msc_project\outputs\forecast_plots_by_trust\NT436_SHIRLEY_OAKS_HOSPITAL.png
NT408,CHAUCER HOSPITAL,C:\Users\DELL\Documents\Codex\2026-07-15\i-am-building-an-msc-data\outputs\nhs_rtt_msc_project\outputs\forecast_plots_by_trust\NT408_CHAUCER_HOSPITAL.png
NT301,SPIRE SOUTH BANK HOSPITAL,C:\Users\DELL\Documents\Codex\2026-07-15\i-am-building-an-msc-data\outputs\nhs_rtt_msc_project\outputs\forecast_plots_by_trust\NT301_SPIRE_SOUTH_BANK_HOSPITAL.png
NT401,ALEXANDRA HOSPITAL,C:\Users\DELL\Documents\Codex\2026-07-15\i-am-building-an-msc-data\outputs\nhs_rtt_msc_project\outputs\forecast_plots_by_trust\NT401_ALEXANDRA_HOSPITAL.png
NVC13,OAKS HOSPITAL,C:\Users\DELL\Documents\Codex\2026-07-15\i-am-building-an-msc-data\outputs\nhs_rtt_msc_project\outputs\forecast_plots_by_trust\NVC13_OAKS_HOSPITAL.png
NT437,SLOANE HOSPITAL,C:\Users\DELL\Documents\Codex\2026-07-15\i-am-building-an-msc-data\outputs\nhs_rtt_msc_project\outputs\forecast_plots_by_trust\NT437_SLOANE_HOSPITAL.png
NT205,"NUFFIELD HEALTH, BRIGHTON HOSPITAL",C:\Users\DELL\Documents\Codex\2026-07-15\i-am-building-an-msc-data\outputs\nhs_rtt_msc_project\outputs\forecast_plots_by_trust\NT205_NUFFIELD_HEALTH_BRIGHTON_HOSPITAL.png
NT3X3,SPIRE ST ANTHONY'S HOSPITAL,C:\Users\DELL\Documents\Codex\2026-07-15\i-am-building-an-msc-data\outputs\nhs_rtt_msc_project\outputs\forecast_plots_by_trust\NT3X3_SPIRE_ST_ANTHONY_S_HOSPITAL.png
NT448,HUDDERSFIELD PRIVATE HOSPITAL,C:\Users\DELL\Documents\Codex\2026-07-15\i-am-building-an-msc-data\outputs\nhs_rtt_msc_project\outputs\forecast_plots_by_trust\NT448_HUDDERSFIELD_PRIVATE_HOSPITAL.png
NT364,SPIRE MONTEFIORE HOSPITAL,C:\Users\DELL\Documents\Codex\2026-07-15\i-am-building-an-msc-data\outputs\nhs_rtt_msc_project\outputs\forecast_plots_by_trust\NT364_SPIRE_MONTEFIORE_HOSPITAL.png
NT409,CHELSFIELD PARK HOSPITAL,C:\Users\DELL\Documents\Codex\2026-07-15\i-am-building-an-msc-data\outputs\nhs_rtt_msc_project\outputs\forecast_plots_by_trust\NT409_CHELSFIELD_PARK_HOSPITAL.png
ACG31,NEWMEDICA - WORCESTER,C:\Users\DELL\Documents\Codex\2026-07-15\i-am-building-an-msc-data\outputs\nhs_rtt_msc_project\outputs\forecast_plots_by_trust\ACG31_NEWMEDICA_-_WORCESTER.png
NT402,BATH CLINIC,C:\Users\DELL\Documents\Codex\2026-07-15\i-am-building-an-msc-data\outputs\nhs_rtt_msc_project\outputs\forecast_plots_by_trust\NT402_BATH_CLINIC.png
NT302,SPIRE BRISTOL HOSPITAL,C:\Users\DELL\Documents\Codex\2026-07-15\i-am-building-an-msc-data\outputs\nhs_rtt_msc_project\outputs\forecast_plots_by_trust\NT302_SPIRE_BRISTOL_HOSPITAL.png
NVC14,PARK HILL HOSPITAL,C:\Users\DELL\Documents\Codex\2026-07-15\i-am-building-an-msc-data\outputs\nhs_rtt_msc_project\outputs\forecast_plots_by_trust\NVC14_PARK_HILL_HOSPITAL.png
NT325,SPIRE MURRAYFIELD HOSPITAL,C:\Users\DELL\Documents\Codex\2026-07-15\i-am-building-an-msc-data\outputs\nhs_rtt_msc_project\outputs\forecast_plots_by_trust\NT325_SPIRE_MURRAYFIELD_HOSPITAL.png
NT423,MANOR HOSPITAL,C:\Users\DELL\Documents\Codex\2026-07-15\i-am-building-an-msc-data\outputs\nhs_rtt_msc_project\outputs\forecast_plots_by_trust\NT423_MANOR_HOSPITAL.png
NT212,"NUFFIELD HEALTH, CHICHESTER HOSPITAL",C:\Users\DELL\Documents\Codex\2026-07-15\i-am-building-an-msc-data\outputs\nhs_rtt_msc_project\outputs\forecast_plots_by_trust\NT212_NUFFIELD_HEALTH_CHICHESTER_HOSPITAL.png
NT30A,SPIRE NOTTINGHAM HOSPITAL,C:\Users\DELL\Documents\Codex\2026-07-15\i-am-building-an-msc-data\outputs\nhs_rtt_msc_project\outputs\forecast_plots_by_trust\NT30A_SPIRE_NOTTINGHAM_HOSPITAL.png
NT434,SAXON CLINIC,C:\Users\DELL\Documents\Codex\2026-07-15\i-am-building-an-msc-data\outputs\nhs_rtt_msc_project\outputs\forecast_plots_by_trust\NT434_SAXON_CLINIC.png
NT206,"NUFFIELD HEALTH, BRISTOL HOSPITAL (CHESTERFIELD)",C:\Users\DELL\Documents\Codex\2026-07-15\i-am-building-an-msc-data\outputs\nhs_rtt_msc_project\outputs\forecast_plots_by_trust\NT206_NUFFIELD_HEALTH_BRISTOL_HOSPITAL_CHESTERFIELD.png
ACG19,NEWMEDICA COMMUNITY OPHTHALMOLOGY - LEEDS,C:\Users\DELL\Documents\Codex\2026-07-15\i-am-building-an-msc-data\outputs\nhs_rtt_msc_project\outputs\forecast_plots_by_trust\ACG19_NEWMEDICA_COMMUNITY_OPHTHALMOLOGY_-_LEEDS.png
L6O7H,SPAMEDICA POOLE,C:\Users\DELL\Documents\Codex\2026-07-15\i-am-building-an-msc-data\outputs\nhs_rtt_msc_project\outputs\forecast_plots_by_trust\L6O7H_SPAMEDICA_POOLE.png
NT440,THORNBURY HOSPITAL,C:\Users\DELL\Documents\Codex\2026-07-15\i-am-building-an-msc-data\outputs\nhs_rtt_msc_project\outputs\forecast_plots_by_trust\NT440_THORNBURY_HOSPITAL.png
NWV01,COHESE HEALTHCARE,C:\Users\DELL\Documents\Codex\2026-07-15\i-am-building-an-msc-data\outputs\nhs_rtt_msc_project\outputs\forecast_plots_by_trust\NWV01_COHESE_HEALTHCARE.png
NT316,SPIRE HARPENDEN HOSPITAL,C:\Users\DELL\Documents\Codex\2026-07-15\i-am-building-an-msc-data\outputs\nhs_rtt_msc_project\outputs\forecast_plots_by_trust\NT316_SPIRE_HARPENDEN_HOSPITAL.png
ACG40,NEWMEDICA - WAKEFIELD,C:\Users\DELL\Documents\Codex\2026-07-15\i-am-building-an-msc-data\outputs\nhs_rtt_msc_project\outputs\forecast_plots_by_trust\ACG40_NEWMEDICA_-_WAKEFIELD.png
NT446,ST EDMUNDS HOSPITAL,C:\Users\DELL\Documents\Codex\2026-07-15\i-am-building-an-msc-data\outputs\nhs_rtt_msc_project\outputs\forecast_plots_by_trust\NT446_ST_EDMUNDS_HOSPITAL.png
NEQ,PHOENIX HEALTH SOLUTIONS LIMITED HQ,C:\Users\DELL\Documents\Codex\2026-07-15\i-am-building-an-msc-data\outputs\nhs_rtt_msc_project\outputs\forecast_plots_by_trust\NEQ_PHOENIX_HEALTH_SOLUTIONS_LIMITED_HQ.png
TAD,BRADFORD DISTRICT CARE NHS FOUNDATION TRUST,C:\Users\DELL\Documents\Codex\2026-07-15\i-am-building-an-msc-data\outputs\nhs_rtt_msc_project\outputs\forecast_plots_by_trust\TAD_BRADFORD_DISTRICT_CARE_NHS_FOUNDATION_TRUST.png
NPG11,SPAMEDICA BIRMINGHAM,C:\Users\DELL\Documents\Codex\2026-07-15\i-am-building-an-msc-data\outputs\nhs_rtt_msc_project\outputs\forecast_plots_by_trust\NPG11_SPAMEDICA_BIRMINGHAM.png
NT214,"NUFFIELD HEALTH, WESSEX HOSPITAL",C:\Users\DELL\Documents\Codex\2026-07-15\i-am-building-an-msc-data\outputs\nhs_rtt_msc_project\outputs\forecast_plots_by_trust\NT214_NUFFIELD_HEALTH_WESSEX_HOSPITAL.png
NVC21,WEST MIDLANDS HOSPITAL,C:\Users\DELL\Documents\Codex\2026-07-15\i-am-building-an-msc-data\outputs\nhs_rtt_msc_project\outputs\forecast_plots_by_trust\NVC21_WEST_MIDLANDS_HOSPITAL.png
NT405,BISHOPS WOOD HOSPITAL,C:\Users\DELL\Documents\Codex\2026-07-15\i-am-building-an-msc-data\outputs\nhs_rtt_msc_project\outputs\forecast_plots_by_trust\NT405_BISHOPS_WOOD_HOSPITAL.png
NT242,"NUFFIELD HEALTH, WOLVERHAMPTON HOSPITAL",C:\Users\DELL\Documents\Codex\2026-07-15\i-am-building-an-msc-data\outputs\nhs_rtt_msc_project\outputs\forecast_plots_by_trust\NT242_NUFFIELD_HEALTH_WOLVERHAMPTON_HOSPITAL.png
NT429,PRIORY HOSPITAL,C:\Users\DELL\Documents\Codex\2026-07-15\i-am-building-an-msc-data\outputs\nhs_rtt_msc_project\outputs\forecast_plots_by_trust\NT429_PRIORY_HOSPITAL.png
NPG16,SPAMEDICA CHELMSFORD,C:\Users\DELL\Documents\Codex\2026-07-15\i-am-building-an-msc-data\outputs\nhs_rtt_msc_project\outputs\forecast_plots_by_trust\NPG16_SPAMEDICA_CHELMSFORD.png
NPG20,SPAMEDICA WOLVERHAMPTON,C:\Users\DELL\Documents\Codex\2026-07-15\i-am-building-an-msc-data\outputs\nhs_rtt_msc_project\outputs\forecast_plots_by_trust\NPG20_SPAMEDICA_WOLVERHAMPTON.png
B4N1U,SPAMEDICA ROMFORD,C:\Users\DELL\Documents\Codex\2026-07-15\i-am-building-an-msc-data\outputs\nhs_rtt_msc_project\outputs\forecast_plots_by_trust\B4N1U_SPAMEDICA_ROMFORD.png
NT229,"NUFFIELD HEALTH, NEWCASTLE UPON TYNE HOSPITAL",C:\Users\DELL\Documents\Codex\2026-07-15\i-am-building-an-msc-data\outputs\nhs_rtt_msc_project\outputs\forecast_plots_by_trust\NT229_NUFFIELD_HEALTH_NEWCASTLE_UPON_TYNE_HOSPITAL.png
NPG08,SPAMEDICA BOLTON,C:\Users\DELL\Documents\Codex\2026-07-15\i-am-building-an-msc-data\outputs\nhs_rtt_msc_project\outputs\forecast_plots_by_trust\NPG08_SPAMEDICA_BOLTON.png
REN,THE CLATTERBRIDGE CANCER CENTRE NHS FOUNDATION TRUST,C:\Users\DELL\Documents\Codex\2026-07-15\i-am-building-an-msc-data\outputs\nhs_rtt_msc_project\outputs\forecast_plots_by_trust\REN_THE_CLATTERBRIDGE_CANCER_CENTRE_NHS_FOUNDATION_TRUST.png
NT215,"NUFFIELD HEALTH, EXETER HOSPITAL",C:\Users\DELL\Documents\Codex\2026-07-15\i-am-building-an-msc-data\outputs\nhs_rtt_msc_project\outputs\forecast_plots_by_trust\NT215_NUFFIELD_HEALTH_EXETER_HOSPITAL.png
B9M3W,SPAMEDICA SOUTHAMPTON,C:\Users\DELL\Documents\Codex\2026-07-15\i-am-building-an-msc-data\outputs\nhs_rtt_msc_project\outputs\forecast_plots_by_trust\B9M3W_SPAMEDICA_SOUTHAMPTON.png
NPG07,SPAMEDICA EYE HOSPITAL (WAKEFIELD),C:\Users\DELL\Documents\Codex\2026-07-15\i-am-building-an-msc-data\outputs\nhs_rtt_msc_project\outputs\forecast_plots_by_trust\NPG07_SPAMEDICA_EYE_HOSPITAL_WAKEFIELD.png
NT305,SPIRE PORTSMOUTH HOSPITAL,C:\Users\DELL\Documents\Codex\2026-07-15\i-am-building-an-msc-data\outputs\nhs_rtt_msc_project\outputs\forecast_plots_by_trust\NT305_SPIRE_PORTSMOUTH_HOSPITAL.png
NT410,CHILTERN HOSPITAL,C:\Users\DELL\Documents\Codex\2026-07-15\i-am-building-an-msc-data\outputs\nhs_rtt_msc_project\outputs\forecast_plots_by_trust\NT410_CHILTERN_HOSPITAL.png
NPG21,SPAMEDICA COVENTRY,C:\Users\DELL\Documents\Codex\2026-07-15\i-am-building-an-msc-data\outputs\nhs_rtt_msc_project\outputs\forecast_plots_by_trust\NPG21_SPAMEDICA_COVENTRY.png
NT218,"NUFFIELD HEALTH, HAYWARDS HEATH HOSPITAL",C:\Users\DELL\Documents\Codex\2026-07-15\i-am-building-an-msc-data\outputs\nhs_rtt_msc_project\outputs\forecast_plots_by_trust\NT218_NUFFIELD_HEALTH_HAYWARDS_HEATH_HOSPITAL.png
NT226,"NUFFIELD HEALTH, LEICESTER HOSPITAL",C:\Users\DELL\Documents\Codex\2026-07-15\i-am-building-an-msc-data\outputs\nhs_rtt_msc_project\outputs\forecast_plots_by_trust\NT226_NUFFIELD_HEALTH_LEICESTER_HOSPITAL.png
NT202,"NUFFIELD HEALTH, BOURNEMOUTH HOSPITAL",C:\Users\DELL\Documents\Codex\2026-07-15\i-am-building-an-msc-data\outputs\nhs_rtt_msc_project\outputs\forecast_plots_by_trust\NT202_NUFFIELD_HEALTH_BOURNEMOUTH_HOSPITAL.png
Y8L9S,SPAMEDICA BROMLEY,C:\Users\DELL\Documents\Codex\2026-07-15\i-am-building-an-msc-data\outputs\nhs_rtt_msc_project\outputs\forecast_plots_by_trust\Y8L9S_SPAMEDICA_BROMLEY.png
ACG13,NEWMEDICA - GLOUCESTER (ASPEN MEDICAL CENTRE),C:\Users\DELL\Documents\Codex\2026-07-15\i-am-building-an-msc-data\outputs\nhs_rtt_msc_project\outputs\forecast_plots_by_trust\ACG13_NEWMEDICA_-_GLOUCESTER_ASPEN_MEDICAL_CENTRE.png
NT204,"NUFFIELD HEALTH, BRENTWOOD HOSPITAL",C:\Users\DELL\Documents\Codex\2026-07-15\i-am-building-an-msc-data\outputs\nhs_rtt_msc_project\outputs\forecast_plots_by_trust\NT204_NUFFIELD_HEALTH_BRENTWOOD_HOSPITAL.png
NT235,"NUFFIELD HEALTH, SHREWSBURY HOSPITAL",C:\Users\DELL\Documents\Codex\2026-07-15\i-am-building-an-msc-data\outputs\nhs_rtt_msc_project\outputs\forecast_plots_by_trust\NT235_NUFFIELD_HEALTH_SHREWSBURY_HOSPITAL.png
ACG38,NEWMEDICA - LANGFORD,C:\Users\DELL\Documents\Codex\2026-07-15\i-am-building-an-msc-data\outputs\nhs_rtt_msc_project\outputs\forecast_plots_by_trust\ACG38_NEWMEDICA_-_LANGFORD.png
NT238,"NUFFIELD HEALTH, TAUNTON HOSPITAL",C:\Users\DELL\Documents\Codex\2026-07-15\i-am-building-an-msc-data\outputs\nhs_rtt_msc_project\outputs\forecast_plots_by_trust\NT238_NUFFIELD_HEALTH_TAUNTON_HOSPITAL.png
NT345,SPIRE CLARE PARK HOSPITAL,C:\Users\DELL\Documents\Codex\2026-07-15\i-am-building-an-msc-data\outputs\nhs_rtt_msc_project\outputs\forecast_plots_by_trust\NT345_SPIRE_CLARE_PARK_HOSPITAL.png
NPG06,SPAMEDICA LIVERPOOL,C:\Users\DELL\Documents\Codex\2026-07-15\i-am-building-an-msc-data\outputs\nhs_rtt_msc_project\outputs\forecast_plots_by_trust\NPG06_SPAMEDICA_LIVERPOOL.png
ACG20,NEWMEDICA - BRISTOL - LITFIELD HOUSE,C:\Users\DELL\Documents\Codex\2026-07-15\i-am-building-an-msc-data\outputs\nhs_rtt_msc_project\outputs\forecast_plots_by_trust\ACG20_NEWMEDICA_-_BRISTOL_-_LITFIELD_HOUSE.png
NT219,"NUFFIELD HEALTH, HEREFORD HOSPITAL",C:\Users\DELL\Documents\Codex\2026-07-15\i-am-building-an-msc-data\outputs\nhs_rtt_msc_project\outputs\forecast_plots_by_trust\NT219_NUFFIELD_HEALTH_HEREFORD_HOSPITAL.png
NT343,SPIRE THAMES VALLEY HOSPITAL,C:\Users\DELL\Documents\Codex\2026-07-15\i-am-building-an-msc-data\outputs\nhs_rtt_msc_project\outputs\forecast_plots_by_trust\NT343_SPIRE_THAMES_VALLEY_HOSPITAL.png
ACG36,NEWMEDICA - EXETER - GLEN HOUSE,C:\Users\DELL\Documents\Codex\2026-07-15\i-am-building-an-msc-data\outputs\nhs_rtt_msc_project\outputs\forecast_plots_by_trust\ACG36_NEWMEDICA_-_EXETER_-_GLEN_HOUSE.png
NT433,SARUM ROAD HOSPITAL,C:\Users\DELL\Documents\Codex\2026-07-15\i-am-building-an-msc-data\outputs\nhs_rtt_msc_project\outputs\forecast_plots_by_trust\NT433_SARUM_ROAD_HOSPITAL.png
NT443,WINTERBOURNE HOSPITAL,C:\Users\DELL\Documents\Codex\2026-07-15\i-am-building-an-msc-data\outputs\nhs_rtt_msc_project\outputs\forecast_plots_by_trust\NT443_WINTERBOURNE_HOSPITAL.png
NT210,"NUFFIELD HEALTH, THE GROSVENOR HOSPITAL, CHESTER",C:\Users\DELL\Documents\Codex\2026-07-15\i-am-building-an-msc-data\outputs\nhs_rtt_msc_project\outputs\forecast_plots_by_trust\NT210_NUFFIELD_HEALTH_THE_GROSVENOR_HOSPITAL_CHESTER.png
NT304,SPIRE SOUTHAMPTON HOSPITAL,C:\Users\DELL\Documents\Codex\2026-07-15\i-am-building-an-msc-data\outputs\nhs_rtt_msc_project\outputs\forecast_plots_by_trust\NT304_SPIRE_SOUTHAMPTON_HOSPITAL.png
NN5,MANCHESTER SURGICAL SERVICES LTD,C:\Users\DELL\Documents\Codex\2026-07-15\i-am-building-an-msc-data\outputs\nhs_rtt_msc_project\outputs\forecast_plots_by_trust\NN5_MANCHESTER_SURGICAL_SERVICES_LTD.png
NPG22,SPAMEDICA STOCKTON-ON-TEES,C:\Users\DELL\Documents\Codex\2026-07-15\i-am-building-an-msc-data\outputs\nhs_rtt_msc_project\outputs\forecast_plots_by_trust\NPG22_SPAMEDICA_STOCKTON-ON-TEES.png
NPG18,SPAMEDICA HULL,C:\Users\DELL\Documents\Codex\2026-07-15\i-am-building-an-msc-data\outputs\nhs_rtt_msc_project\outputs\forecast_plots_by_trust\NPG18_SPAMEDICA_HULL.png
NT430,RIDGEWAY HOSPITAL,C:\Users\DELL\Documents\Codex\2026-07-15\i-am-building-an-msc-data\outputs\nhs_rtt_msc_project\outputs\forecast_plots_by_trust\NT430_RIDGEWAY_HOSPITAL.png
NT447,DUCHY HOSPITAL,C:\Users\DELL\Documents\Codex\2026-07-15\i-am-building-an-msc-data\outputs\nhs_rtt_msc_project\outputs\forecast_plots_by_trust\NT447_DUCHY_HOSPITAL.png
DX1,THE NEW FOSCOTE HOSPITAL LTD,C:\Users\DELL\Documents\Codex\2026-07-15\i-am-building-an-msc-data\outputs\nhs_rtt_msc_project\outputs\forecast_plots_by_trust\DX1_THE_NEW_FOSCOTE_HOSPITAL_LTD.png
NT449,LANCASTER PRIVATE HOSPITAL,C:\Users\DELL\Documents\Codex\2026-07-15\i-am-building-an-msc-data\outputs\nhs_rtt_msc_project\outputs\forecast_plots_by_trust\NT449_LANCASTER_PRIVATE_HOSPITAL.png
NT317,SPIRE CAMBRIDGE LEA HOSPITAL,C:\Users\DELL\Documents\Codex\2026-07-15\i-am-building-an-msc-data\outputs\nhs_rtt_msc_project\outputs\forecast_plots_by_trust\NT317_SPIRE_CAMBRIDGE_LEA_HOSPITAL.png
AAH,TETBURY HOSPITAL TRUST LTD,C:\Users\DELL\Documents\Codex\2026-07-15\i-am-building-an-msc-data\outputs\nhs_rtt_msc_project\outputs\forecast_plots_by_trust\AAH_TETBURY_HOSPITAL_TRUST_LTD.png
NPG10,SPAMEDICA SHEFFIELD,C:\Users\DELL\Documents\Codex\2026-07-15\i-am-building-an-msc-data\outputs\nhs_rtt_msc_project\outputs\forecast_plots_by_trust\NPG10_SPAMEDICA_SHEFFIELD.png
NT418,HAMPSHIRE CLINIC,C:\Users\DELL\Documents\Codex\2026-07-15\i-am-building-an-msc-data\outputs\nhs_rtt_msc_project\outputs\forecast_plots_by_trust\NT418_HAMPSHIRE_CLINIC.png
NPG23,SPAMEDICA DERBY,C:\Users\DELL\Documents\Codex\2026-07-15\i-am-building-an-msc-data\outputs\nhs_rtt_msc_project\outputs\forecast_plots_by_trust\NPG23_SPAMEDICA_DERBY.png
R1G7E,SPAMEDICA KENDAL,C:\Users\DELL\Documents\Codex\2026-07-15\i-am-building-an-msc-data\outputs\nhs_rtt_msc_project\outputs\forecast_plots_by_trust\R1G7E_SPAMEDICA_KENDAL.png
NT344,SPIRE DUNEDIN HOSPITAL,C:\Users\DELL\Documents\Codex\2026-07-15\i-am-building-an-msc-data\outputs\nhs_rtt_msc_project\outputs\forecast_plots_by_trust\NT344_SPIRE_DUNEDIN_HOSPITAL.png
Q1W6P,SPAMEDICA WATFORD,C:\Users\DELL\Documents\Codex\2026-07-15\i-am-building-an-msc-data\outputs\nhs_rtt_msc_project\outputs\forecast_plots_by_trust\Q1W6P_SPAMEDICA_WATFORD.png
M5E1S,SPAMEDICA EXETER,C:\Users\DELL\Documents\Codex\2026-07-15\i-am-building-an-msc-data\outputs\nhs_rtt_msc_project\outputs\forecast_plots_by_trust\M5E1S_SPAMEDICA_EXETER.png
NPG02,SPAMEDICA WIRRAL,C:\Users\DELL\Documents\Codex\2026-07-15\i-am-building-an-msc-data\outputs\nhs_rtt_msc_project\outputs\forecast_plots_by_trust\NPG02_SPAMEDICA_WIRRAL.png
NPG01,SPAMEDICA MANCHESTER,C:\Users\DELL\Documents\Codex\2026-07-15\i-am-building-an-msc-data\outputs\nhs_rtt_msc_project\outputs\forecast_plots_by_trust\NPG01_SPAMEDICA_MANCHESTER.png
NT209,"NUFFIELD HEALTH, CAMBRIDGE HOSPITAL",C:\Users\DELL\Documents\Codex\2026-07-15\i-am-building-an-msc-data\outputs\nhs_rtt_msc_project\outputs\forecast_plots_by_trust\NT209_NUFFIELD_HEALTH_CAMBRIDGE_HOSPITAL.png
I9A4A,SPAMEDICA BRIGHTON,C:\Users\DELL\Documents\Codex\2026-07-15\i-am-building-an-msc-data\outputs\nhs_rtt_msc_project\outputs\forecast_plots_by_trust\I9A4A_SPAMEDICA_BRIGHTON.png
NT455,MOUNT ALVERNIA HOSPITAL,C:\Users\DELL\Documents\Codex\2026-07-15\i-am-building-an-msc-data\outputs\nhs_rtt_msc_project\outputs\forecast_plots_by_trust\NT455_MOUNT_ALVERNIA_HOSPITAL.png
NVC0Y,EXETER MEDICAL,C:\Users\DELL\Documents\Codex\2026-07-15\i-am-building-an-msc-data\outputs\nhs_rtt_msc_project\outputs\forecast_plots_by_trust\NVC0Y_EXETER_MEDICAL.png
NPG19,SPAMEDICA BEDFORD,C:\Users\DELL\Documents\Codex\2026-07-15\i-am-building-an-msc-data\outputs\nhs_rtt_msc_project\outputs\forecast_plots_by_trust\NPG19_SPAMEDICA_BEDFORD.png
NT241,"NUFFIELD HEALTH, WOKING HOSPITAL",C:\Users\DELL\Documents\Codex\2026-07-15\i-am-building-an-msc-data\outputs\nhs_rtt_msc_project\outputs\forecast_plots_by_trust\NT241_NUFFIELD_HEALTH_WOKING_HOSPITAL.png
RT1,CAMBRIDGESHIRE AND PETERBOROUGH NHS FOUNDATION TRUST,C:\Users\DELL\Documents\Codex\2026-07-15\i-am-building-an-msc-data\outputs\nhs_rtt_msc_project\outputs\forecast_plots_by_trust\RT1_CAMBRIDGESHIRE_AND_PETERBOROUGH_NHS_FOUNDATION_TRUST.png
NPG17,SPAMEDICA PRESTON,C:\Users\DELL\Documents\Codex\2026-07-15\i-am-building-an-msc-data\outputs\nhs_rtt_msc_project\outputs\forecast_plots_by_trust\NPG17_SPAMEDICA_PRESTON.png
AJ8,THE GRANGE MEDICAL CENTRE HQ,C:\Users\DELL\Documents\Codex\2026-07-15\i-am-building-an-msc-data\outputs\nhs_rtt_msc_project\outputs\forecast_plots_by_trust\AJ8_THE_GRANGE_MEDICAL_CENTRE_HQ.png
NPG14,SPAMEDICA WIDNES,C:\Users\DELL\Documents\Codex\2026-07-15\i-am-building-an-msc-data\outputs\nhs_rtt_msc_project\outputs\forecast_plots_by_trust\NPG14_SPAMEDICA_WIDNES.png
NPG15,SPAMEDICA NEWCASTLE-UNDER-LYME,C:\Users\DELL\Documents\Codex\2026-07-15\i-am-building-an-msc-data\outputs\nhs_rtt_msc_project\outputs\forecast_plots_by_trust\NPG15_SPAMEDICA_NEWCASTLE-UNDER-LYME.png
T8R5I,SPAMEDICA WOKINGHAM,C:\Users\DELL\Documents\Codex\2026-07-15\i-am-building-an-msc-data\outputs\nhs_rtt_msc_project\outputs\forecast_plots_by_trust\T8R5I_SPAMEDICA_WOKINGHAM.png
NT224,"NUFFIELD HEALTH, WARWICKSHIRE HOSPITAL",C:\Users\DELL\Documents\Codex\2026-07-15\i-am-building-an-msc-data\outputs\nhs_rtt_msc_project\outputs\forecast_plots_by_trust\NT224_NUFFIELD_HEALTH_WARWICKSHIRE_HOSPITAL.png
NQM01,ORTHOPAEDICS & SPINE SPECIALIST HOSPITAL SITE,C:\Users\DELL\Documents\Codex\2026-07-15\i-am-building-an-msc-data\outputs\nhs_rtt_msc_project\outputs\forecast_plots_by_trust\NQM01_ORTHOPAEDICS_SPINE_SPECIALIST_HOSPITAL_SITE.png
RX4,"CUMBRIA, NORTHUMBERLAND, TYNE AND WEAR NHS FOUNDATION TRUST",C:\Users\DELL\Documents\Codex\2026-07-15\i-am-building-an-msc-data\outputs\nhs_rtt_msc_project\outputs\forecast_plots_by_trust\RX4_CUMBRIA_NORTHUMBERLAND_TYNE_AND_WEAR_NHS_FOUNDATION_TRUST.png
ACG30,NEWMEDICA - WORKSOP - DUKERIES,C:\Users\DELL\Documents\Codex\2026-07-15\i-am-building-an-msc-data\outputs\nhs_rtt_msc_project\outputs\forecast_plots_by_trust\ACG30_NEWMEDICA_-_WORKSOP_-_DUKERIES.png
NT419,HARBOUR HOSPITAL,C:\Users\DELL\Documents\Codex\2026-07-15\i-am-building-an-msc-data\outputs\nhs_rtt_msc_project\outputs\forecast_plots_by_trust\NT419_HARBOUR_HOSPITAL.png
NT431,RUNNYMEDE HOSPITAL,C:\Users\DELL\Documents\Codex\2026-07-15\i-am-building-an-msc-data\outputs\nhs_rtt_msc_project\outputs\forecast_plots_by_trust\NT431_RUNNYMEDE_HOSPITAL.png
NWV01,GP CARE UK,C:\Users\DELL\Documents\Codex\2026-07-15\i-am-building-an-msc-data\outputs\nhs_rtt_msc_project\outputs\forecast_plots_by_trust\NWV01_GP_CARE_UK.png
P1B7M,SPAMEDICA BRISTOL,C:\Users\DELL\Documents\Codex\2026-07-15\i-am-building-an-msc-data\outputs\nhs_rtt_msc_project\outputs\forecast_plots_by_trust\P1B7M_SPAMEDICA_BRISTOL.png
NQT5K,ST MARTINS HOSPITAL,C:\Users\DELL\Documents\Codex\2026-07-15\i-am-building-an-msc-data\outputs\nhs_rtt_msc_project\outputs\forecast_plots_by_trust\NQT5K_ST_MARTINS_HOSPITAL.png
NEY,PIONEER HEALTHCARE LIMITED,C:\Users\DELL\Documents\Codex\2026-07-15\i-am-building-an-msc-data\outputs\nhs_rtt_msc_project\outputs\forecast_plots_by_trust\NEY_PIONEER_HEALTHCARE_LIMITED.png
NT435,SHELBURNE HOSPITAL,C:\Users\DELL\Documents\Codex\2026-07-15\i-am-building-an-msc-data\outputs\nhs_rtt_msc_project\outputs\forecast_plots_by_trust\NT435_SHELBURNE_HOSPITAL.png
GEC01,RAPID INVESTIGATION SERVICE,C:\Users\DELL\Documents\Codex\2026-07-15\i-am-building-an-msc-data\outputs\nhs_rtt_msc_project\outputs\forecast_plots_by_trust\GEC01_RAPID_INVESTIGATION_SERVICE.png
NT239,"NUFFIELD HEALTH, TUNBRIDGE WELLS HOSPITAL",C:\Users\DELL\Documents\Codex\2026-07-15\i-am-building-an-msc-data\outputs\nhs_rtt_msc_project\outputs\forecast_plots_by_trust\NT239_NUFFIELD_HEALTH_TUNBRIDGE_WELLS_HOSPITAL.png
NPG13,SPAMEDICA SKELMERSDALE,C:\Users\DELL\Documents\Codex\2026-07-15\i-am-building-an-msc-data\outputs\nhs_rtt_msc_project\outputs\forecast_plots_by_trust\NPG13_SPAMEDICA_SKELMERSDALE.png
RWX,BERKSHIRE HEALTHCARE NHS FOUNDATION TRUST,C:\Users\DELL\Documents\Codex\2026-07-15\i-am-building-an-msc-data\outputs\nhs_rtt_msc_project\outputs\forecast_plots_by_trust\RWX_BERKSHIRE_HEALTHCARE_NHS_FOUNDATION_TRUST.png
NT244,NUFFIELD HOSPITAL OXFORD (THE MANOR),C:\Users\DELL\Documents\Codex\2026-07-15\i-am-building-an-msc-data\outputs\nhs_rtt_msc_project\outputs\forecast_plots_by_trust\NT244_NUFFIELD_HOSPITAL_OXFORD_THE_MANOR.png
A0C5S,SPAMEDICA GLOUCESTER,C:\Users\DELL\Documents\Codex\2026-07-15\i-am-building-an-msc-data\outputs\nhs_rtt_msc_project\outputs\forecast_plots_by_trust\A0C5S_SPAMEDICA_GLOUCESTER.png
R1A,HEREFORDSHIRE AND WORCESTERSHIRE HEALTH AND CARE NHS TRUST,C:\Users\DELL\Documents\Codex\2026-07-15\i-am-building-an-msc-data\outputs\nhs_rtt_msc_project\outputs\forecast_plots_by_trust\R1A_HEREFORDSHIRE_AND_WORCESTERSHIRE_HEALTH_AND_CARE_NHS_TRUST.png
NR5,LIVEWELL SOUTHWEST,C:\Users\DELL\Documents\Codex\2026-07-15\i-am-building-an-msc-data\outputs\nhs_rtt_msc_project\outputs\forecast_plots_by_trust\NR5_LIVEWELL_SOUTHWEST.png
NT428,PRINCESS MARGARET HOSPITAL,C:\Users\DELL\Documents\Codex\2026-07-15\i-am-building-an-msc-data\outputs\nhs_rtt_msc_project\outputs\forecast_plots_by_trust\NT428_PRINCESS_MARGARET_HOSPITAL.png
NT211,"NUFFIELD HEALTH, CHELTENHAM HOSPITAL",C:\Users\DELL\Documents\Codex\2026-07-15\i-am-building-an-msc-data\outputs\nhs_rtt_msc_project\outputs\forecast_plots_by_trust\NT211_NUFFIELD_HEALTH_CHELTENHAM_HOSPITAL.png
ACG08,NEWMEDICA OPHTHALMOLOGY - NUNEATON - CAMP HILL - GP LED HEALTH CENTRE,C:\Users\DELL\Documents\Codex\2026-07-15\i-am-building-an-msc-data\outputs\nhs_rtt_msc_project\outputs\forecast_plots_by_trust\ACG08_NEWMEDICA_OPHTHALMOLOGY_-_NUNEATON_-_CAMP_HILL_-_GP_LED_HEALTH_CENTRE.png
ACM,EYE CARE MEDICAL LTD,C:\Users\DELL\Documents\Codex\2026-07-15\i-am-building-an-msc-data\outputs\nhs_rtt_msc_project\outputs\forecast_plots_by_trust\ACM_EYE_CARE_MEDICAL_LTD.png
