context_id,series_id,trust_code,trust_name,specialty_code,specialty_name,trust_idx,specialty_idx,forecast_start_idx,forecast_origin,forecast_month_h1,p50_h1,forecast_month_h6,p50_h6,forecast_month_h12,p50_h12
1426,RA2__110,RA2,ROYAL SURREY COUNTY HOSPITAL NHS FOUNDATION TRUST,110,Trauma and Orthopaedic Service,313,2,116,2025-05-01,2025-06-01,5829.991342699727,2025-11-01,6211.897357930353,2026-05-01,6498.787760771415
1301,R0A__X02,R0A,MANCHESTER UNIVERSITY NHS FOUNDATION TRUST,X02,Other - Medical Services,301,19,116,2025-05-01,2025-06-01,28997.09199173049,2025-11-01,31032.692577692134,2026-05-01,32327.459870791132
1509,RAJ__130,RAJ,MID AND SOUTH ESSEX NHS FOUNDATION TRUST,130,Ophthalmology Service,319,4,116,2025-05-01,2025-06-01,18213.178294004156,2025-11-01,18889.160296166512,2026-05-01,19581.93620297675
2606,RM3__400,RM3,NORTHERN CARE ALLIANCE NHS FOUNDATION TRUST,400,Neurology Service,395,14,116,2025-05-01,2025-06-01,18016.21116816679,2025-11-01,19535.526035098832,2026-05-01,20637.62000835209
1398,R1H__X02,R1H,BARTS HEALTH NHS TRUST,X02,Other - Medical Services,310,19,116,2025-05-01,2025-06-01,19132.96878333746,2025-11-01,20401.97831187162,2026-05-01,21524.500063740277
1549,RAL__X05,RAL,ROYAL FREE LONDON NHS FOUNDATION TRUST,X05,Other - Surgical Services,320,22,116,2025-05-01,2025-06-01,13791.712300836733,2025-11-01,14931.861629579786,2026-05-01,15844.335646479798
1303,R0A__X04,R0A,MANCHESTER UNIVERSITY NHS FOUNDATION TRUST,X04,Other - Paediatric Services,301,21,116,2025-05-01,2025-06-01,22857.51232127999,2025-11-01,24680.484642353415,2026-05-01,25940.616755262152
1517,RAJ__330,RAJ,MID AND SOUTH ESSEX NHS FOUNDATION TRUST,330,Dermatology Service,319,12,116,2025-05-01,2025-06-01,16911.082342281512,2025-11-01,18282.408959192915,2026-05-01,19418.055127627762
2594,RM3__110,RM3,NORTHERN CARE ALLIANCE NHS FOUNDATION TRUST,110,Trauma and Orthopaedic Service,395,2,116,2025-05-01,2025-06-01,15422.714383682563,2025-11-01,16607.38240881215,2026-05-01,17443.869630709472
1401,R1H__X05,R1H,BARTS HEALTH NHS TRUST,X05,Other - Surgical Services,310,22,116,2025-05-01,2025-06-01,12041.499765489005,2025-11-01,13308.000213813071,2026-05-01,14301.172571543846
1540,RAL__330,RAL,ROYAL FREE LONDON NHS FOUNDATION TRUST,330,Dermatology Service,320,12,116,2025-05-01,2025-06-01,12966.190653941874,2025-11-01,14103.481406824178,2026-05-01,15091.871210952353
2239,RJ1__X02,RJ1,GUY'S AND ST THOMAS' NHS FOUNDATION TRUST,X02,Other - Medical Services,373,19,116,2025-05-01,2025-06-01,19552.76776074214,2025-11-01,20003.17058767532,2026-05-01,20701.84538920578
3027,RRK__X02,RRK,UNIVERSITY HOSPITALS BIRMINGHAM NHS FOUNDATION TRUST,X02,Other - Medical Services,427,19,116,2025-05-01,2025-06-01,14376.168158928116,2025-11-01,15408.320796928196,2026-05-01,16204.711957951979
3113,RTG__110,RTG,UNIVERSITY HOSPITALS OF DERBY AND BURTON NHS FOUNDATION TRUST,110,Trauma and Orthopaedic Service,435,2,116,2025-05-01,2025-06-01,16562.413156692786,2025-11-01,17101.98559876256,2026-05-01,17713.07822936754
3777,RYR__X05,RYR,UNIVERSITY HOSPITALS SUSSEX NHS FOUNDATION TRUST,X05,Other - Surgical Services,487,22,116,2025-05-01,2025-06-01,11811.7869811916,2025-11-01,12892.474187181691,2026-05-01,13742.709739946571
2832,RP6__130,RP6,MOORFIELDS EYE HOSPITAL NHS FOUNDATION TRUST,130,Ophthalmology Service,410,4,116,2025-05-01,2025-06-01,33185.66860784558,2025-11-01,35260.38946309518,2026-05-01,37276.38495794556
1289,R0A__140,R0A,MANCHESTER UNIVERSITY NHS FOUNDATION TRUST,140,Oral Surgery Service,301,5,116,2025-05-01,2025-06-01,19122.260454624895,2025-11-01,20944.545596338325,2026-05-01,22215.249379637644
2501,RL1__110,RL1,THE ROBERT JONES AND AGNES HUNT ORTHOPAEDIC HOSPITAL NHS FOUNDATION TRUST,110,Trauma and Orthopaedic Service,389,2,116,2025-05-01,2025-06-01,18578.958016284654,2025-11-01,19593.70545647053,2026-05-01,20352.498855975988
1300,R0A__502,R0A,MANCHESTER UNIVERSITY NHS FOUNDATION TRUST,502,Gynaecology Service,301,17,116,2025-05-01,2025-06-01,17347.14666429362,2025-11-01,18864.0639870295,2026-05-01,19965.18531272726
3753,RYJ__X02,RYJ,IMPERIAL COLLEGE HEALTHCARE NHS TRUST,X02,Other - Medical Services,485,19,116,2025-05-01,2025-06-01,16533.909950080146,2025-11-01,17697.71184822395,2026-05-01,18690.65779008779
1508,RAJ__120,RAJ,MID AND SOUTH ESSEX NHS FOUNDATION TRUST,120,Ear Nose and Throat Service,319,3,116,2025-05-01,2025-06-01,17303.161109716624,2025-11-01,17735.39164014946,2026-05-01,18205.91891631846
1275,NYG__330,NYG,SUSSEX COMMUNITY DERMATOLOGY SERVICE,330,Dermatology Service,287,12,116,2025-05-01,2025-06-01,16642.296506628438,2025-11-01,17569.058846867327,2026-05-01,17664.188568571328
1286,R0A__110,R0A,MANCHESTER UNIVERSITY NHS FOUNDATION TRUST,110,Trauma and Orthopaedic Service,301,2,116,2025-05-01,2025-06-01,15952.111571797295,2025-11-01,16889.2582862038,2026-05-01,17658.579462671736
1522,RAJ__502,RAJ,MID AND SOUTH ESSEX NHS FOUNDATION TRUST,502,Gynaecology Service,319,17,116,2025-05-01,2025-06-01,16177.148301810495,2025-11-01,16892.818486389147,2026-05-01,17646.053840267945
1523,RAJ__X02,RAJ,MID AND SOUTH ESSEX NHS FOUNDATION TRUST,X02,Other - Medical Services,319,19,116,2025-05-01,2025-06-01,16219.416302635655,2025-11-01,16847.076380741935,2026-05-01,17588.037009940148
1680,RBS__X04,RBS,ALDER HEY CHILDREN'S NHS FOUNDATION TRUST,X04,Other - Paediatric Services,332,21,116,2025-05-01,2025-06-01,15244.869084889004,2025-11-01,16363.137486399513,2026-05-01,17360.138945220766
1516,RAJ__320,RAJ,MID AND SOUTH ESSEX NHS FOUNDATION TRUST,320,Cardiology Service,319,11,116,2025-05-01,2025-06-01,14343.62738124279,2025-11-01,15560.81588211864,2026-05-01,16551.201720581073
3657,RXP__110,RXP,COUNTY DURHAM AND DARLINGTON NHS FOUNDATION TRUST,110,Trauma and Orthopaedic Service,473,2,116,2025-05-01,2025-06-01,13660.239745345769,2025-11-01,15139.329676324429,2026-05-01,16246.339202779687
3152,RTH__X02,RTH,OXFORD UNIVERSITY HOSPITALS NHS FOUNDATION TRUST,X02,Other - Medical Services,436,19,116,2025-05-01,2025-06-01,14255.539178434436,2025-11-01,15163.693316994631,2026-05-01,15989.688876329745
1507,RAJ__110,RAJ,MID AND SOUTH ESSEX NHS FOUNDATION TRUST,110,Trauma and Orthopaedic Service,319,2,116,2025-05-01,2025-06-01,15515.084180092379,2025-11-01,15679.81772381871,2026-05-01,15918.49351440065
3012,RRK__120,RRK,UNIVERSITY HOSPITALS BIRMINGHAM NHS FOUNDATION TRUST,120,Ear Nose and Throat Service,427,3,116,2025-05-01,2025-06-01,13526.252892378787,2025-11-01,14716.677758052883,2026-05-01,15669.338197545763
1304,R0A__X05,R0A,MANCHESTER UNIVERSITY NHS FOUNDATION TRUST,X05,Other - Surgical Services,301,22,116,2025-05-01,2025-06-01,12996.548735746353,2025-11-01,14410.18453197497,2026-05-01,15391.738536020377
1933,REP__502,REP,LIVERPOOL WOMEN'S NHS FOUNDATION TRUST,502,Gynaecology Service,356,17,116,2025-05-01,2025-06-01,13198.259291726003,2025-11-01,14279.324973162333,2026-05-01,15255.195692194682
1848,RDE__100,RDE,EAST SUFFOLK AND NORTH ESSEX NHS FOUNDATION TRUST,100,General Surgery Service,347,0,116,2025-05-01,2025-06-01,13135.820925073862,2025-11-01,14238.038158482022,2026-05-01,15247.195597387716
1287,R0A__120,R0A,MANCHESTER UNIVERSITY NHS FOUNDATION TRUST,120,Ear Nose and Throat Service,301,3,116,2025-05-01,2025-06-01,12462.386875346278,2025-11-01,13606.707092533617,2026-05-01,14455.499481829243
2602,RM3__301,RM3,NORTHERN CARE ALLIANCE NHS FOUNDATION TRUST,301,Gastroenterology Service,395,10,116,2025-05-01,2025-06-01,12390.89627546684,2025-11-01,13437.069659463998,2026-05-01,14323.21752148603
3455,RWH__X06,RWH,EAST AND NORTH HERTFORDSHIRE NHS TRUST,X06,Other - Other Services,457,23,116,2025-05-01,2025-06-01,12885.627036358164,2025-11-01,13642.324460733082,2026-05-01,14272.46275776768
3393,RWE__X02,RWE,UNIVERSITY HOSPITALS OF LEICESTER NHS TRUST,X02,Other - Medical Services,454,19,116,2025-05-01,2025-06-01,12494.639627733459,2025-11-01,13305.132028834798,2026-05-01,14185.569190529117
1397,R1H__502,R1H,BARTS HEALTH NHS TRUST,502,Gynaecology Service,310,17,116,2025-05-01,2025-06-01,11803.183234564453,2025-11-01,13065.712665802672,2026-05-01,14123.874524154582
2242,RJ1__X05,RJ1,GUY'S AND ST THOMAS' NHS FOUNDATION TRUST,X05,Other - Surgical Services,373,22,116,2025-05-01,2025-06-01,12124.103556733791,2025-11-01,13069.439152171148,2026-05-01,13954.815482019983
2182,RHQ__X02,RHQ,SHEFFIELD TEACHING HOSPITALS NHS FOUNDATION TRUST,X02,Other - Medical Services,370,19,116,2025-05-01,2025-06-01,12332.971068316205,2025-11-01,13154.626745911355,2026-05-01,13857.215207109333
1288,R0A__130,R0A,MANCHESTER UNIVERSITY NHS FOUNDATION TRUST,130,Ophthalmology Service,301,4,116,2025-05-01,2025-06-01,12082.56974274722,2025-11-01,13050.879577872982,2026-05-01,13839.701570161646
1786,RCU__X04,RCU,SHEFFIELD CHILDREN'S NHS FOUNDATION TRUST,X04,Other - Paediatric Services,341,21,116,2025-05-01,2025-06-01,11856.878703213444,2025-11-01,12866.359002112178,2026-05-01,13645.005049389032
1515,RAJ__301,RAJ,MID AND SOUTH ESSEX NHS FOUNDATION TRUST,301,Gastroenterology Service,319,10,116,2025-05-01,2025-06-01,12506.29966613637,2025-11-01,13032.619810889875,2026-05-01,13535.82852045456
2595,RM3__120,RM3,NORTHERN CARE ALLIANCE NHS FOUNDATION TRUST,120,Ear Nose and Throat Service,395,3,116,2025-05-01,2025-06-01,11584.334476010761,2025-11-01,12672.282545190457,2026-05-01,13525.981982624819
2404,RJZ__130,RJZ,KING'S COLLEGE HOSPITAL NHS FOUNDATION TRUST,130,Ophthalmology Service,383,4,116,2025-05-01,2025-06-01,12267.381436772033,2025-11-01,12825.584955352027,2026-05-01,13360.12839429426
2877,RQ3__X04,RQ3,BIRMINGHAM WOMEN'S AND CHILDREN'S NHS FOUNDATION TRUST,X04,Other - Paediatric Services,416,21,116,2025-05-01,2025-06-01,11963.93086069038,2025-11-01,12646.97520524884,2026-05-01,13287.619065562432
2604,RM3__330,RM3,NORTHERN CARE ALLIANCE NHS FOUNDATION TRUST,330,Dermatology Service,395,12,116,2025-05-01,2025-06-01,11125.026258879696,2025-11-01,12400.779923482996,2026-05-01,13286.782672914613
3550,RX1__X02,RX1,NOTTINGHAM UNIVERSITY HOSPITALS NHS TRUST,X02,Other - Medical Services,463,19,116,2025-05-01,2025-06-01,11609.043440675823,2025-11-01,12564.715331581732,2026-05-01,13249.5279888164
2974,RR8__X02,RR8,LEEDS TEACHING HOSPITALS NHS TRUST,X02,Other - Medical Services,423,19,116,2025-05-01,2025-06-01,11954.942648372895,2025-11-01,12582.415579869,2026-05-01,13180.58528379374
1851,RDE__120,RDE,EAST SUFFOLK AND NORTH ESSEX NHS FOUNDATION TRUST,120,Ear Nose and Throat Service,347,3,116,2025-05-01,2025-06-01,11265.326852040147,2025-11-01,12206.784972443074,2026-05-01,13041.137025091528
3128,RTG__502,RTG,UNIVERSITY HOSPITALS OF DERBY AND BURTON NHS FOUNDATION TRUST,502,Gynaecology Service,435,17,116,2025-05-01,2025-06-01,11064.308884409798,2025-11-01,11936.189554877132,2026-05-01,12721.969305325827
3761,RYR__130,RYR,UNIVERSITY HOSPITALS SUSSEX NHS FOUNDATION TRUST,130,Ophthalmology Service,487,4,116,2025-05-01,2025-06-01,11128.029465481679,2025-11-01,11902.948548673523,2026-05-01,12517.910889893054
2815,RP5__110,RP5,DONCASTER AND BASSETLAW TEACHING HOSPITALS NHS FOUNDATION TRUST,110,Trauma and Orthopaedic Service,409,2,116,2025-05-01,2025-06-01,11308.3757704605,2025-11-01,11869.098233713117,2026-05-01,12431.746803199952
1546,RAL__X02,RAL,ROYAL FREE LONDON NHS FOUNDATION TRUST,X02,Other - Medical Services,320,19,116,2025-05-01,2025-06-01,11326.920380525731,2025-11-01,12004.782093771932,2026-05-01,12431.094696780301
1293,R0A__301,R0A,MANCHESTER UNIVERSITY NHS FOUNDATION TRUST,301,Gastroenterology Service,301,10,116,2025-05-01,2025-06-01,10526.723473341668,2025-11-01,11488.367948944368,2026-05-01,12247.414034596855
1530,RAL__110,RAL,ROYAL FREE LONDON NHS FOUNDATION TRUST,110,Trauma and Orthopaedic Service,320,2,116,2025-05-01,2025-06-01,10761.180365662905,2025-11-01,11441.534337960797,2026-05-01,12034.484705018795
1294,R0A__320,R0A,MANCHESTER UNIVERSITY NHS FOUNDATION TRUST,320,Cardiology Service,301,11,116,2025-05-01,2025-06-01,10083.460500070218,2025-11-01,11158.765986051325,2026-05-01,12026.372541747385
1505,RAJ__100,RAJ,MID AND SOUTH ESSEX NHS FOUNDATION TRUST,100,General Surgery Service,319,0,116,2025-05-01,2025-06-01,10935.018666262347,2025-11-01,11411.792977754867,2026-05-01,11890.750875524163
1506,RAJ__101,RAJ,MID AND SOUTH ESSEX NHS FOUNDATION TRUST,101,Urology Service,319,1,116,2025-05-01,2025-06-01,11025.490431243783,2025-11-01,11398.413398866036,2026-05-01,11786.309287064296
3072,RTD__X02,RTD,THE NEWCASTLE UPON TYNE HOSPITALS NHS FOUNDATION TRUST,X02,Other - Medical Services,432,19,116,2025-05-01,2025-06-01,10338.430349564367,2025-11-01,11128.475240131067,2026-05-01,11694.523949709754
1531,RAL__120,RAL,ROYAL FREE LONDON NHS FOUNDATION TRUST,120,Ear Nose and Throat Service,320,3,116,2025-05-01,2025-06-01,10310.926760741491,2025-11-01,11050.788588585528,2026-05-01,11683.186114745165
3005,RRJ__110,RRJ,THE ROYAL ORTHOPAEDIC HOSPITAL NHS FOUNDATION TRUST,110,Trauma and Orthopaedic Service,426,2,116,2025-05-01,2025-06-01,9922.997623549507,2025-11-01,10831.995208892466,2026-05-01,11555.974250498266
3115,RTG__130,RTG,UNIVERSITY HOSPITALS OF DERBY AND BURTON NHS FOUNDATION TRUST,130,Ophthalmology Service,435,4,116,2025-05-01,2025-06-01,10320.283345989716,2025-11-01,10929.555025869935,2026-05-01,11482.737371905378
3379,RWE__130,RWE,UNIVERSITY HOSPITALS OF LEICESTER NHS TRUST,130,Ophthalmology Service,454,4,116,2025-05-01,2025-06-01,10102.944695507193,2025-11-01,10831.179078841844,2026-05-01,11467.097986848154
1852,RDE__130,RDE,EAST SUFFOLK AND NORTH ESSEX NHS FOUNDATION TRUST,130,Ophthalmology Service,347,4,116,2025-05-01,2025-06-01,9824.109398178198,2025-11-01,10670.159696160701,2026-05-01,11450.704469438995
2232,RJ1__320,RJ1,GUY'S AND ST THOMAS' NHS FOUNDATION TRUST,320,Cardiology Service,373,11,116,2025-05-01,2025-06-01,10480.230707350429,2025-11-01,10936.46844896983,2026-05-01,11420.2094793246
3048,RRV__X02,RRV,UNIVERSITY COLLEGE LONDON HOSPITALS NHS FOUNDATION TRUST,X02,Other - Medical Services,428,19,116,2025-05-01,2025-06-01,10207.988007322549,2025-11-01,10796.936485228716,2026-05-01,11405.155615155914
1391,R1H__320,R1H,BARTS HEALTH NHS TRUST,320,Cardiology Service,310,11,116,2025-05-01,2025-06-01,9717.425587846654,2025-11-01,10585.884235281213,2026-05-01,11395.01118107708
2102,RH5__110,RH5,SOMERSET NHS FOUNDATION TRUST,110,Trauma and Orthopaedic Service,367,2,116,2025-05-01,2025-06-01,10561.98269486565,2025-11-01,10985.110725021781,2026-05-01,11369.608221590377
2973,RR8__502,RR8,LEEDS TEACHING HOSPITALS NHS TRUST,502,Gynaecology Service,423,17,116,2025-05-01,2025-06-01,9894.862474604974,2025-11-01,10661.04516826979,2026-05-01,11327.752253366625
1875,RDU__110,RDU,FRIMLEY HEALTH NHS FOUNDATION TRUST,110,Trauma and Orthopaedic Service,349,2,116,2025-05-01,2025-06-01,10357.45878384411,2025-11-01,10827.429803183404,2026-05-01,11290.916813406797
2123,RH8__110,RH8,ROYAL DEVON UNIVERSITY HEALTHCARE NHS FOUNDATION TRUST,110,Trauma and Orthopaedic Service,368,2,116,2025-05-01,2025-06-01,10392.408814675093,2025-11-01,10787.65194049408,2026-05-01,11213.54001173846
3057,RTD__120,RTD,THE NEWCASTLE UPON TYNE HOSPITALS NHS FOUNDATION TRUST,120,Ear Nose and Throat Service,432,3,116,2025-05-01,2025-06-01,9659.192477681496,2025-11-01,10540.587821462426,2026-05-01,11208.54655000977
1850,RDE__110,RDE,EAST SUFFOLK AND NORTH ESSEX NHS FOUNDATION TRUST,110,Trauma and Orthopaedic Service,347,2,116,2025-05-01,2025-06-01,9970.146653254491,2025-11-01,10609.83985924976,2026-05-01,11168.902515474683
1668,RBN__330,RBN,MERSEY AND WEST LANCASHIRE TEACHING HOSPITALS NHS TRUST,330,Dermatology Service,330,12,116,2025-05-01,2025-06-01,9402.355106039458,2025-11-01,10356.115381895854,2026-05-01,11124.198662433151
166,NMG__X06,NMG,CONNECT HEALTH LIMITED,X06,Other - Other Services,80,23,116,2025-05-01,2025-06-01,10847.016774029582,2025-11-01,10986.609062731579,2026-05-01,11072.785948677032
3129,RTG__X02,RTG,UNIVERSITY HOSPITALS OF DERBY AND BURTON NHS FOUNDATION TRUST,X02,Other - Medical Services,435,19,116,2025-05-01,2025-06-01,9388.53701634907,2025-11-01,10233.8894934597,2026-05-01,10946.977292471794
2573,RM1__110,RM1,NORFOLK AND NORWICH UNIVERSITY HOSPITALS NHS FOUNDATION TRUST,110,Trauma and Orthopaedic Service,394,2,116,2025-05-01,2025-06-01,9588.139733814232,2025-11-01,10335.748655219957,2026-05-01,10943.761996845808
2421,RJZ__X05,RJZ,KING'S COLLEGE HOSPITAL NHS FOUNDATION TRUST,X05,Other - Surgical Services,383,22,116,2025-05-01,2025-06-01,9289.860563903116,2025-11-01,10180.01578398969,2026-05-01,10914.200564944647
1864,RDE__502,RDE,EAST SUFFOLK AND NORTH ESSEX NHS FOUNDATION TRUST,502,Gynaecology Service,347,17,116,2025-05-01,2025-06-01,9228.413613523395,2025-11-01,10062.948473141969,2026-05-01,10845.76504377968
2405,RJZ__140,RJZ,KING'S COLLEGE HOSPITAL NHS FOUNDATION TRUST,140,Oral Surgery Service,383,5,116,2025-05-01,2025-06-01,9263.166991136763,2025-11-01,10138.408984854495,2026-05-01,10772.383796974445
3075,RTD__X05,RTD,THE NEWCASTLE UPON TYNE HOSPITALS NHS FOUNDATION TRUST,X05,Other - Surgical Services,432,22,116,2025-05-01,2025-06-01,9059.78054685784,2025-11-01,9956.130404640424,2026-05-01,10690.81823962779
3058,RTD__130,RTD,THE NEWCASTLE UPON TYNE HOSPITALS NHS FOUNDATION TRUST,130,Ophthalmology Service,432,4,116,2025-05-01,2025-06-01,9337.011099312767,2025-11-01,10074.635690461355,2026-05-01,10657.547909152257
2166,RHQ__110,RHQ,SHEFFIELD TEACHING HOSPITALS NHS FOUNDATION TRUST,110,Trauma and Orthopaedic Service,370,2,116,2025-05-01,2025-06-01,9705.995340225729,2025-11-01,10171.222891012758,2026-05-01,10590.266996999771
1929,REM__X05,REM,LIVERPOOL UNIVERSITY HOSPITALS NHS FOUNDATION TRUST,X05,Other - Surgical Services,354,22,116,2025-05-01,2025-06-01,8982.181265402161,2025-11-01,9901.96196731804,2026-05-01,10553.192062380163
3013,RRK__130,RRK,UNIVERSITY HOSPITALS BIRMINGHAM NHS FOUNDATION TRUST,130,Ophthalmology Service,427,4,116,2025-05-01,2025-06-01,9603.872737453767,2025-11-01,10140.149679163043,2026-05-01,10482.170048769212
2125,RH8__130,RH8,ROYAL DEVON UNIVERSITY HEALTHCARE NHS FOUNDATION TRUST,130,Ophthalmology Service,368,4,116,2025-05-01,2025-06-01,9305.592315124843,2025-11-01,9880.697602360935,2026-05-01,10456.128888435935
2574,RM1__120,RM1,NORFOLK AND NORWICH UNIVERSITY HOSPITALS NHS FOUNDATION TRUST,120,Ear Nose and Throat Service,394,3,116,2025-05-01,2025-06-01,8984.211880807017,2025-11-01,9781.839025074483,2026-05-01,10442.694332513589
1917,REM__130,REM,LIVERPOOL UNIVERSITY HOSPITALS NHS FOUNDATION TRUST,130,Ophthalmology Service,354,4,116,2025-05-01,2025-06-01,9200.834680769614,2025-11-01,9884.279341384341,2026-05-01,10432.281489334455
1420,R1K__X02,R1K,LONDON NORTH WEST UNIVERSITY HEALTHCARE NHS TRUST,X02,Other - Medical Services,311,19,116,2025-05-01,2025-06-01,9076.031605395472,2025-11-01,9834.88137662318,2026-05-01,10361.322035151765
2609,RM3__502,RM3,NORTHERN CARE ALLIANCE NHS FOUNDATION TRUST,502,Gynaecology Service,395,17,116,2025-05-01,2025-06-01,8842.665360060953,2025-11-01,9637.925424354731,2026-05-01,10320.706609810353
1883,RDU__330,RDU,FRIMLEY HEALTH NHS FOUNDATION TRUST,330,Dermatology Service,349,12,116,2025-05-01,2025-06-01,8612.973714290458,2025-11-01,9591.551394349739,2026-05-01,10314.133214779089
3377,RWE__110,RWE,UNIVERSITY HOSPITALS OF LEICESTER NHS TRUST,110,Trauma and Orthopaedic Service,454,2,116,2025-05-01,2025-06-01,8973.986358584143,2025-11-01,9702.38565981022,2026-05-01,10306.39418189101
2299,RJ7__X02,RJ7,ST GEORGE'S UNIVERSITY HOSPITALS NHS FOUNDATION TRUST,X02,Other - Medical Services,376,19,116,2025-05-01,2025-06-01,9139.854476349012,2025-11-01,9794.302029557444,2026-05-01,10297.197503473399
2515,RL4__130,RL4,THE ROYAL WOLVERHAMPTON NHS TRUST,130,Ophthalmology Service,390,4,116,2025-05-01,2025-06-01,9178.116536688687,2025-11-01,9792.415222653266,2026-05-01,10285.968261482725
1461,RA7__X04,RA7,UNIVERSITY HOSPITALS BRISTOL AND WESTON NHS FOUNDATION TRUST,X04,Other - Paediatric Services,316,21,116,2025-05-01,2025-06-01,9305.769825978998,2025-11-01,9835.885112171425,2026-05-01,10237.140339787087
1937,RET__400,RET,THE WALTON CENTRE NHS FOUNDATION TRUST,400,Neurology Service,357,14,116,2025-05-01,2025-06-01,8753.398299054144,2025-11-01,9627.038588338482,2026-05-01,10217.689719685966
3066,RTD__330,RTD,THE NEWCASTLE UPON TYNE HOSPITALS NHS FOUNDATION TRUST,330,Dermatology Service,432,12,116,2025-05-01,2025-06-01,8485.80182654192,2025-11-01,9423.524826771445,2026-05-01,10150.183834120902
1400,R1H__X04,R1H,BARTS HEALTH NHS TRUST,X04,Other - Paediatric Services,310,21,116,2025-05-01,2025-06-01,8814.969469951107,2025-11-01,9507.738232924632,2026-05-01,10111.881098920412
