horizon,feature_name,display_name,raw_column,feature_group,lag,feature_kind,mean_abs_shap
1,closing_waiting_list__lag_00,closing_waiting_list,closing_waiting_list,waiting-list lags,0,raw_encoder_feature,3437.1011150744744
1,total_waiting__lag_00,total_waiting,waiting_list,waiting-list lags,0,raw_encoder_feature,3196.0688907954027
1,opening_waiting_list__lag_00,opening_waiting_list,opening_waiting_list,waiting-list lags,0,raw_encoder_feature,2577.8800033611938
1,new_rtt_periods__lag_00,new_rtt_periods,new_rtt_periods,referral or new RTT-period features,0,raw_encoder_feature,950.1776006573724
1,incomplete_total__lag_00,incomplete_total,incomplete_total,waiting-list lags,0,raw_encoder_feature,700.9613558667401
1,waiting_list_with_dta__lag_00,waiting_list_with_dta,waiting_list_with_dta,waiting-list lags,0,raw_encoder_feature,209.176612526152
1,time_index__lag_00,time_index,time_idx,calendar features,0,raw_encoder_feature,195.10062631103065
1,trust_identifier_embedding,trust_identifier_embedding,trust_idx,trust and specialty identifiers or embeddings,0,trust_identifier,173.0068324158621
1,unreported_removals__lag_00,unreported_removals,unreported_removals,unreported-removal features,0,raw_encoder_feature,48.83924830145077
1,new_rtt_periods_lag6__lag_00,new_rtt_periods_lag6,new_rtt_periods_lag6,referral or new RTT-period features,0,raw_encoder_feature,48.21001972998166
1,specialty_identifier_embedding,specialty_identifier_embedding,specialty_idx,trust and specialty identifiers or embeddings,0,specialty_identifier,46.509841745233324
1,completed_total_lag1_missing__lag_00,completed_total_lag1_missing,completed_total_lag1_missing,completed-pathway features,0,raw_encoder_feature,45.304268848329336
1,net_inflow__lag_00,net_inflow,net_inflow,referral or new RTT-period features,0,raw_encoder_feature,43.522026838702196
1,new_rtt_periods_missing__lag_00,new_rtt_periods_missing,new_rtt_periods_missing,referral or new RTT-period features,0,raw_encoder_feature,39.4380113513287
1,reported_net_inflow_lag1__lag_00,reported_net_inflow_lag1,reported_net_inflow_lag1,referral or new RTT-period features,0,raw_encoder_feature,39.1849710425832
1,opening_waiting_list_missing__lag_00,opening_waiting_list_missing,opening_waiting_list_missing,waiting-list lags,0,raw_encoder_feature,37.15189704644472
1,unreported_removals_missing__lag_00,unreported_removals_missing,unreported_removals_missing,unreported-removal features,0,raw_encoder_feature,36.23492484758595
1,new_rtt_periods_lag1_missing__lag_00,new_rtt_periods_lag1_missing,new_rtt_periods_lag1_missing,referral or new RTT-period features,0,raw_encoder_feature,33.57632990724982
1,unreported_removals_lag6_missing__lag_00,unreported_removals_lag6_missing,unreported_removals_lag6_missing,unreported-removal features,0,raw_encoder_feature,26.776849816794137
1,reported_net_inflow_lag3_missing__lag_00,reported_net_inflow_lag3_missing,reported_net_inflow_lag3_missing,referral or new RTT-period features,0,raw_encoder_feature,25.647192713150535
1,completed_non_admitted__lag_01,completed_non_admitted,completed_non_admitted,completed-pathway features,1,raw_encoder_feature,21.351321585726588
1,completed_admitted_missing__lag_02,completed_admitted_missing,completed_admitted_missing,completed-pathway features,2,raw_encoder_feature,20.881901879251988
1,completed_total_lag3_missing__lag_01,completed_total_lag3_missing,completed_total_lag3_missing,completed-pathway features,1,raw_encoder_feature,19.522820636185745
1,unreported_removals_lag1_missing__lag_00,unreported_removals_lag1_missing,unreported_removals_lag1_missing,unreported-removal features,0,raw_encoder_feature,18.418149781158505
1,new_rtt_periods_lag3_missing__lag_00,new_rtt_periods_lag3_missing,new_rtt_periods_lag3_missing,referral or new RTT-period features,0,raw_encoder_feature,17.601833633555557
1,completed_non_admitted_missing__lag_00,completed_non_admitted_missing,completed_non_admitted_missing,completed-pathway features,0,raw_encoder_feature,17.32896260171191
1,incomplete_decision_to_admit__lag_00,incomplete_decision_to_admit,incomplete_decision_to_admit,waiting-list lags,0,raw_encoder_feature,17.225008683585372
1,unreported_removals_lag1__lag_01,unreported_removals_lag1,unreported_removals_lag1,unreported-removal features,1,raw_encoder_feature,16.949578550859243
1,unreported_removals_lag6__lag_00,unreported_removals_lag6,unreported_removals_lag6,unreported-removal features,0,raw_encoder_feature,16.44135155082077
1,closing_waiting_list_missing__lag_00,closing_waiting_list_missing,closing_waiting_list_missing,waiting-list lags,0,raw_encoder_feature,16.234836746969396
1,reported_net_inflow_lag3__lag_00,reported_net_inflow_lag3,reported_net_inflow_lag3,referral or new RTT-period features,0,raw_encoder_feature,15.573941531009373
1,opening_waiting_list_missing__lag_02,opening_waiting_list_missing,opening_waiting_list_missing,waiting-list lags,2,raw_encoder_feature,15.568289708918382
1,incomplete_total__lag_02,incomplete_total,incomplete_total,waiting-list lags,2,raw_encoder_feature,15.56003060090417
1,unreported_removals_lag1__lag_00,unreported_removals_lag1,unreported_removals_lag1,unreported-removal features,0,raw_encoder_feature,15.177061380317282
1,unreported_removals__lag_02,unreported_removals,unreported_removals,unreported-removal features,2,raw_encoder_feature,14.856695496544747
1,closing_waiting_list__lag_02,closing_waiting_list,closing_waiting_list,waiting-list lags,2,raw_encoder_feature,14.37035394137762
1,completed_total_lag3__lag_02,completed_total_lag3,completed_total_lag3,completed-pathway features,2,raw_encoder_feature,14.328155303291815
1,new_rtt_periods_lag1__lag_02,new_rtt_periods_lag1,new_rtt_periods_lag1,referral or new RTT-period features,2,raw_encoder_feature,13.908845026937936
1,reported_net_inflow_lag3_missing__lag_01,reported_net_inflow_lag3_missing,reported_net_inflow_lag3_missing,referral or new RTT-period features,1,raw_encoder_feature,13.442076155995757
1,closing_waiting_list_missing__lag_01,closing_waiting_list_missing,closing_waiting_list_missing,waiting-list lags,1,raw_encoder_feature,12.955527317534534
1,unreported_removals_lag6_missing__lag_01,unreported_removals_lag6_missing,unreported_removals_lag6_missing,unreported-removal features,1,raw_encoder_feature,12.680857330943763
1,calendar_month_sin__lag_01,calendar_month_sin,month_sin,calendar features,1,raw_encoder_feature,12.566471109570482
1,unreported_removals_lag6__lag_02,unreported_removals_lag6,unreported_removals_lag6,unreported-removal features,2,raw_encoder_feature,11.308313300721952
1,reported_net_inflow_lag3__lag_01,reported_net_inflow_lag3,reported_net_inflow_lag3,referral or new RTT-period features,1,raw_encoder_feature,11.281231479372105
1,incomplete_decision_to_admit__lag_02,incomplete_decision_to_admit,incomplete_decision_to_admit,waiting-list lags,2,raw_encoder_feature,11.250976838056035
1,total_completed_pathways__lag_01,total_completed_pathways,completed_total,completed-pathway features,1,raw_encoder_feature,10.959625324507053
1,unreported_removals_lag3__lag_01,unreported_removals_lag3,unreported_removals_lag3,unreported-removal features,1,raw_encoder_feature,10.301800150032314
1,reported_net_inflow_lag1_missing__lag_00,reported_net_inflow_lag1_missing,reported_net_inflow_lag1_missing,referral or new RTT-period features,0,raw_encoder_feature,10.214108242467596
1,waiting_list_imputed__lag_00,waiting_list_imputed,waiting_list_imputed,waiting-list lags,0,raw_encoder_feature,10.176234990042817
1,new_rtt_periods__lag_01,new_rtt_periods,new_rtt_periods,referral or new RTT-period features,1,raw_encoder_feature,9.873683725200909
1,incomplete_total__lag_01,incomplete_total,incomplete_total,waiting-list lags,1,raw_encoder_feature,9.873487825688636
1,total_waiting__lag_01,total_waiting,waiting_list,waiting-list lags,1,raw_encoder_feature,9.839270629260973
1,new_rtt_periods_lag3_missing__lag_02,new_rtt_periods_lag3_missing,new_rtt_periods_lag3_missing,referral or new RTT-period features,2,raw_encoder_feature,9.7892256040064
1,completed_total_lag6_missing__lag_01,completed_total_lag6_missing,completed_total_lag6_missing,completed-pathway features,1,raw_encoder_feature,9.555017088456385
1,completed_total_lag3_missing__lag_02,completed_total_lag3_missing,completed_total_lag3_missing,completed-pathway features,2,raw_encoder_feature,9.542353761780637
1,completed_total_missing__lag_00,completed_total_missing,completed_total_missing,completed-pathway features,0,raw_encoder_feature,9.510019234959113
1,reported_net_inflow_lag6_missing__lag_01,reported_net_inflow_lag6_missing,reported_net_inflow_lag6_missing,referral or new RTT-period features,1,raw_encoder_feature,9.290684415349315
1,waiting_list_with_dta_imputed__lag_01,waiting_list_with_dta_imputed,waiting_list_with_dta_imputed,waiting-list lags,1,raw_encoder_feature,9.25463281073969
1,unreported_removals_missing__lag_02,unreported_removals_missing,unreported_removals_missing,unreported-removal features,2,raw_encoder_feature,9.240346139545395
1,completed_total_lag6__lag_00,completed_total_lag6,completed_total_lag6,completed-pathway features,0,raw_encoder_feature,9.151892132939835
1,completed_total_lag6__lag_02,completed_total_lag6,completed_total_lag6,completed-pathway features,2,raw_encoder_feature,9.012921563212373
1,reported_net_inflow_lag6__lag_02,reported_net_inflow_lag6,reported_net_inflow_lag6,referral or new RTT-period features,2,raw_encoder_feature,8.97604470058898
1,new_rtt_periods_lag3__lag_02,new_rtt_periods_lag3,new_rtt_periods_lag3,referral or new RTT-period features,2,raw_encoder_feature,8.908342537255056
1,new_rtt_periods_missing__lag_01,new_rtt_periods_missing,new_rtt_periods_missing,referral or new RTT-period features,1,raw_encoder_feature,8.864118025193928
1,completed_admitted_missing__lag_00,completed_admitted_missing,completed_admitted_missing,completed-pathway features,0,raw_encoder_feature,8.861677907126937
1,time_index__lag_01,time_index,time_idx,calendar features,1,raw_encoder_feature,8.834200975327303
1,completed_total_lag1_missing__lag_02,completed_total_lag1_missing,completed_total_lag1_missing,completed-pathway features,2,raw_encoder_feature,8.803556405864306
1,total_completed_pathways__lag_00,total_completed_pathways,completed_total,completed-pathway features,0,raw_encoder_feature,8.62527527629145
1,unreported_removals_lag3_missing__lag_02,unreported_removals_lag3_missing,unreported_removals_lag3_missing,unreported-removal features,2,raw_encoder_feature,8.384746730057348
1,unreported_removals_lag1_missing__lag_01,unreported_removals_lag1_missing,unreported_removals_lag1_missing,unreported-removal features,1,raw_encoder_feature,8.30060289783176
1,completed_non_admitted_missing__lag_02,completed_non_admitted_missing,completed_non_admitted_missing,completed-pathway features,2,raw_encoder_feature,8.016751062555842
1,reported_net_inflow_missing__lag_00,reported_net_inflow_missing,reported_net_inflow_missing,referral or new RTT-period features,0,raw_encoder_feature,7.89612337997755
1,completed_total_lag3__lag_00,completed_total_lag3,completed_total_lag3,completed-pathway features,0,raw_encoder_feature,7.75730425665158
1,unreported_removals_lag6_missing__lag_02,unreported_removals_lag6_missing,unreported_removals_lag6_missing,unreported-removal features,2,raw_encoder_feature,7.691620484867172
1,unreported_removals_lag3__lag_00,unreported_removals_lag3,unreported_removals_lag3,unreported-removal features,0,raw_encoder_feature,7.652456969806801
1,new_rtt_periods_missing__lag_02,new_rtt_periods_missing,new_rtt_periods_missing,referral or new RTT-period features,2,raw_encoder_feature,7.597083746919143
1,reported_net_inflow_missing__lag_01,reported_net_inflow_missing,reported_net_inflow_missing,referral or new RTT-period features,1,raw_encoder_feature,7.141133831150556
1,new_rtt_periods_lag3__lag_00,new_rtt_periods_lag3,new_rtt_periods_lag3,referral or new RTT-period features,0,raw_encoder_feature,6.927598023491141
1,reported_net_inflow_lag6_missing__lag_00,reported_net_inflow_lag6_missing,reported_net_inflow_lag6_missing,referral or new RTT-period features,0,raw_encoder_feature,6.84269273346305
1,closing_waiting_list__lag_01,closing_waiting_list,closing_waiting_list,waiting-list lags,1,raw_encoder_feature,6.684113495094098
1,waiting_list_with_dta_imputed__lag_00,waiting_list_with_dta_imputed,waiting_list_with_dta_imputed,waiting-list lags,0,raw_encoder_feature,6.636440245262868
1,new_rtt_periods_lag1_missing__lag_01,new_rtt_periods_lag1_missing,new_rtt_periods_lag1_missing,referral or new RTT-period features,1,raw_encoder_feature,6.583953578987154
1,completed_admitted_missing__lag_01,completed_admitted_missing,completed_admitted_missing,completed-pathway features,1,raw_encoder_feature,6.55528996553249
1,opening_waiting_list__lag_01,opening_waiting_list,opening_waiting_list,waiting-list lags,1,raw_encoder_feature,6.316838571858315
1,new_rtt_periods__lag_02,new_rtt_periods,new_rtt_periods,referral or new RTT-period features,2,raw_encoder_feature,6.307595030009387
1,unreported_removals_lag3_missing__lag_01,unreported_removals_lag3_missing,unreported_removals_lag3_missing,unreported-removal features,1,raw_encoder_feature,6.30548183414031
1,completed_non_admitted__lag_02,completed_non_admitted,completed_non_admitted,completed-pathway features,2,raw_encoder_feature,6.195433992847239
1,completed_total_lag3__lag_01,completed_total_lag3,completed_total_lag3,completed-pathway features,1,raw_encoder_feature,6.18348109661677
1,new_rtt_periods_lag1__lag_01,new_rtt_periods_lag1,new_rtt_periods_lag1,referral or new RTT-period features,1,raw_encoder_feature,6.146538700373001
1,reported_net_inflow_lag6__lag_00,reported_net_inflow_lag6,reported_net_inflow_lag6,referral or new RTT-period features,0,raw_encoder_feature,6.113515656940315
1,completed_total_lag6__lag_01,completed_total_lag6,completed_total_lag6,completed-pathway features,1,raw_encoder_feature,6.1036891112655915
1,new_rtt_periods_lag1__lag_00,new_rtt_periods_lag1,new_rtt_periods_lag1,referral or new RTT-period features,0,raw_encoder_feature,6.082453584451953
1,completed_admitted__lag_01,completed_admitted,completed_admitted,completed-pathway features,1,raw_encoder_feature,5.982574417648243
1,calendar_month_cos__lag_00,calendar_month_cos,month_cos,calendar features,0,raw_encoder_feature,5.8410265823967915
1,reported_net_inflow_lag1__lag_02,reported_net_inflow_lag1,reported_net_inflow_lag1,referral or new RTT-period features,2,raw_encoder_feature,5.7115363907115455
1,reported_net_inflow_lag6_missing__lag_02,reported_net_inflow_lag6_missing,reported_net_inflow_lag6_missing,referral or new RTT-period features,2,raw_encoder_feature,5.678100391262293
1,unreported_removals_lag3_missing__lag_00,unreported_removals_lag3_missing,unreported_removals_lag3_missing,unreported-removal features,0,raw_encoder_feature,5.35838425733871
1,opening_waiting_list__lag_02,opening_waiting_list,opening_waiting_list,waiting-list lags,2,raw_encoder_feature,5.317014631490964
1,reported_net_inflow_lag6__lag_01,reported_net_inflow_lag6,reported_net_inflow_lag6,referral or new RTT-period features,1,raw_encoder_feature,5.214348040719213
1,reported_net_inflow_lag1_missing__lag_01,reported_net_inflow_lag1_missing,reported_net_inflow_lag1_missing,referral or new RTT-period features,1,raw_encoder_feature,4.985281738533072
1,completed_total_lag1__lag_00,completed_total_lag1,completed_total_lag1,completed-pathway features,0,raw_encoder_feature,4.979087748003767
1,calendar_month_cos__lag_01,calendar_month_cos,month_cos,calendar features,1,raw_encoder_feature,4.941938645644355
1,total_waiting__lag_02,total_waiting,waiting_list,waiting-list lags,2,raw_encoder_feature,4.9244352988899855
1,time_index__lag_02,time_index,time_idx,calendar features,2,raw_encoder_feature,4.908153343858206
1,net_inflow__lag_01,net_inflow,net_inflow,referral or new RTT-period features,1,raw_encoder_feature,4.668056129736794
1,unreported_removals_lag1_missing__lag_02,unreported_removals_lag1_missing,unreported_removals_lag1_missing,unreported-removal features,2,raw_encoder_feature,4.455524326113726
1,waiting_list_imputed__lag_02,waiting_list_imputed,waiting_list_imputed,waiting-list lags,2,raw_encoder_feature,4.303166431793879
1,completed_total_missing__lag_01,completed_total_missing,completed_total_missing,completed-pathway features,1,raw_encoder_feature,4.063829274733913
1,completed_admitted__lag_02,completed_admitted,completed_admitted,completed-pathway features,2,raw_encoder_feature,4.007282518805501
1,new_rtt_periods_lag6__lag_02,new_rtt_periods_lag6,new_rtt_periods_lag6,referral or new RTT-period features,2,raw_encoder_feature,3.991920301069049
1,reported_net_inflow__lag_00,reported_net_inflow,reported_net_inflow,referral or new RTT-period features,0,raw_encoder_feature,3.9628111375320634
1,reported_net_inflow_lag3_missing__lag_02,reported_net_inflow_lag3_missing,reported_net_inflow_lag3_missing,referral or new RTT-period features,2,raw_encoder_feature,3.7806617796990065
1,waiting_list_imputed__lag_01,waiting_list_imputed,waiting_list_imputed,waiting-list lags,1,raw_encoder_feature,3.644257176379321
1,reported_net_inflow_lag3__lag_02,reported_net_inflow_lag3,reported_net_inflow_lag3,referral or new RTT-period features,2,raw_encoder_feature,3.6100429298485666
1,reported_net_inflow_lag1_missing__lag_02,reported_net_inflow_lag1_missing,reported_net_inflow_lag1_missing,referral or new RTT-period features,2,raw_encoder_feature,3.589701082286916
1,completed_total_lag1_missing__lag_01,completed_total_lag1_missing,completed_total_lag1_missing,completed-pathway features,1,raw_encoder_feature,3.521095631809351
1,completed_total_lag1__lag_02,completed_total_lag1,completed_total_lag1,completed-pathway features,2,raw_encoder_feature,3.49847786332085
1,total_completed_pathways__lag_02,total_completed_pathways,completed_total,completed-pathway features,2,raw_encoder_feature,3.0601174399180002
1,reported_net_inflow_lag1__lag_01,reported_net_inflow_lag1,reported_net_inflow_lag1,referral or new RTT-period features,1,raw_encoder_feature,2.9542385298545963
1,waiting_list_with_dta__lag_02,waiting_list_with_dta,waiting_list_with_dta,waiting-list lags,2,raw_encoder_feature,2.893967977414397
1,completed_total_missing__lag_02,completed_total_missing,completed_total_missing,completed-pathway features,2,raw_encoder_feature,2.889199326530993
1,unreported_removals_lag6__lag_01,unreported_removals_lag6,unreported_removals_lag6,unreported-removal features,1,raw_encoder_feature,2.8686022280596535
1,calendar_month_cos__lag_02,calendar_month_cos,month_cos,calendar features,2,raw_encoder_feature,2.8048733163275683
1,reported_net_inflow_missing__lag_02,reported_net_inflow_missing,reported_net_inflow_missing,referral or new RTT-period features,2,raw_encoder_feature,2.6880751825656746
1,completed_non_admitted_missing__lag_01,completed_non_admitted_missing,completed_non_admitted_missing,completed-pathway features,1,raw_encoder_feature,2.4769642809255425
1,unreported_removals_missing__lag_01,unreported_removals_missing,unreported_removals_missing,unreported-removal features,1,raw_encoder_feature,2.3383869775191566
1,completed_total_lag3_missing__lag_00,completed_total_lag3_missing,completed_total_lag3_missing,completed-pathway features,0,raw_encoder_feature,2.197549441282823
1,new_rtt_periods_lag6_missing__lag_01,new_rtt_periods_lag6_missing,new_rtt_periods_lag6_missing,referral or new RTT-period features,1,raw_encoder_feature,2.148528978698769
1,reported_net_inflow__lag_01,reported_net_inflow,reported_net_inflow,referral or new RTT-period features,1,raw_encoder_feature,2.080331115961053
1,new_rtt_periods_lag6_missing__lag_02,new_rtt_periods_lag6_missing,new_rtt_periods_lag6_missing,referral or new RTT-period features,2,raw_encoder_feature,2.0328700696531485
1,unreported_removals_lag1__lag_02,unreported_removals_lag1,unreported_removals_lag1,unreported-removal features,2,raw_encoder_feature,1.535446908633493
1,net_inflow__lag_02,net_inflow,net_inflow,referral or new RTT-period features,2,raw_encoder_feature,1.5030477520636238
1,calendar_month_sin__lag_02,calendar_month_sin,month_sin,calendar features,2,raw_encoder_feature,1.4788471681280861
1,opening_waiting_list_missing__lag_01,opening_waiting_list_missing,opening_waiting_list_missing,waiting-list lags,1,raw_encoder_feature,1.2472555017344182
1,new_rtt_periods_lag3_missing__lag_01,new_rtt_periods_lag3_missing,new_rtt_periods_lag3_missing,referral or new RTT-period features,1,raw_encoder_feature,1.2123920401906445
1,new_rtt_periods_lag6_missing__lag_00,new_rtt_periods_lag6_missing,new_rtt_periods_lag6_missing,referral or new RTT-period features,0,raw_encoder_feature,1.1682129309062985
1,reported_net_inflow__lag_02,reported_net_inflow,reported_net_inflow,referral or new RTT-period features,2,raw_encoder_feature,1.0063175950675742
1,completed_total_lag1__lag_01,completed_total_lag1,completed_total_lag1,completed-pathway features,1,raw_encoder_feature,0.971260988389065
1,new_rtt_periods_lag3__lag_01,new_rtt_periods_lag3,new_rtt_periods_lag3,referral or new RTT-period features,1,raw_encoder_feature,0.9440371031784526
1,calendar_month_sin__lag_00,calendar_month_sin,month_sin,calendar features,0,raw_encoder_feature,0.0
1,closing_waiting_list_missing__lag_02,closing_waiting_list_missing,closing_waiting_list_missing,waiting-list lags,2,raw_encoder_feature,0.0
1,completed_admitted__lag_00,completed_admitted,completed_admitted,completed-pathway features,0,raw_encoder_feature,0.0
1,completed_admitted_imputed__lag_00,completed_admitted_imputed,completed_admitted_imputed,completed-pathway features,0,raw_encoder_feature,0.0
1,completed_admitted_imputed__lag_01,completed_admitted_imputed,completed_admitted_imputed,completed-pathway features,1,raw_encoder_feature,0.0
1,completed_admitted_imputed__lag_02,completed_admitted_imputed,completed_admitted_imputed,completed-pathway features,2,raw_encoder_feature,0.0
1,completed_non_admitted__lag_00,completed_non_admitted,completed_non_admitted,completed-pathway features,0,raw_encoder_feature,0.0
1,completed_non_admitted_imputed__lag_00,completed_non_admitted_imputed,completed_non_admitted_imputed,completed-pathway features,0,raw_encoder_feature,0.0
1,completed_non_admitted_imputed__lag_01,completed_non_admitted_imputed,completed_non_admitted_imputed,completed-pathway features,1,raw_encoder_feature,0.0
1,completed_non_admitted_imputed__lag_02,completed_non_admitted_imputed,completed_non_admitted_imputed,completed-pathway features,2,raw_encoder_feature,0.0
1,completed_total_lag6_missing__lag_00,completed_total_lag6_missing,completed_total_lag6_missing,completed-pathway features,0,raw_encoder_feature,0.0
1,completed_total_lag6_missing__lag_02,completed_total_lag6_missing,completed_total_lag6_missing,completed-pathway features,2,raw_encoder_feature,0.0
1,incomplete_decision_to_admit__lag_01,incomplete_decision_to_admit,incomplete_decision_to_admit,waiting-list lags,1,raw_encoder_feature,0.0
1,new_rtt_periods_imputed__lag_00,new_rtt_periods_imputed,new_rtt_periods_imputed,referral or new RTT-period features,0,raw_encoder_feature,0.0
1,new_rtt_periods_imputed__lag_01,new_rtt_periods_imputed,new_rtt_periods_imputed,referral or new RTT-period features,1,raw_encoder_feature,0.0
1,new_rtt_periods_imputed__lag_02,new_rtt_periods_imputed,new_rtt_periods_imputed,referral or new RTT-period features,2,raw_encoder_feature,0.0
1,new_rtt_periods_lag1_missing__lag_02,new_rtt_periods_lag1_missing,new_rtt_periods_lag1_missing,referral or new RTT-period features,2,raw_encoder_feature,0.0
1,new_rtt_periods_lag6__lag_01,new_rtt_periods_lag6,new_rtt_periods_lag6,referral or new RTT-period features,1,raw_encoder_feature,0.0
1,unreported_removals__lag_01,unreported_removals,unreported_removals,unreported-removal features,1,raw_encoder_feature,0.0
1,unreported_removals_lag3__lag_02,unreported_removals_lag3,unreported_removals_lag3,unreported-removal features,2,raw_encoder_feature,0.0
1,waiting_list_with_dta__lag_01,waiting_list_with_dta,waiting_list_with_dta,waiting-list lags,1,raw_encoder_feature,0.0
1,waiting_list_with_dta_imputed__lag_02,waiting_list_with_dta_imputed,waiting_list_with_dta_imputed,waiting-list lags,2,raw_encoder_feature,0.0
6,closing_waiting_list__lag_00,closing_waiting_list,closing_waiting_list,waiting-list lags,0,raw_encoder_feature,3585.07911332779
6,total_waiting__lag_00,total_waiting,waiting_list,waiting-list lags,0,raw_encoder_feature,3340.415779161703
6,opening_waiting_list__lag_00,opening_waiting_list,opening_waiting_list,waiting-list lags,0,raw_encoder_feature,2653.580457799478
6,new_rtt_periods__lag_00,new_rtt_periods,new_rtt_periods,referral or new RTT-period features,0,raw_encoder_feature,983.1876645879923
6,incomplete_total__lag_00,incomplete_total,incomplete_total,waiting-list lags,0,raw_encoder_feature,653.8033657095434
6,time_index__lag_00,time_index,time_idx,calendar features,0,raw_encoder_feature,305.6746515697856
6,waiting_list_with_dta__lag_00,waiting_list_with_dta,waiting_list_with_dta,waiting-list lags,0,raw_encoder_feature,252.70980265254053
6,trust_identifier_embedding,trust_identifier_embedding,trust_idx,trust and specialty identifiers or embeddings,0,trust_identifier,207.01543575481614
6,new_rtt_periods_lag6__lag_00,new_rtt_periods_lag6,new_rtt_periods_lag6,referral or new RTT-period features,0,raw_encoder_feature,52.92293783312605
6,specialty_identifier_embedding,specialty_identifier_embedding,specialty_idx,trust and specialty identifiers or embeddings,0,specialty_identifier,46.69472366891286
6,reported_net_inflow_lag1__lag_00,reported_net_inflow_lag1,reported_net_inflow_lag1,referral or new RTT-period features,0,raw_encoder_feature,46.554739608458846
6,unreported_removals__lag_00,unreported_removals,unreported_removals,unreported-removal features,0,raw_encoder_feature,46.245392155009405
6,completed_total_lag1_missing__lag_00,completed_total_lag1_missing,completed_total_lag1_missing,completed-pathway features,0,raw_encoder_feature,44.72158928310793
6,new_rtt_periods_missing__lag_00,new_rtt_periods_missing,new_rtt_periods_missing,referral or new RTT-period features,0,raw_encoder_feature,43.85334079312598
6,opening_waiting_list_missing__lag_00,opening_waiting_list_missing,opening_waiting_list_missing,waiting-list lags,0,raw_encoder_feature,41.60832179590293
6,net_inflow__lag_00,net_inflow,net_inflow,referral or new RTT-period features,0,raw_encoder_feature,39.533642180956896
6,unreported_removals_missing__lag_00,unreported_removals_missing,unreported_removals_missing,unreported-removal features,0,raw_encoder_feature,38.97276137239412
6,new_rtt_periods_lag1_missing__lag_00,new_rtt_periods_lag1_missing,new_rtt_periods_lag1_missing,referral or new RTT-period features,0,raw_encoder_feature,37.66266717922101
6,unreported_removals_lag6_missing__lag_00,unreported_removals_lag6_missing,unreported_removals_lag6_missing,unreported-removal features,0,raw_encoder_feature,35.52813423585282
6,reported_net_inflow_lag3_missing__lag_00,reported_net_inflow_lag3_missing,reported_net_inflow_lag3_missing,referral or new RTT-period features,0,raw_encoder_feature,30.143131394515912
6,completed_non_admitted__lag_01,completed_non_admitted,completed_non_admitted,completed-pathway features,1,raw_encoder_feature,22.85717207597029
6,completed_admitted_missing__lag_02,completed_admitted_missing,completed_admitted_missing,completed-pathway features,2,raw_encoder_feature,22.368050026958223
6,unreported_removals_lag1_missing__lag_00,unreported_removals_lag1_missing,unreported_removals_lag1_missing,unreported-removal features,0,raw_encoder_feature,21.910727226018867
6,closing_waiting_list_missing__lag_00,closing_waiting_list_missing,closing_waiting_list_missing,waiting-list lags,0,raw_encoder_feature,20.389014447401394
6,completed_total_lag3__lag_00,completed_total_lag3,completed_total_lag3,completed-pathway features,0,raw_encoder_feature,18.879669838094426
6,incomplete_total__lag_02,incomplete_total,incomplete_total,waiting-list lags,2,raw_encoder_feature,18.85937093043485
6,unreported_removals_lag1__lag_00,unreported_removals_lag1,unreported_removals_lag1,unreported-removal features,0,raw_encoder_feature,18.3110843381169
6,unreported_removals__lag_02,unreported_removals,unreported_removals,unreported-removal features,2,raw_encoder_feature,17.69701991838266
6,new_rtt_periods_lag1__lag_02,new_rtt_periods_lag1,new_rtt_periods_lag1,referral or new RTT-period features,2,raw_encoder_feature,17.622474869693892
6,unreported_removals_lag3_missing__lag_02,unreported_removals_lag3_missing,unreported_removals_lag3_missing,unreported-removal features,2,raw_encoder_feature,17.298639214146434
6,reported_net_inflow_lag3_missing__lag_01,reported_net_inflow_lag3_missing,reported_net_inflow_lag3_missing,referral or new RTT-period features,1,raw_encoder_feature,17.119467659937797
6,incomplete_decision_to_admit__lag_00,incomplete_decision_to_admit,incomplete_decision_to_admit,waiting-list lags,0,raw_encoder_feature,16.98107264289826
6,completed_total_lag3__lag_02,completed_total_lag3,completed_total_lag3,completed-pathway features,2,raw_encoder_feature,16.782477747397483
6,unreported_removals_lag6__lag_00,unreported_removals_lag6,unreported_removals_lag6,unreported-removal features,0,raw_encoder_feature,16.485303606696316
6,closing_waiting_list_missing__lag_01,closing_waiting_list_missing,closing_waiting_list_missing,waiting-list lags,1,raw_encoder_feature,15.19117908791858
6,completed_non_admitted_missing__lag_00,completed_non_admitted_missing,completed_non_admitted_missing,completed-pathway features,0,raw_encoder_feature,15.136010725436925
6,completed_total_lag3_missing__lag_01,completed_total_lag3_missing,completed_total_lag3_missing,completed-pathway features,1,raw_encoder_feature,14.97862995845329
6,reported_net_inflow_lag1_missing__lag_00,reported_net_inflow_lag1_missing,reported_net_inflow_lag1_missing,referral or new RTT-period features,0,raw_encoder_feature,14.803900821265811
6,reported_net_inflow_lag6_missing__lag_01,reported_net_inflow_lag6_missing,reported_net_inflow_lag6_missing,referral or new RTT-period features,1,raw_encoder_feature,14.627079679038479
6,completed_total_lag6__lag_00,completed_total_lag6,completed_total_lag6,completed-pathway features,0,raw_encoder_feature,13.959823605091163
6,unreported_removals_lag6_missing__lag_01,unreported_removals_lag6_missing,unreported_removals_lag6_missing,unreported-removal features,1,raw_encoder_feature,13.671493496628862
6,unreported_removals_lag6__lag_02,unreported_removals_lag6,unreported_removals_lag6,unreported-removal features,2,raw_encoder_feature,13.134593495356283
6,new_rtt_periods__lag_01,new_rtt_periods,new_rtt_periods,referral or new RTT-period features,1,raw_encoder_feature,12.766574709267339
6,total_completed_pathways__lag_01,total_completed_pathways,completed_total,completed-pathway features,1,raw_encoder_feature,12.765327911687814
6,incomplete_decision_to_admit__lag_02,incomplete_decision_to_admit,incomplete_decision_to_admit,waiting-list lags,2,raw_encoder_feature,12.739296877824499
6,time_index__lag_01,time_index,time_idx,calendar features,1,raw_encoder_feature,12.387505611761764
6,opening_waiting_list__lag_01,opening_waiting_list,opening_waiting_list,waiting-list lags,1,raw_encoder_feature,12.22790209176945
6,calendar_month_sin__lag_01,calendar_month_sin,month_sin,calendar features,1,raw_encoder_feature,12.144832187255991
6,waiting_list_imputed__lag_00,waiting_list_imputed,waiting_list_imputed,waiting-list lags,0,raw_encoder_feature,11.873130085957818
6,waiting_list_with_dta_imputed__lag_01,waiting_list_with_dta_imputed,waiting_list_with_dta_imputed,waiting-list lags,1,raw_encoder_feature,11.7700579187348
6,unreported_removals_lag1__lag_01,unreported_removals_lag1,unreported_removals_lag1,unreported-removal features,1,raw_encoder_feature,11.766704624210725
6,reported_net_inflow_lag6__lag_02,reported_net_inflow_lag6,reported_net_inflow_lag6,referral or new RTT-period features,2,raw_encoder_feature,11.692886281100675
6,completed_non_admitted_missing__lag_02,completed_non_admitted_missing,completed_non_admitted_missing,completed-pathway features,2,raw_encoder_feature,11.527311396350887
6,reported_net_inflow_missing__lag_01,reported_net_inflow_missing,reported_net_inflow_missing,referral or new RTT-period features,1,raw_encoder_feature,10.963683515293425
6,reported_net_inflow_missing__lag_00,reported_net_inflow_missing,reported_net_inflow_missing,referral or new RTT-period features,0,raw_encoder_feature,9.652532985672252
6,reported_net_inflow_lag3__lag_00,reported_net_inflow_lag3,reported_net_inflow_lag3,referral or new RTT-period features,0,raw_encoder_feature,9.56274946216903
6,unreported_removals_missing__lag_02,unreported_removals_missing,unreported_removals_missing,unreported-removal features,2,raw_encoder_feature,9.537645731203947
6,completed_total_lag6_missing__lag_01,completed_total_lag6_missing,completed_total_lag6_missing,completed-pathway features,1,raw_encoder_feature,9.325145110800774
6,unreported_removals_missing__lag_01,unreported_removals_missing,unreported_removals_missing,unreported-removal features,1,raw_encoder_feature,9.303083949503517
6,unreported_removals_lag3_missing__lag_00,unreported_removals_lag3_missing,unreported_removals_lag3_missing,unreported-removal features,0,raw_encoder_feature,9.28120704544066
6,reported_net_inflow_lag1__lag_01,reported_net_inflow_lag1,reported_net_inflow_lag1,referral or new RTT-period features,1,raw_encoder_feature,9.277073633559915
6,new_rtt_periods_lag3_missing__lag_02,new_rtt_periods_lag3_missing,new_rtt_periods_lag3_missing,referral or new RTT-period features,2,raw_encoder_feature,9.223039373040432
6,total_completed_pathways__lag_00,total_completed_pathways,completed_total,completed-pathway features,0,raw_encoder_feature,9.016281993586817
6,completed_total_lag6__lag_02,completed_total_lag6,completed_total_lag6,completed-pathway features,2,raw_encoder_feature,8.89133508736163
6,reported_net_inflow_lag1_missing__lag_01,reported_net_inflow_lag1_missing,reported_net_inflow_lag1_missing,referral or new RTT-period features,1,raw_encoder_feature,8.886109992886826
6,unreported_removals_lag1_missing__lag_01,unreported_removals_lag1_missing,unreported_removals_lag1_missing,unreported-removal features,1,raw_encoder_feature,8.717353412136628
6,reported_net_inflow_lag3_missing__lag_02,reported_net_inflow_lag3_missing,reported_net_inflow_lag3_missing,referral or new RTT-period features,2,raw_encoder_feature,8.459264066583552
6,reported_net_inflow_lag6_missing__lag_00,reported_net_inflow_lag6_missing,reported_net_inflow_lag6_missing,referral or new RTT-period features,0,raw_encoder_feature,8.359371225221901
6,reported_net_inflow_lag6__lag_01,reported_net_inflow_lag6,reported_net_inflow_lag6,referral or new RTT-period features,1,raw_encoder_feature,8.252032913049204
6,reported_net_inflow_lag3__lag_01,reported_net_inflow_lag3,reported_net_inflow_lag3,referral or new RTT-period features,1,raw_encoder_feature,8.186671564955999
6,reported_net_inflow_lag6_missing__lag_02,reported_net_inflow_lag6_missing,reported_net_inflow_lag6_missing,referral or new RTT-period features,2,raw_encoder_feature,7.994383886094209
6,opening_waiting_list__lag_02,opening_waiting_list,opening_waiting_list,waiting-list lags,2,raw_encoder_feature,7.978096580490963
6,unreported_removals_lag3__lag_00,unreported_removals_lag3,unreported_removals_lag3,unreported-removal features,0,raw_encoder_feature,7.846625807227053
6,new_rtt_periods_lag1_missing__lag_01,new_rtt_periods_lag1_missing,new_rtt_periods_lag1_missing,referral or new RTT-period features,1,raw_encoder_feature,7.812857084087281
6,new_rtt_periods_lag1__lag_01,new_rtt_periods_lag1,new_rtt_periods_lag1,referral or new RTT-period features,1,raw_encoder_feature,7.808968327489328
6,reported_net_inflow_lag1__lag_02,reported_net_inflow_lag1,reported_net_inflow_lag1,referral or new RTT-period features,2,raw_encoder_feature,7.789107979525709
6,new_rtt_periods_lag3__lag_00,new_rtt_periods_lag3,new_rtt_periods_lag3,referral or new RTT-period features,0,raw_encoder_feature,7.775331673527249
6,closing_waiting_list__lag_02,closing_waiting_list,closing_waiting_list,waiting-list lags,2,raw_encoder_feature,7.773250837090025
6,new_rtt_periods__lag_02,new_rtt_periods,new_rtt_periods,referral or new RTT-period features,2,raw_encoder_feature,7.737812870896102
6,new_rtt_periods_lag6__lag_02,new_rtt_periods_lag6,new_rtt_periods_lag6,referral or new RTT-period features,2,raw_encoder_feature,7.648925623031485
6,completed_total_lag1_missing__lag_02,completed_total_lag1_missing,completed_total_lag1_missing,completed-pathway features,2,raw_encoder_feature,7.5348835086003625
6,completed_total_lag3_missing__lag_02,completed_total_lag3_missing,completed_total_lag3_missing,completed-pathway features,2,raw_encoder_feature,7.315528380950468
6,unreported_removals_lag6_missing__lag_02,unreported_removals_lag6_missing,unreported_removals_lag6_missing,unreported-removal features,2,raw_encoder_feature,7.226948362930404
6,opening_waiting_list_missing__lag_02,opening_waiting_list_missing,opening_waiting_list_missing,waiting-list lags,2,raw_encoder_feature,7.1123991805362765
6,completed_total_lag3__lag_01,completed_total_lag3,completed_total_lag3,completed-pathway features,1,raw_encoder_feature,7.088141615900782
6,new_rtt_periods_lag1__lag_00,new_rtt_periods_lag1,new_rtt_periods_lag1,referral or new RTT-period features,0,raw_encoder_feature,7.075126572029319
6,new_rtt_periods_missing__lag_02,new_rtt_periods_missing,new_rtt_periods_missing,referral or new RTT-period features,2,raw_encoder_feature,7.043018360056424
6,reported_net_inflow__lag_00,reported_net_inflow,reported_net_inflow,referral or new RTT-period features,0,raw_encoder_feature,6.9440071172056355
6,new_rtt_periods_lag3__lag_02,new_rtt_periods_lag3,new_rtt_periods_lag3,referral or new RTT-period features,2,raw_encoder_feature,6.921408982780116
6,total_waiting__lag_01,total_waiting,waiting_list,waiting-list lags,1,raw_encoder_feature,6.912290227413155
6,waiting_list_with_dta__lag_02,waiting_list_with_dta,waiting_list_with_dta,waiting-list lags,2,raw_encoder_feature,6.846934398195831
6,completed_total_missing__lag_00,completed_total_missing,completed_total_missing,completed-pathway features,0,raw_encoder_feature,6.6791130819263325
6,incomplete_total__lag_01,incomplete_total,incomplete_total,waiting-list lags,1,raw_encoder_feature,6.60151768759697
6,completed_total_lag6_missing__lag_00,completed_total_lag6_missing,completed_total_lag6_missing,completed-pathway features,0,raw_encoder_feature,6.415372543913083
6,completed_admitted_missing__lag_01,completed_admitted_missing,completed_admitted_missing,completed-pathway features,1,raw_encoder_feature,6.367898398581268
6,time_index__lag_02,time_index,time_idx,calendar features,2,raw_encoder_feature,5.989143252751701
6,waiting_list_with_dta_imputed__lag_02,waiting_list_with_dta_imputed,waiting_list_with_dta_imputed,waiting-list lags,2,raw_encoder_feature,5.964975370695647
6,net_inflow__lag_01,net_inflow,net_inflow,referral or new RTT-period features,1,raw_encoder_feature,5.854841647603203
6,waiting_list_imputed__lag_02,waiting_list_imputed,waiting_list_imputed,waiting-list lags,2,raw_encoder_feature,5.778936764284096
6,calendar_month_cos__lag_01,calendar_month_cos,month_cos,calendar features,1,raw_encoder_feature,5.6976619868973755
6,calendar_month_sin__lag_00,calendar_month_sin,month_sin,calendar features,0,raw_encoder_feature,5.6224037431077525
6,unreported_removals_lag3_missing__lag_01,unreported_removals_lag3_missing,unreported_removals_lag3_missing,unreported-removal features,1,raw_encoder_feature,5.525526232162008
6,completed_admitted_missing__lag_00,completed_admitted_missing,completed_admitted_missing,completed-pathway features,0,raw_encoder_feature,5.15880314836621
6,completed_total_lag1__lag_00,completed_total_lag1,completed_total_lag1,completed-pathway features,0,raw_encoder_feature,5.147303531764428
6,unreported_removals_lag3__lag_01,unreported_removals_lag3,unreported_removals_lag3,unreported-removal features,1,raw_encoder_feature,4.981601667212547
6,reported_net_inflow_missing__lag_02,reported_net_inflow_missing,reported_net_inflow_missing,referral or new RTT-period features,2,raw_encoder_feature,4.707104979708016
6,completed_admitted__lag_02,completed_admitted,completed_admitted,completed-pathway features,2,raw_encoder_feature,4.628352926516924
6,new_rtt_periods_lag3_missing__lag_00,new_rtt_periods_lag3_missing,new_rtt_periods_lag3_missing,referral or new RTT-period features,0,raw_encoder_feature,4.591541539379194
6,completed_admitted__lag_01,completed_admitted,completed_admitted,completed-pathway features,1,raw_encoder_feature,4.392210464183191
6,reported_net_inflow_lag3__lag_02,reported_net_inflow_lag3,reported_net_inflow_lag3,referral or new RTT-period features,2,raw_encoder_feature,4.368056802816764
6,waiting_list_imputed__lag_01,waiting_list_imputed,waiting_list_imputed,waiting-list lags,1,raw_encoder_feature,4.297320614854411
6,completed_total_lag1__lag_02,completed_total_lag1,completed_total_lag1,completed-pathway features,2,raw_encoder_feature,4.275719434106385
6,reported_net_inflow_lag1_missing__lag_02,reported_net_inflow_lag1_missing,reported_net_inflow_lag1_missing,referral or new RTT-period features,2,raw_encoder_feature,4.165206455255029
6,completed_non_admitted__lag_02,completed_non_admitted,completed_non_admitted,completed-pathway features,2,raw_encoder_feature,4.109385926951468
6,completed_total_lag6__lag_01,completed_total_lag6,completed_total_lag6,completed-pathway features,1,raw_encoder_feature,4.10419976551293
6,completed_non_admitted_missing__lag_01,completed_non_admitted_missing,completed_non_admitted_missing,completed-pathway features,1,raw_encoder_feature,3.9162037602424697
6,new_rtt_periods_missing__lag_01,new_rtt_periods_missing,new_rtt_periods_missing,referral or new RTT-period features,1,raw_encoder_feature,3.7766328067204755
6,unreported_removals_lag6__lag_01,unreported_removals_lag6,unreported_removals_lag6,unreported-removal features,1,raw_encoder_feature,3.6050167755513653
6,total_waiting__lag_02,total_waiting,waiting_list,waiting-list lags,2,raw_encoder_feature,3.450486434302446
6,completed_total_missing__lag_02,completed_total_missing,completed_total_missing,completed-pathway features,2,raw_encoder_feature,3.4054650102684136
6,closing_waiting_list__lag_01,closing_waiting_list,closing_waiting_list,waiting-list lags,1,raw_encoder_feature,3.2085940432151534
6,completed_total_lag1_missing__lag_01,completed_total_lag1_missing,completed_total_lag1_missing,completed-pathway features,1,raw_encoder_feature,3.049120625945623
6,calendar_month_cos__lag_00,calendar_month_cos,month_cos,calendar features,0,raw_encoder_feature,3.0206823562820735
6,calendar_month_cos__lag_02,calendar_month_cos,month_cos,calendar features,2,raw_encoder_feature,2.9074571665686135
6,reported_net_inflow__lag_01,reported_net_inflow,reported_net_inflow,referral or new RTT-period features,1,raw_encoder_feature,2.732275307700293
6,new_rtt_periods_lag6_missing__lag_02,new_rtt_periods_lag6_missing,new_rtt_periods_lag6_missing,referral or new RTT-period features,2,raw_encoder_feature,2.70105436461492
6,new_rtt_periods_lag6_missing__lag_01,new_rtt_periods_lag6_missing,new_rtt_periods_lag6_missing,referral or new RTT-period features,1,raw_encoder_feature,2.605548458831927
6,reported_net_inflow__lag_02,reported_net_inflow,reported_net_inflow,referral or new RTT-period features,2,raw_encoder_feature,2.5841697427168784
6,new_rtt_periods_lag6_missing__lag_00,new_rtt_periods_lag6_missing,new_rtt_periods_lag6_missing,referral or new RTT-period features,0,raw_encoder_feature,2.2475731085454895
6,calendar_month_sin__lag_02,calendar_month_sin,month_sin,calendar features,2,raw_encoder_feature,2.220178173670221
6,unreported_removals_lag1_missing__lag_02,unreported_removals_lag1_missing,unreported_removals_lag1_missing,unreported-removal features,2,raw_encoder_feature,2.2194433946151673
6,reported_net_inflow_lag6__lag_00,reported_net_inflow_lag6,reported_net_inflow_lag6,referral or new RTT-period features,0,raw_encoder_feature,2.2051202974105117
6,net_inflow__lag_02,net_inflow,net_inflow,referral or new RTT-period features,2,raw_encoder_feature,2.118117174963999
6,total_completed_pathways__lag_02,total_completed_pathways,completed_total,completed-pathway features,2,raw_encoder_feature,1.953083058602986
6,completed_non_admitted__lag_00,completed_non_admitted,completed_non_admitted,completed-pathway features,0,raw_encoder_feature,1.9499968070531275
6,completed_total_missing__lag_01,completed_total_missing,completed_total_missing,completed-pathway features,1,raw_encoder_feature,1.7514111409873854
6,opening_waiting_list_missing__lag_01,opening_waiting_list_missing,opening_waiting_list_missing,waiting-list lags,1,raw_encoder_feature,1.6788010079787858
6,completed_total_lag3_missing__lag_00,completed_total_lag3_missing,completed_total_lag3_missing,completed-pathway features,0,raw_encoder_feature,1.6149284078199349
6,unreported_removals_lag1__lag_02,unreported_removals_lag1,unreported_removals_lag1,unreported-removal features,2,raw_encoder_feature,1.4416260874202065
6,unreported_removals__lag_01,unreported_removals,unreported_removals,unreported-removal features,1,raw_encoder_feature,1.3796409736544593
6,new_rtt_periods_lag1_missing__lag_02,new_rtt_periods_lag1_missing,new_rtt_periods_lag1_missing,referral or new RTT-period features,2,raw_encoder_feature,1.235621223335478
6,completed_total_lag1__lag_01,completed_total_lag1,completed_total_lag1,completed-pathway features,1,raw_encoder_feature,1.2233293797917446
6,new_rtt_periods_lag3_missing__lag_01,new_rtt_periods_lag3_missing,new_rtt_periods_lag3_missing,referral or new RTT-period features,1,raw_encoder_feature,1.174059757682062
6,new_rtt_periods_lag3__lag_01,new_rtt_periods_lag3,new_rtt_periods_lag3,referral or new RTT-period features,1,raw_encoder_feature,0.6914583396673245
6,closing_waiting_list_missing__lag_02,closing_waiting_list_missing,closing_waiting_list_missing,waiting-list lags,2,raw_encoder_feature,0.0
6,completed_admitted__lag_00,completed_admitted,completed_admitted,completed-pathway features,0,raw_encoder_feature,0.0
6,completed_admitted_imputed__lag_00,completed_admitted_imputed,completed_admitted_imputed,completed-pathway features,0,raw_encoder_feature,0.0
6,completed_admitted_imputed__lag_01,completed_admitted_imputed,completed_admitted_imputed,completed-pathway features,1,raw_encoder_feature,0.0
6,completed_admitted_imputed__lag_02,completed_admitted_imputed,completed_admitted_imputed,completed-pathway features,2,raw_encoder_feature,0.0
6,completed_non_admitted_imputed__lag_00,completed_non_admitted_imputed,completed_non_admitted_imputed,completed-pathway features,0,raw_encoder_feature,0.0
6,completed_non_admitted_imputed__lag_01,completed_non_admitted_imputed,completed_non_admitted_imputed,completed-pathway features,1,raw_encoder_feature,0.0
6,completed_non_admitted_imputed__lag_02,completed_non_admitted_imputed,completed_non_admitted_imputed,completed-pathway features,2,raw_encoder_feature,0.0
6,completed_total_lag6_missing__lag_02,completed_total_lag6_missing,completed_total_lag6_missing,completed-pathway features,2,raw_encoder_feature,0.0
6,incomplete_decision_to_admit__lag_01,incomplete_decision_to_admit,incomplete_decision_to_admit,waiting-list lags,1,raw_encoder_feature,0.0
6,new_rtt_periods_imputed__lag_00,new_rtt_periods_imputed,new_rtt_periods_imputed,referral or new RTT-period features,0,raw_encoder_feature,0.0
6,new_rtt_periods_imputed__lag_01,new_rtt_periods_imputed,new_rtt_periods_imputed,referral or new RTT-period features,1,raw_encoder_feature,0.0
6,new_rtt_periods_imputed__lag_02,new_rtt_periods_imputed,new_rtt_periods_imputed,referral or new RTT-period features,2,raw_encoder_feature,0.0
6,new_rtt_periods_lag6__lag_01,new_rtt_periods_lag6,new_rtt_periods_lag6,referral or new RTT-period features,1,raw_encoder_feature,0.0
6,unreported_removals_lag3__lag_02,unreported_removals_lag3,unreported_removals_lag3,unreported-removal features,2,raw_encoder_feature,0.0
6,waiting_list_with_dta__lag_01,waiting_list_with_dta,waiting_list_with_dta,waiting-list lags,1,raw_encoder_feature,0.0
6,waiting_list_with_dta_imputed__lag_00,waiting_list_with_dta_imputed,waiting_list_with_dta_imputed,waiting-list lags,0,raw_encoder_feature,0.0
12,closing_waiting_list__lag_00,closing_waiting_list,closing_waiting_list,waiting-list lags,0,raw_encoder_feature,3668.849516617588
12,total_waiting__lag_00,total_waiting,waiting_list,waiting-list lags,0,raw_encoder_feature,3435.848467078635
12,opening_waiting_list__lag_00,opening_waiting_list,opening_waiting_list,waiting-list lags,0,raw_encoder_feature,2684.679684421973
12,new_rtt_periods__lag_00,new_rtt_periods,new_rtt_periods,referral or new RTT-period features,0,raw_encoder_feature,1007.6145264536684
12,incomplete_total__lag_00,incomplete_total,incomplete_total,waiting-list lags,0,raw_encoder_feature,487.2288319200886
12,time_index__lag_00,time_index,time_idx,calendar features,0,raw_encoder_feature,377.1231380014989
12,waiting_list_with_dta__lag_00,waiting_list_with_dta,waiting_list_with_dta,waiting-list lags,0,raw_encoder_feature,294.8938621711488
12,trust_identifier_embedding,trust_identifier_embedding,trust_idx,trust and specialty identifiers or embeddings,0,trust_identifier,233.97018792700806
12,new_rtt_periods_lag6__lag_00,new_rtt_periods_lag6,new_rtt_periods_lag6,referral or new RTT-period features,0,raw_encoder_feature,58.06245986342628
12,reported_net_inflow_lag1__lag_00,reported_net_inflow_lag1,reported_net_inflow_lag1,referral or new RTT-period features,0,raw_encoder_feature,50.4490366594147
12,specialty_identifier_embedding,specialty_identifier_embedding,specialty_idx,trust and specialty identifiers or embeddings,0,specialty_identifier,46.88825078608106
12,unreported_removals_missing__lag_00,unreported_removals_missing,unreported_removals_missing,unreported-removal features,0,raw_encoder_feature,43.56842982021223
12,new_rtt_periods_lag1_missing__lag_00,new_rtt_periods_lag1_missing,new_rtt_periods_lag1_missing,referral or new RTT-period features,0,raw_encoder_feature,42.64033427843998
12,new_rtt_periods_missing__lag_00,new_rtt_periods_missing,new_rtt_periods_missing,referral or new RTT-period features,0,raw_encoder_feature,39.78119585497928
12,opening_waiting_list_missing__lag_00,opening_waiting_list_missing,opening_waiting_list_missing,waiting-list lags,0,raw_encoder_feature,36.79617608930555
12,unreported_removals_lag6_missing__lag_00,unreported_removals_lag6_missing,unreported_removals_lag6_missing,unreported-removal features,0,raw_encoder_feature,33.61406827237721
12,net_inflow__lag_00,net_inflow,net_inflow,referral or new RTT-period features,0,raw_encoder_feature,28.739822395219168
12,completed_total_lag1_missing__lag_00,completed_total_lag1_missing,completed_total_lag1_missing,completed-pathway features,0,raw_encoder_feature,26.352372155317372
12,unreported_removals__lag_00,unreported_removals,unreported_removals,unreported-removal features,0,raw_encoder_feature,26.09431840416916
12,closing_waiting_list_missing__lag_00,closing_waiting_list_missing,closing_waiting_list_missing,waiting-list lags,0,raw_encoder_feature,26.028932780464018
12,completed_non_admitted__lag_01,completed_non_admitted,completed_non_admitted,completed-pathway features,1,raw_encoder_feature,23.55098075662828
12,completed_admitted_missing__lag_02,completed_admitted_missing,completed_admitted_missing,completed-pathway features,2,raw_encoder_feature,22.76597394473089
12,completed_total_lag3__lag_00,completed_total_lag3,completed_total_lag3,completed-pathway features,0,raw_encoder_feature,21.90323876291937
12,reported_net_inflow_lag3_missing__lag_00,reported_net_inflow_lag3_missing,reported_net_inflow_lag3_missing,referral or new RTT-period features,0,raw_encoder_feature,21.56568282317553
12,incomplete_total__lag_02,incomplete_total,incomplete_total,waiting-list lags,2,raw_encoder_feature,21.289427668542565
12,unreported_removals_lag1_missing__lag_00,unreported_removals_lag1_missing,unreported_removals_lag1_missing,unreported-removal features,0,raw_encoder_feature,20.978506872067193
12,new_rtt_periods_lag1__lag_02,new_rtt_periods_lag1,new_rtt_periods_lag1,referral or new RTT-period features,2,raw_encoder_feature,20.289584888322153
12,reported_net_inflow_lag3_missing__lag_01,reported_net_inflow_lag3_missing,reported_net_inflow_lag3_missing,referral or new RTT-period features,1,raw_encoder_feature,20.26799617331918
12,unreported_removals_lag3_missing__lag_02,unreported_removals_lag3_missing,unreported_removals_lag3_missing,unreported-removal features,2,raw_encoder_feature,19.49045062207951
12,completed_total_lag3__lag_02,completed_total_lag3,completed_total_lag3,completed-pathway features,2,raw_encoder_feature,18.83382596511236
12,closing_waiting_list_missing__lag_01,closing_waiting_list_missing,closing_waiting_list_missing,waiting-list lags,1,raw_encoder_feature,18.599826950318633
12,unreported_removals_lag1__lag_00,unreported_removals_lag1,unreported_removals_lag1,unreported-removal features,0,raw_encoder_feature,18.470133727693838
12,reported_net_inflow_lag1_missing__lag_00,reported_net_inflow_lag1_missing,reported_net_inflow_lag1_missing,referral or new RTT-period features,0,raw_encoder_feature,18.401791953837815
12,incomplete_decision_to_admit__lag_00,incomplete_decision_to_admit,incomplete_decision_to_admit,waiting-list lags,0,raw_encoder_feature,17.431509091788065
12,completed_non_admitted_missing__lag_00,completed_non_admitted_missing,completed_non_admitted_missing,completed-pathway features,0,raw_encoder_feature,17.28888454538163
12,unreported_removals__lag_02,unreported_removals,unreported_removals,unreported-removal features,2,raw_encoder_feature,16.469803103513602
12,unreported_removals_lag6__lag_00,unreported_removals_lag6,unreported_removals_lag6,unreported-removal features,0,raw_encoder_feature,16.459150850398306
12,completed_total_lag6__lag_00,completed_total_lag6,completed_total_lag6,completed-pathway features,0,raw_encoder_feature,16.13086103358462
12,opening_waiting_list__lag_01,opening_waiting_list,opening_waiting_list,waiting-list lags,1,raw_encoder_feature,14.771752539912345
12,unreported_removals_lag6__lag_02,unreported_removals_lag6,unreported_removals_lag6,unreported-removal features,2,raw_encoder_feature,14.64863295206316
12,waiting_list_imputed__lag_02,waiting_list_imputed,waiting_list_imputed,waiting-list lags,2,raw_encoder_feature,14.531707152876857
12,total_completed_pathways__lag_01,total_completed_pathways,completed_total,completed-pathway features,1,raw_encoder_feature,14.503250488259942
12,unreported_removals_missing__lag_02,unreported_removals_missing,unreported_removals_missing,unreported-removal features,2,raw_encoder_feature,14.379969340701212
12,reported_net_inflow_lag6_missing__lag_01,reported_net_inflow_lag6_missing,reported_net_inflow_lag6_missing,referral or new RTT-period features,1,raw_encoder_feature,13.885437300825263
12,waiting_list_with_dta_imputed__lag_01,waiting_list_with_dta_imputed,waiting_list_with_dta_imputed,waiting-list lags,1,raw_encoder_feature,13.875775972799524
12,time_index__lag_01,time_index,time_idx,calendar features,1,raw_encoder_feature,13.547786776212076
12,completed_total_lag3_missing__lag_01,completed_total_lag3_missing,completed_total_lag3_missing,completed-pathway features,1,raw_encoder_feature,13.220175207265608
12,calendar_month_sin__lag_01,calendar_month_sin,month_sin,calendar features,1,raw_encoder_feature,13.123736695412525
12,new_rtt_periods__lag_01,new_rtt_periods,new_rtt_periods,referral or new RTT-period features,1,raw_encoder_feature,13.105178717179255
12,waiting_list_imputed__lag_00,waiting_list_imputed,waiting_list_imputed,waiting-list lags,0,raw_encoder_feature,12.899616731503533
12,incomplete_decision_to_admit__lag_02,incomplete_decision_to_admit,incomplete_decision_to_admit,waiting-list lags,2,raw_encoder_feature,12.363860580704204
12,reported_net_inflow_lag3__lag_01,reported_net_inflow_lag3,reported_net_inflow_lag3,referral or new RTT-period features,1,raw_encoder_feature,12.289206194652046
12,unreported_removals_lag3_missing__lag_01,unreported_removals_lag3_missing,unreported_removals_lag3_missing,unreported-removal features,1,raw_encoder_feature,12.212639032170477
12,reported_net_inflow__lag_00,reported_net_inflow,reported_net_inflow,referral or new RTT-period features,0,raw_encoder_feature,12.084892418782072
12,unreported_removals_lag6_missing__lag_01,unreported_removals_lag6_missing,unreported_removals_lag6_missing,unreported-removal features,1,raw_encoder_feature,11.948745086986092
12,closing_waiting_list__lag_02,closing_waiting_list,closing_waiting_list,waiting-list lags,2,raw_encoder_feature,11.67694777549335
12,reported_net_inflow__lag_02,reported_net_inflow,reported_net_inflow,referral or new RTT-period features,2,raw_encoder_feature,11.177160269574323
12,reported_net_inflow_missing__lag_01,reported_net_inflow_missing,reported_net_inflow_missing,referral or new RTT-period features,1,raw_encoder_feature,10.416574304626543
12,unreported_removals_missing__lag_01,unreported_removals_missing,unreported_removals_missing,unreported-removal features,1,raw_encoder_feature,10.175746190893094
12,reported_net_inflow_lag3__lag_00,reported_net_inflow_lag3,reported_net_inflow_lag3,referral or new RTT-period features,0,raw_encoder_feature,9.935296537992233
12,unreported_removals_lag1__lag_01,unreported_removals_lag1,unreported_removals_lag1,unreported-removal features,1,raw_encoder_feature,9.838024912508693
12,reported_net_inflow_lag6_missing__lag_00,reported_net_inflow_lag6_missing,reported_net_inflow_lag6_missing,referral or new RTT-period features,0,raw_encoder_feature,9.818180698989261
12,reported_net_inflow_lag6__lag_01,reported_net_inflow_lag6,reported_net_inflow_lag6,referral or new RTT-period features,1,raw_encoder_feature,9.78209767843145
12,reported_net_inflow_lag1__lag_02,reported_net_inflow_lag1,reported_net_inflow_lag1,referral or new RTT-period features,2,raw_encoder_feature,9.712289339937836
12,reported_net_inflow_lag1_missing__lag_01,reported_net_inflow_lag1_missing,reported_net_inflow_lag1_missing,referral or new RTT-period features,1,raw_encoder_feature,9.571454958551199
12,new_rtt_periods_lag3__lag_02,new_rtt_periods_lag3,new_rtt_periods_lag3,referral or new RTT-period features,2,raw_encoder_feature,9.360542224185318
12,completed_total_lag6_missing__lag_01,completed_total_lag6_missing,completed_total_lag6_missing,completed-pathway features,1,raw_encoder_feature,9.350333140418746
12,completed_non_admitted__lag_00,completed_non_admitted,completed_non_admitted,completed-pathway features,0,raw_encoder_feature,9.309541640427705
12,completed_total_lag6__lag_02,completed_total_lag6,completed_total_lag6,completed-pathway features,2,raw_encoder_feature,9.279709247180318
12,total_completed_pathways__lag_00,total_completed_pathways,completed_total,completed-pathway features,0,raw_encoder_feature,9.122232088824523
12,new_rtt_periods_lag6__lag_02,new_rtt_periods_lag6,new_rtt_periods_lag6,referral or new RTT-period features,2,raw_encoder_feature,8.840839887091436
12,unreported_removals_lag3_missing__lag_00,unreported_removals_lag3_missing,unreported_removals_lag3_missing,unreported-removal features,0,raw_encoder_feature,8.684976863395331
12,new_rtt_periods__lag_02,new_rtt_periods,new_rtt_periods,referral or new RTT-period features,2,raw_encoder_feature,8.569043803664542
12,new_rtt_periods_lag1__lag_00,new_rtt_periods_lag1,new_rtt_periods_lag1,referral or new RTT-period features,0,raw_encoder_feature,8.499862098485211
12,unreported_removals_lag1_missing__lag_02,unreported_removals_lag1_missing,unreported_removals_lag1_missing,unreported-removal features,2,raw_encoder_feature,8.336290822668987
12,completed_total_lag3__lag_01,completed_total_lag3,completed_total_lag3,completed-pathway features,1,raw_encoder_feature,8.266789290677888
12,new_rtt_periods_lag3__lag_00,new_rtt_periods_lag3,new_rtt_periods_lag3,referral or new RTT-period features,0,raw_encoder_feature,8.26410327945784
12,unreported_removals_lag3__lag_01,unreported_removals_lag3,unreported_removals_lag3,unreported-removal features,1,raw_encoder_feature,8.259122729251883
12,unreported_removals_lag3__lag_00,unreported_removals_lag3,unreported_removals_lag3,unreported-removal features,0,raw_encoder_feature,8.23369984283598
12,completed_total_lag1_missing__lag_02,completed_total_lag1_missing,completed_total_lag1_missing,completed-pathway features,2,raw_encoder_feature,8.229063916229139
12,completed_non_admitted_missing__lag_02,completed_non_admitted_missing,completed_non_admitted_missing,completed-pathway features,2,raw_encoder_feature,8.090735530636056
12,reported_net_inflow_missing__lag_00,reported_net_inflow_missing,reported_net_inflow_missing,referral or new RTT-period features,0,raw_encoder_feature,8.049091728652877
12,reported_net_inflow_lag6_missing__lag_02,reported_net_inflow_lag6_missing,reported_net_inflow_lag6_missing,referral or new RTT-period features,2,raw_encoder_feature,7.922745735083763
12,net_inflow__lag_01,net_inflow,net_inflow,referral or new RTT-period features,1,raw_encoder_feature,7.8021165954956295
12,unreported_removals_lag6_missing__lag_02,unreported_removals_lag6_missing,unreported_removals_lag6_missing,unreported-removal features,2,raw_encoder_feature,7.722248691722538
12,opening_waiting_list__lag_02,opening_waiting_list,opening_waiting_list,waiting-list lags,2,raw_encoder_feature,7.687146097347261
12,completed_total_missing__lag_00,completed_total_missing,completed_total_missing,completed-pathway features,0,raw_encoder_feature,7.344492186140846
12,completed_total_lag6_missing__lag_00,completed_total_lag6_missing,completed_total_lag6_missing,completed-pathway features,0,raw_encoder_feature,7.319738427481057
12,incomplete_total__lag_01,incomplete_total,incomplete_total,waiting-list lags,1,raw_encoder_feature,7.025327898972937
12,calendar_month_sin__lag_00,calendar_month_sin,month_sin,calendar features,0,raw_encoder_feature,6.955385524037483
12,new_rtt_periods_lag3_missing__lag_00,new_rtt_periods_lag3_missing,new_rtt_periods_lag3_missing,referral or new RTT-period features,0,raw_encoder_feature,6.543209897409229
12,new_rtt_periods_missing__lag_02,new_rtt_periods_missing,new_rtt_periods_missing,referral or new RTT-period features,2,raw_encoder_feature,6.383153196385936
12,reported_net_inflow_lag6__lag_02,reported_net_inflow_lag6,reported_net_inflow_lag6,referral or new RTT-period features,2,raw_encoder_feature,6.273457661855972
12,waiting_list_with_dta_imputed__lag_02,waiting_list_with_dta_imputed,waiting_list_with_dta_imputed,waiting-list lags,2,raw_encoder_feature,6.217213147830116
12,new_rtt_periods_lag1_missing__lag_01,new_rtt_periods_lag1_missing,new_rtt_periods_lag1_missing,referral or new RTT-period features,1,raw_encoder_feature,6.184874373137598
12,time_index__lag_02,time_index,time_idx,calendar features,2,raw_encoder_feature,6.0967563702751875
12,opening_waiting_list_missing__lag_02,opening_waiting_list_missing,opening_waiting_list_missing,waiting-list lags,2,raw_encoder_feature,6.059077349958653
12,unreported_removals_lag3__lag_02,unreported_removals_lag3,unreported_removals_lag3,unreported-removal features,2,raw_encoder_feature,6.0439666254972995
12,completed_total_lag3_missing__lag_02,completed_total_lag3_missing,completed_total_lag3_missing,completed-pathway features,2,raw_encoder_feature,5.868303408225058
12,total_waiting__lag_02,total_waiting,waiting_list,waiting-list lags,2,raw_encoder_feature,5.714152186370347
12,completed_non_admitted_missing__lag_01,completed_non_admitted_missing,completed_non_admitted_missing,completed-pathway features,1,raw_encoder_feature,5.708106829580484
12,reported_net_inflow_lag3__lag_02,reported_net_inflow_lag3,reported_net_inflow_lag3,referral or new RTT-period features,2,raw_encoder_feature,5.632648230905037
12,completed_admitted__lag_02,completed_admitted,completed_admitted,completed-pathway features,2,raw_encoder_feature,5.600575519076249
12,completed_admitted_missing__lag_00,completed_admitted_missing,completed_admitted_missing,completed-pathway features,0,raw_encoder_feature,5.510529660316663
12,calendar_month_cos__lag_01,calendar_month_cos,month_cos,calendar features,1,raw_encoder_feature,5.504247576821765
12,reported_net_inflow_missing__lag_02,reported_net_inflow_missing,reported_net_inflow_missing,referral or new RTT-period features,2,raw_encoder_feature,5.423987651519835
12,completed_total_lag1__lag_00,completed_total_lag1,completed_total_lag1,completed-pathway features,0,raw_encoder_feature,5.373000282478406
12,completed_admitted_missing__lag_01,completed_admitted_missing,completed_admitted_missing,completed-pathway features,1,raw_encoder_feature,5.356108472987968
12,reported_net_inflow_lag1__lag_01,reported_net_inflow_lag1,reported_net_inflow_lag1,referral or new RTT-period features,1,raw_encoder_feature,5.151590703444766
12,completed_total_missing__lag_01,completed_total_missing,completed_total_missing,completed-pathway features,1,raw_encoder_feature,5.019236721985931
12,completed_total_lag1__lag_02,completed_total_lag1,completed_total_lag1,completed-pathway features,2,raw_encoder_feature,5.014683421801224
12,completed_admitted__lag_01,completed_admitted,completed_admitted,completed-pathway features,1,raw_encoder_feature,4.922469831374826
12,reported_net_inflow_lag3_missing__lag_02,reported_net_inflow_lag3_missing,reported_net_inflow_lag3_missing,referral or new RTT-period features,2,raw_encoder_feature,4.832387578330199
12,new_rtt_periods_lag3_missing__lag_02,new_rtt_periods_lag3_missing,new_rtt_periods_lag3_missing,referral or new RTT-period features,2,raw_encoder_feature,4.6845289521325375
12,waiting_list_imputed__lag_01,waiting_list_imputed,waiting_list_imputed,waiting-list lags,1,raw_encoder_feature,4.584900164463598
12,reported_net_inflow__lag_01,reported_net_inflow,reported_net_inflow,referral or new RTT-period features,1,raw_encoder_feature,4.455332482531376
12,completed_total_lag6__lag_01,completed_total_lag6,completed_total_lag6,completed-pathway features,1,raw_encoder_feature,4.400380682233671
12,unreported_removals_lag6__lag_01,unreported_removals_lag6,unreported_removals_lag6,unreported-removal features,1,raw_encoder_feature,4.136516365227737
12,closing_waiting_list__lag_01,closing_waiting_list,closing_waiting_list,waiting-list lags,1,raw_encoder_feature,3.856138314110034
12,completed_total_missing__lag_02,completed_total_missing,completed_total_missing,completed-pathway features,2,raw_encoder_feature,3.7809001024213647
12,waiting_list_with_dta__lag_01,waiting_list_with_dta,waiting_list_with_dta,waiting-list lags,1,raw_encoder_feature,3.778679704554852
12,total_waiting__lag_01,total_waiting,waiting_list,waiting-list lags,1,raw_encoder_feature,3.6323885822790203
12,new_rtt_periods_lag6_missing__lag_00,new_rtt_periods_lag6_missing,new_rtt_periods_lag6_missing,referral or new RTT-period features,0,raw_encoder_feature,3.6185233662820493
12,completed_non_admitted__lag_02,completed_non_admitted,completed_non_admitted,completed-pathway features,2,raw_encoder_feature,3.335387522660939
12,completed_total_lag1_missing__lag_01,completed_total_lag1_missing,completed_total_lag1_missing,completed-pathway features,1,raw_encoder_feature,3.1382252522301433
12,new_rtt_periods_missing__lag_01,new_rtt_periods_missing,new_rtt_periods_missing,referral or new RTT-period features,1,raw_encoder_feature,3.069136326311137
12,calendar_month_cos__lag_00,calendar_month_cos,month_cos,calendar features,0,raw_encoder_feature,3.053121719109131
12,unreported_removals_lag1_missing__lag_01,unreported_removals_lag1_missing,unreported_removals_lag1_missing,unreported-removal features,1,raw_encoder_feature,3.03132329547856
12,calendar_month_cos__lag_02,calendar_month_cos,month_cos,calendar features,2,raw_encoder_feature,2.9717575498563145
12,waiting_list_with_dta__lag_02,waiting_list_with_dta,waiting_list_with_dta,waiting-list lags,2,raw_encoder_feature,2.887674119347553
12,new_rtt_periods_lag6_missing__lag_02,new_rtt_periods_lag6_missing,new_rtt_periods_lag6_missing,referral or new RTT-period features,2,raw_encoder_feature,2.856344036248452
12,calendar_month_sin__lag_02,calendar_month_sin,month_sin,calendar features,2,raw_encoder_feature,2.742113926561718
12,net_inflow__lag_02,net_inflow,net_inflow,referral or new RTT-period features,2,raw_encoder_feature,2.7379874820734127
12,new_rtt_periods_lag1__lag_01,new_rtt_periods_lag1,new_rtt_periods_lag1,referral or new RTT-period features,1,raw_encoder_feature,2.3708020549237734
12,total_completed_pathways__lag_02,total_completed_pathways,completed_total,completed-pathway features,2,raw_encoder_feature,2.2904511715333866
12,reported_net_inflow_lag6__lag_00,reported_net_inflow_lag6,reported_net_inflow_lag6,referral or new RTT-period features,0,raw_encoder_feature,2.200333285726083
12,new_rtt_periods_lag1_missing__lag_02,new_rtt_periods_lag1_missing,new_rtt_periods_lag1_missing,referral or new RTT-period features,2,raw_encoder_feature,2.1695257811893285
12,reported_net_inflow_lag1_missing__lag_02,reported_net_inflow_lag1_missing,reported_net_inflow_lag1_missing,referral or new RTT-period features,2,raw_encoder_feature,1.7873830274118157
12,unreported_removals__lag_01,unreported_removals,unreported_removals,unreported-removal features,1,raw_encoder_feature,1.6419250621905113
12,new_rtt_periods_lag3__lag_01,new_rtt_periods_lag3,new_rtt_periods_lag3,referral or new RTT-period features,1,raw_encoder_feature,1.6288369028267438
12,completed_total_lag1__lag_01,completed_total_lag1,completed_total_lag1,completed-pathway features,1,raw_encoder_feature,1.4596018536976378
12,opening_waiting_list_missing__lag_01,opening_waiting_list_missing,opening_waiting_list_missing,waiting-list lags,1,raw_encoder_feature,1.4431885037476981
12,completed_total_lag3_missing__lag_00,completed_total_lag3_missing,completed_total_lag3_missing,completed-pathway features,0,raw_encoder_feature,1.322573175416328
12,new_rtt_periods_lag6_missing__lag_01,new_rtt_periods_lag6_missing,new_rtt_periods_lag6_missing,referral or new RTT-period features,1,raw_encoder_feature,1.0514639719594336
12,closing_waiting_list_missing__lag_02,closing_waiting_list_missing,closing_waiting_list_missing,waiting-list lags,2,raw_encoder_feature,0.0
12,completed_admitted__lag_00,completed_admitted,completed_admitted,completed-pathway features,0,raw_encoder_feature,0.0
12,completed_admitted_imputed__lag_00,completed_admitted_imputed,completed_admitted_imputed,completed-pathway features,0,raw_encoder_feature,0.0
12,completed_admitted_imputed__lag_01,completed_admitted_imputed,completed_admitted_imputed,completed-pathway features,1,raw_encoder_feature,0.0
12,completed_admitted_imputed__lag_02,completed_admitted_imputed,completed_admitted_imputed,completed-pathway features,2,raw_encoder_feature,0.0
12,completed_non_admitted_imputed__lag_00,completed_non_admitted_imputed,completed_non_admitted_imputed,completed-pathway features,0,raw_encoder_feature,0.0
12,completed_non_admitted_imputed__lag_01,completed_non_admitted_imputed,completed_non_admitted_imputed,completed-pathway features,1,raw_encoder_feature,0.0
12,completed_non_admitted_imputed__lag_02,completed_non_admitted_imputed,completed_non_admitted_imputed,completed-pathway features,2,raw_encoder_feature,0.0
12,completed_total_lag6_missing__lag_02,completed_total_lag6_missing,completed_total_lag6_missing,completed-pathway features,2,raw_encoder_feature,0.0
12,incomplete_decision_to_admit__lag_01,incomplete_decision_to_admit,incomplete_decision_to_admit,waiting-list lags,1,raw_encoder_feature,0.0
12,new_rtt_periods_imputed__lag_00,new_rtt_periods_imputed,new_rtt_periods_imputed,referral or new RTT-period features,0,raw_encoder_feature,0.0
12,new_rtt_periods_imputed__lag_01,new_rtt_periods_imputed,new_rtt_periods_imputed,referral or new RTT-period features,1,raw_encoder_feature,0.0
12,new_rtt_periods_imputed__lag_02,new_rtt_periods_imputed,new_rtt_periods_imputed,referral or new RTT-period features,2,raw_encoder_feature,0.0
12,new_rtt_periods_lag3_missing__lag_01,new_rtt_periods_lag3_missing,new_rtt_periods_lag3_missing,referral or new RTT-period features,1,raw_encoder_feature,0.0
12,new_rtt_periods_lag6__lag_01,new_rtt_periods_lag6,new_rtt_periods_lag6,referral or new RTT-period features,1,raw_encoder_feature,0.0
12,unreported_removals_lag1__lag_02,unreported_removals_lag1,unreported_removals_lag1,unreported-removal features,2,raw_encoder_feature,0.0
12,waiting_list_with_dta_imputed__lag_00,waiting_list_with_dta_imputed,waiting_list_with_dta_imputed,waiting-list lags,0,raw_encoder_feature,0.0
