context_id,trust_code,trust_name,specialty_code,specialty_name,horizon,base_value,sum_feature_contributions,base_plus_sum,model_output,approximation_error,absolute_approximation_error
1426,RA2,ROYAL SURREY COUNTY HOSPITAL NHS FOUNDATION TRUST,110,Trauma and Orthopaedic Service,1,1007.8980092951282,4822.0933334046,5829.991342699728,5829.991342699727,9.094947017729282e-13,9.094947017729282e-13
1426,RA2,ROYAL SURREY COUNTY HOSPITAL NHS FOUNDATION TRUST,110,Trauma and Orthopaedic Service,6,1110.7090322079487,5101.188325722405,6211.897357930354,6211.897357930353,9.094947017729282e-13,9.094947017729282e-13
1426,RA2,ROYAL SURREY COUNTY HOSPITAL NHS FOUNDATION TRUST,110,Trauma and Orthopaedic Service,12,1192.9335528948461,5305.8542078765695,6498.787760771415,6498.787760771415,0.0,0.0
1301,R0A,MANCHESTER UNIVERSITY NHS FOUNDATION TRUST,X02,Other - Medical Services,1,1209.8788709300466,27787.21312080044,28997.091991730485,28997.09199173049,-3.637978807091713e-12,3.637978807091713e-12
1301,R0A,MANCHESTER UNIVERSITY NHS FOUNDATION TRUST,X02,Other - Medical Services,6,1375.4189315554597,29657.273646136673,31032.692577692134,31032.692577692134,0.0,0.0
1301,R0A,MANCHESTER UNIVERSITY NHS FOUNDATION TRUST,X02,Other - Medical Services,12,1503.5752941663372,30823.884576624798,32327.459870791135,32327.459870791132,3.637978807091713e-12,3.637978807091713e-12
1509,RAJ,MID AND SOUTH ESSEX NHS FOUNDATION TRUST,130,Ophthalmology Service,1,1121.9242685452705,17091.254025458886,18213.178294004156,18213.178294004156,0.0,0.0
1509,RAJ,MID AND SOUTH ESSEX NHS FOUNDATION TRUST,130,Ophthalmology Service,6,1227.0050472380176,17662.155248928495,18889.160296166512,18889.160296166512,0.0,0.0
1509,RAJ,MID AND SOUTH ESSEX NHS FOUNDATION TRUST,130,Ophthalmology Service,12,1311.9068903671562,18270.029312609593,19581.93620297675,19581.93620297675,0.0,0.0
2606,RM3,NORTHERN CARE ALLIANCE NHS FOUNDATION TRUST,400,Neurology Service,1,1068.4691744743302,16947.741993692463,18016.211168166792,18016.21116816679,3.637978807091713e-12,3.637978807091713e-12
2606,RM3,NORTHERN CARE ALLIANCE NHS FOUNDATION TRUST,400,Neurology Service,6,1177.227060815756,18358.298974283072,19535.52603509883,19535.526035098832,-3.637978807091713e-12,3.637978807091713e-12
2606,RM3,NORTHERN CARE ALLIANCE NHS FOUNDATION TRUST,400,Neurology Service,12,1262.2601848517618,19375.359823500323,20637.620008352085,20637.62000835209,-3.637978807091713e-12,3.637978807091713e-12
1398,R1H,BARTS HEALTH NHS TRUST,X02,Other - Medical Services,1,1022.1706137732481,18110.798169564216,19132.968783337463,19132.96878333746,3.637978807091713e-12,3.637978807091713e-12
1398,R1H,BARTS HEALTH NHS TRUST,X02,Other - Medical Services,6,1111.1971115492279,19290.78120032239,20401.97831187162,20401.97831187162,0.0,0.0
1398,R1H,BARTS HEALTH NHS TRUST,X02,Other - Medical Services,12,1182.226799844862,20342.27326389542,21524.50006374028,21524.500063740277,3.637978807091713e-12,3.637978807091713e-12
1549,RAL,ROYAL FREE LONDON NHS FOUNDATION TRUST,X05,Other - Surgical Services,1,1101.990313223646,12689.72198761309,13791.712300836734,13791.712300836733,1.8189894035458565e-12,1.8189894035458565e-12
1549,RAL,ROYAL FREE LONDON NHS FOUNDATION TRUST,X05,Other - Surgical Services,6,1223.5389940577786,13708.322635522007,14931.861629579786,14931.861629579786,0.0,0.0
1549,RAL,ROYAL FREE LONDON NHS FOUNDATION TRUST,X05,Other - Surgical Services,12,1320.245808018057,14524.089838461747,15844.335646479803,15844.335646479798,5.4569682106375694e-12,5.4569682106375694e-12
1303,R0A,MANCHESTER UNIVERSITY NHS FOUNDATION TRUST,X04,Other - Paediatric Services,1,1138.0705287674346,21719.44179251256,22857.512321279995,22857.51232127999,3.637978807091713e-12,3.637978807091713e-12
1303,R0A,MANCHESTER UNIVERSITY NHS FOUNDATION TRUST,X04,Other - Paediatric Services,6,1269.5981995005475,23410.88644285287,24680.484642353415,24680.484642353415,0.0,0.0
1303,R0A,MANCHESTER UNIVERSITY NHS FOUNDATION TRUST,X04,Other - Paediatric Services,12,1372.524910164552,24568.091845097602,25940.616755262155,25940.616755262152,3.637978807091713e-12,3.637978807091713e-12
1517,RAJ,MID AND SOUTH ESSEX NHS FOUNDATION TRUST,330,Dermatology Service,1,1208.0481613899638,15703.034180891544,16911.08234228151,16911.082342281512,-3.637978807091713e-12,3.637978807091713e-12
1517,RAJ,MID AND SOUTH ESSEX NHS FOUNDATION TRUST,330,Dermatology Service,6,1353.24660171303,16929.162357479887,18282.408959192915,18282.408959192915,0.0,0.0
1517,RAJ,MID AND SOUTH ESSEX NHS FOUNDATION TRUST,330,Dermatology Service,12,1469.2234919776809,17948.83163565008,19418.055127627762,19418.055127627762,0.0,0.0
2594,RM3,NORTHERN CARE ALLIANCE NHS FOUNDATION TRUST,110,Trauma and Orthopaedic Service,1,1155.6735669500138,14267.04081673255,15422.714383682563,15422.714383682563,0.0,0.0
2594,RM3,NORTHERN CARE ALLIANCE NHS FOUNDATION TRUST,110,Trauma and Orthopaedic Service,6,1285.6592824993231,15321.723126312827,16607.38240881215,16607.38240881215,0.0,0.0
2594,RM3,NORTHERN CARE ALLIANCE NHS FOUNDATION TRUST,110,Trauma and Orthopaedic Service,12,1387.6792787833945,16056.190351926081,17443.869630709476,17443.869630709472,3.637978807091713e-12,3.637978807091713e-12
1401,R1H,BARTS HEALTH NHS TRUST,X05,Other - Surgical Services,1,1054.8510619599715,10986.64870352903,12041.499765489001,12041.499765489005,-3.637978807091713e-12,3.637978807091713e-12
1401,R1H,BARTS HEALTH NHS TRUST,X05,Other - Surgical Services,6,1161.9948561933427,12146.005357619728,13308.000213813071,13308.000213813071,0.0,0.0
1401,R1H,BARTS HEALTH NHS TRUST,X05,Other - Surgical Services,12,1247.3071619048305,13053.865409639018,14301.172571543848,14301.172571543846,1.8189894035458565e-12,1.8189894035458565e-12
1540,RAL,ROYAL FREE LONDON NHS FOUNDATION TRUST,330,Dermatology Service,1,1062.477375365846,11903.713278576026,12966.190653941872,12966.190653941874,-1.8189894035458565e-12,1.8189894035458565e-12
1540,RAL,ROYAL FREE LONDON NHS FOUNDATION TRUST,330,Dermatology Service,6,1183.5732164113265,12919.908190412849,14103.481406824176,14103.481406824178,-1.8189894035458565e-12,1.8189894035458565e-12
1540,RAL,ROYAL FREE LONDON NHS FOUNDATION TRUST,330,Dermatology Service,12,1280.441131627836,13811.430079324517,15091.871210952353,15091.871210952353,0.0,0.0
2239,RJ1,GUY'S AND ST THOMAS' NHS FOUNDATION TRUST,X02,Other - Medical Services,1,1131.866376286424,18420.901384455712,19552.767760742136,19552.76776074214,-3.637978807091713e-12,3.637978807091713e-12
2239,RJ1,GUY'S AND ST THOMAS' NHS FOUNDATION TRUST,X02,Other - Medical Services,6,1251.9181406265207,18751.252447048795,20003.170587675315,20003.17058767532,-3.637978807091713e-12,3.637978807091713e-12
2239,RJ1,GUY'S AND ST THOMAS' NHS FOUNDATION TRUST,X02,Other - Medical Services,12,1345.1320852241447,19356.713303981636,20701.84538920578,20701.84538920578,0.0,0.0
3027,RRK,UNIVERSITY HOSPITALS BIRMINGHAM NHS FOUNDATION TRUST,X02,Other - Medical Services,1,1146.8342360127563,13229.333922915359,14376.168158928114,14376.168158928116,-1.8189894035458565e-12,1.8189894035458565e-12
3027,RRK,UNIVERSITY HOSPITALS BIRMINGHAM NHS FOUNDATION TRUST,X02,Other - Medical Services,6,1295.6652434143327,14112.655553513861,15408.320796928194,15408.320796928196,-1.8189894035458565e-12,1.8189894035458565e-12
3027,RRK,UNIVERSITY HOSPITALS BIRMINGHAM NHS FOUNDATION TRUST,X02,Other - Medical Services,12,1414.6913361839615,14790.020621768017,16204.711957951979,16204.711957951979,0.0,0.0
3113,RTG,UNIVERSITY HOSPITALS OF DERBY AND BURTON NHS FOUNDATION TRUST,110,Trauma and Orthopaedic Service,1,1155.7750465044703,15406.638110188316,16562.413156692786,16562.413156692786,0.0,0.0
3113,RTG,UNIVERSITY HOSPITALS OF DERBY AND BURTON NHS FOUNDATION TRUST,110,Trauma and Orthopaedic Service,6,1284.1904432203985,15817.795155542162,17101.98559876256,17101.98559876256,0.0,0.0
3113,RTG,UNIVERSITY HOSPITALS OF DERBY AND BURTON NHS FOUNDATION TRUST,110,Trauma and Orthopaedic Service,12,1382.9820636463107,16330.09616572123,17713.07822936754,17713.07822936754,0.0,0.0
3777,RYR,UNIVERSITY HOSPITALS SUSSEX NHS FOUNDATION TRUST,X05,Other - Surgical Services,1,1123.6551462911248,10688.131834900478,11811.786981191603,11811.7869811916,1.8189894035458565e-12,1.8189894035458565e-12
3777,RYR,UNIVERSITY HOSPITALS SUSSEX NHS FOUNDATION TRUST,X05,Other - Surgical Services,6,1252.6449287372325,11639.82925844446,12892.474187181693,12892.474187181691,1.8189894035458565e-12,1.8189894035458565e-12
3777,RYR,UNIVERSITY HOSPITALS SUSSEX NHS FOUNDATION TRUST,X05,Other - Surgical Services,12,1355.7288052425004,12386.980934704072,13742.709739946573,13742.709739946571,1.8189894035458565e-12,1.8189894035458565e-12
2832,RP6,MOORFIELDS EYE HOSPITAL NHS FOUNDATION TRUST,130,Ophthalmology Service,1,1103.9619572369959,32081.70665060858,33185.668607845575,33185.66860784558,-7.275957614183426e-12,7.275957614183426e-12
2832,RP6,MOORFIELDS EYE HOSPITAL NHS FOUNDATION TRUST,130,Ophthalmology Service,6,1243.651136211178,34016.738326884006,35260.38946309518,35260.38946309518,0.0,0.0
2832,RP6,MOORFIELDS EYE HOSPITAL NHS FOUNDATION TRUST,130,Ophthalmology Service,12,1345.7961696180575,35930.5887883275,37276.38495794556,37276.38495794556,0.0,0.0
1289,R0A,MANCHESTER UNIVERSITY NHS FOUNDATION TRUST,140,Oral Surgery Service,1,1168.5776680988943,17953.682786526,19122.26045462489,19122.260454624895,-3.637978807091713e-12,3.637978807091713e-12
1289,R0A,MANCHESTER UNIVERSITY NHS FOUNDATION TRUST,140,Oral Surgery Service,6,1312.748544448156,19631.797051890167,20944.545596338325,20944.545596338325,0.0,0.0
1289,R0A,MANCHESTER UNIVERSITY NHS FOUNDATION TRUST,140,Oral Surgery Service,12,1427.1869497867033,20788.06242985094,22215.249379637644,22215.249379637644,0.0,0.0
2501,RL1,THE ROBERT JONES AND AGNES HUNT ORTHOPAEDIC HOSPITAL NHS FOUNDATION TRUST,110,Trauma and Orthopaedic Service,1,1146.3334452829204,17432.624571001732,18578.958016284654,18578.958016284654,0.0,0.0
2501,RL1,THE ROBERT JONES AND AGNES HUNT ORTHOPAEDIC HOSPITAL NHS FOUNDATION TRUST,110,Trauma and Orthopaedic Service,6,1277.5748397088048,18316.130616761722,19593.70545647053,19593.70545647053,0.0,0.0
2501,RL1,THE ROBERT JONES AND AGNES HUNT ORTHOPAEDIC HOSPITAL NHS FOUNDATION TRUST,110,Trauma and Orthopaedic Service,12,1376.5076594305065,18975.99119654548,20352.498855975988,20352.498855975988,0.0,0.0
1300,R0A,MANCHESTER UNIVERSITY NHS FOUNDATION TRUST,502,Gynaecology Service,1,1139.2266623310352,16207.920001962586,17347.14666429362,17347.14666429362,0.0,0.0
1300,R0A,MANCHESTER UNIVERSITY NHS FOUNDATION TRUST,502,Gynaecology Service,6,1274.6133248950189,17589.450662134488,18864.063987029505,18864.0639870295,3.637978807091713e-12,3.637978807091713e-12
1300,R0A,MANCHESTER UNIVERSITY NHS FOUNDATION TRUST,502,Gynaecology Service,12,1382.0044522004112,18583.180860526852,19965.185312727262,19965.18531272726,3.637978807091713e-12,3.637978807091713e-12
3753,RYJ,IMPERIAL COLLEGE HEALTHCARE NHS TRUST,X02,Other - Medical Services,1,1194.8897908604476,15339.020159219697,16533.909950080146,16533.909950080146,0.0,0.0
3753,RYJ,IMPERIAL COLLEGE HEALTHCARE NHS TRUST,X02,Other - Medical Services,6,1361.6954783057356,16336.016369918216,17697.711848223953,17697.71184822395,3.637978807091713e-12,3.637978807091713e-12
3753,RYJ,IMPERIAL COLLEGE HEALTHCARE NHS TRUST,X02,Other - Medical Services,12,1495.6444000243953,17195.013390063395,18690.65779008779,18690.65779008779,0.0,0.0
1508,RAJ,MID AND SOUTH ESSEX NHS FOUNDATION TRUST,120,Ear Nose and Throat Service,1,1090.189815837536,16212.97129387909,17303.161109716628,17303.161109716624,3.637978807091713e-12,3.637978807091713e-12
1508,RAJ,MID AND SOUTH ESSEX NHS FOUNDATION TRUST,120,Ear Nose and Throat Service,6,1183.8465247474833,16551.54511540198,17735.391640149464,17735.39164014946,3.637978807091713e-12,3.637978807091713e-12
1508,RAJ,MID AND SOUTH ESSEX NHS FOUNDATION TRUST,120,Ear Nose and Throat Service,12,1258.7213696193355,16947.197546699124,18205.91891631846,18205.91891631846,0.0,0.0
1275,NYG,SUSSEX COMMUNITY DERMATOLOGY SERVICE,330,Dermatology Service,1,1437.7568743408099,15204.53963228763,16642.296506628438,16642.296506628438,0.0,0.0
1275,NYG,SUSSEX COMMUNITY DERMATOLOGY SERVICE,330,Dermatology Service,6,1679.5157952610107,15889.543051606319,17569.05884686733,17569.058846867327,3.637978807091713e-12,3.637978807091713e-12
1275,NYG,SUSSEX COMMUNITY DERMATOLOGY SERVICE,330,Dermatology Service,12,1873.3051027319025,15790.883465839426,17664.188568571328,17664.188568571328,0.0,0.0
1286,R0A,MANCHESTER UNIVERSITY NHS FOUNDATION TRUST,110,Trauma and Orthopaedic Service,1,1087.4879177638013,14864.623654033494,15952.111571797295,15952.111571797295,0.0,0.0
1286,R0A,MANCHESTER UNIVERSITY NHS FOUNDATION TRUST,110,Trauma and Orthopaedic Service,6,1197.506288389985,15691.751997813819,16889.258286203803,16889.2582862038,3.637978807091713e-12,3.637978807091713e-12
1286,R0A,MANCHESTER UNIVERSITY NHS FOUNDATION TRUST,110,Trauma and Orthopaedic Service,12,1283.9493029691141,16374.630159702623,17658.579462671736,17658.579462671736,0.0,0.0
1522,RAJ,MID AND SOUTH ESSEX NHS FOUNDATION TRUST,502,Gynaecology Service,1,1124.4045421475923,15052.743759662902,16177.148301810495,16177.148301810495,0.0,0.0
1522,RAJ,MID AND SOUTH ESSEX NHS FOUNDATION TRUST,502,Gynaecology Service,6,1234.9267148531642,15657.891771535986,16892.81848638915,16892.818486389147,3.637978807091713e-12,3.637978807091713e-12
1522,RAJ,MID AND SOUTH ESSEX NHS FOUNDATION TRUST,502,Gynaecology Service,12,1322.8743865746014,16323.179453693341,17646.05384026794,17646.053840267945,-3.637978807091713e-12,3.637978807091713e-12
1523,RAJ,MID AND SOUTH ESSEX NHS FOUNDATION TRUST,X02,Other - Medical Services,1,1150.201660557899,15069.214642077755,16219.416302635655,16219.416302635655,0.0,0.0
1523,RAJ,MID AND SOUTH ESSEX NHS FOUNDATION TRUST,X02,Other - Medical Services,6,1258.2022471663086,15588.874133575624,16847.07638074193,16847.076380741935,-3.637978807091713e-12,3.637978807091713e-12
1523,RAJ,MID AND SOUTH ESSEX NHS FOUNDATION TRUST,X02,Other - Medical Services,12,1345.4896442342326,16242.547365705916,17588.037009940148,17588.037009940148,0.0,0.0
1680,RBS,ALDER HEY CHILDREN'S NHS FOUNDATION TRUST,X04,Other - Paediatric Services,1,1171.806249855533,14073.062835033466,15244.869084889,15244.869084889004,-3.637978807091713e-12,3.637978807091713e-12
1680,RBS,ALDER HEY CHILDREN'S NHS FOUNDATION TRUST,X04,Other - Paediatric Services,6,1310.1197230925707,15053.017763306942,16363.137486399512,16363.137486399513,-1.8189894035458565e-12,1.8189894035458565e-12
1680,RBS,ALDER HEY CHILDREN'S NHS FOUNDATION TRUST,X04,Other - Paediatric Services,12,1421.0568602820736,15939.082084938695,17360.13894522077,17360.138945220766,3.637978807091713e-12,3.637978807091713e-12
1516,RAJ,MID AND SOUTH ESSEX NHS FOUNDATION TRUST,320,Cardiology Service,1,1052.0077879970047,13291.619593245787,14343.627381242792,14343.62738124279,1.8189894035458565e-12,1.8189894035458565e-12
1516,RAJ,MID AND SOUTH ESSEX NHS FOUNDATION TRUST,320,Cardiology Service,6,1144.5701516557845,14416.245730462857,15560.81588211864,15560.81588211864,0.0,0.0
1516,RAJ,MID AND SOUTH ESSEX NHS FOUNDATION TRUST,320,Cardiology Service,12,1219.4196550060626,15331.782065575011,16551.201720581073,16551.201720581073,0.0,0.0
3657,RXP,COUNTY DURHAM AND DARLINGTON NHS FOUNDATION TRUST,110,Trauma and Orthopaedic Service,1,1166.6673926350338,12493.572352710735,13660.239745345769,13660.239745345769,0.0,0.0
3657,RXP,COUNTY DURHAM AND DARLINGTON NHS FOUNDATION TRUST,110,Trauma and Orthopaedic Service,6,1327.920110125581,13811.409566198849,15139.329676324429,15139.329676324429,0.0,0.0
3657,RXP,COUNTY DURHAM AND DARLINGTON NHS FOUNDATION TRUST,110,Trauma and Orthopaedic Service,12,1456.8269118988387,14789.512290880843,16246.339202779682,16246.339202779687,-5.4569682106375694e-12,5.4569682106375694e-12
3152,RTH,OXFORD UNIVERSITY HOSPITALS NHS FOUNDATION TRUST,X02,Other - Medical Services,1,1087.8869708713485,13167.652207563087,14255.539178434436,14255.539178434436,0.0,0.0
3152,RTH,OXFORD UNIVERSITY HOSPITALS NHS FOUNDATION TRUST,X02,Other - Medical Services,6,1219.5910896420232,13944.102227352609,15163.693316994631,15163.693316994631,0.0,0.0
3152,RTH,OXFORD UNIVERSITY HOSPITALS NHS FOUNDATION TRUST,X02,Other - Medical Services,12,1324.7407712387203,14664.948105091027,15989.688876329747,15989.688876329745,1.8189894035458565e-12,1.8189894035458565e-12
1507,RAJ,MID AND SOUTH ESSEX NHS FOUNDATION TRUST,110,Trauma and Orthopaedic Service,1,1148.969971713119,14366.114208379264,15515.084180092383,15515.084180092379,3.637978807091713e-12,3.637978807091713e-12
1507,RAJ,MID AND SOUTH ESSEX NHS FOUNDATION TRUST,110,Trauma and Orthopaedic Service,6,1276.0436892820865,14403.774034536626,15679.817723818713,15679.81772381871,1.8189894035458565e-12,1.8189894035458565e-12
1507,RAJ,MID AND SOUTH ESSEX NHS FOUNDATION TRUST,110,Trauma and Orthopaedic Service,12,1374.7051912480338,14543.78832315262,15918.493514400652,15918.49351440065,1.8189894035458565e-12,1.8189894035458565e-12
3012,RRK,UNIVERSITY HOSPITALS BIRMINGHAM NHS FOUNDATION TRUST,120,Ear Nose and Throat Service,1,1160.444257224507,12365.80863515428,13526.252892378787,13526.252892378787,0.0,0.0
3012,RRK,UNIVERSITY HOSPITALS BIRMINGHAM NHS FOUNDATION TRUST,120,Ear Nose and Throat Service,6,1314.4549453730422,13402.222812679838,14716.67775805288,14716.677758052883,-3.637978807091713e-12,3.637978807091713e-12
3012,RRK,UNIVERSITY HOSPITALS BIRMINGHAM NHS FOUNDATION TRUST,120,Ear Nose and Throat Service,12,1437.5767236549914,14231.761473890772,15669.338197545763,15669.338197545763,0.0,0.0
1304,R0A,MANCHESTER UNIVERSITY NHS FOUNDATION TRUST,X05,Other - Surgical Services,1,1128.5417450542093,11868.006990692145,12996.548735746355,12996.548735746353,1.8189894035458565e-12,1.8189894035458565e-12
1304,R0A,MANCHESTER UNIVERSITY NHS FOUNDATION TRUST,X05,Other - Surgical Services,6,1275.419935724168,13134.764596250805,14410.184531974974,14410.18453197497,3.637978807091713e-12,3.637978807091713e-12
1304,R0A,MANCHESTER UNIVERSITY NHS FOUNDATION TRUST,X05,Other - Surgical Services,12,1392.3694949821684,13999.369041038206,15391.738536020373,15391.738536020377,-3.637978807091713e-12,3.637978807091713e-12
1933,REP,LIVERPOOL WOMEN'S NHS FOUNDATION TRUST,502,Gynaecology Service,1,1111.313353849516,12086.945937876484,13198.259291726,13198.259291726003,-1.8189894035458565e-12,1.8189894035458565e-12
1933,REP,LIVERPOOL WOMEN'S NHS FOUNDATION TRUST,502,Gynaecology Service,6,1235.8099908490096,13043.514982313325,14279.324973162335,14279.324973162333,1.8189894035458565e-12,1.8189894035458565e-12
1933,REP,LIVERPOOL WOMEN'S NHS FOUNDATION TRUST,502,Gynaecology Service,12,1335.5749763395663,13919.620715855117,15255.195692194684,15255.195692194682,1.8189894035458565e-12,1.8189894035458565e-12
1848,RDE,EAST SUFFOLK AND NORTH ESSEX NHS FOUNDATION TRUST,100,General Surgery Service,1,1068.7850473722026,12067.035877701657,13135.82092507386,13135.820925073862,-1.8189894035458565e-12,1.8189894035458565e-12
1848,RDE,EAST SUFFOLK AND NORTH ESSEX NHS FOUNDATION TRUST,100,General Surgery Service,6,1190.2561321177752,13047.782026364246,14238.03815848202,14238.038158482022,-1.8189894035458565e-12,1.8189894035458565e-12
1848,RDE,EAST SUFFOLK AND NORTH ESSEX NHS FOUNDATION TRUST,100,General Surgery Service,12,1286.689752020033,13960.505845367685,15247.195597387717,15247.195597387716,1.8189894035458565e-12,1.8189894035458565e-12
1287,R0A,MANCHESTER UNIVERSITY NHS FOUNDATION TRUST,120,Ear Nose and Throat Service,1,1126.7968265667157,11335.59004877956,12462.386875346276,12462.386875346278,-1.8189894035458565e-12,1.8189894035458565e-12
1287,R0A,MANCHESTER UNIVERSITY NHS FOUNDATION TRUST,120,Ear Nose and Throat Service,6,1269.1934685408519,12337.513623992765,13606.707092533617,13606.707092533617,0.0,0.0
1287,R0A,MANCHESTER UNIVERSITY NHS FOUNDATION TRUST,120,Ear Nose and Throat Service,12,1381.5828101265784,13073.916671702666,14455.499481829243,14455.499481829243,0.0,0.0
2602,RM3,NORTHERN CARE ALLIANCE NHS FOUNDATION TRUST,301,Gastroenterology Service,1,1016.9914070532157,11373.904868413625,12390.896275466841,12390.89627546684,1.8189894035458565e-12,1.8189894035458565e-12
2602,RM3,NORTHERN CARE ALLIANCE NHS FOUNDATION TRUST,301,Gastroenterology Service,6,1123.4351405393145,12313.634518924684,13437.069659464,13437.069659463998,1.8189894035458565e-12,1.8189894035458565e-12
2602,RM3,NORTHERN CARE ALLIANCE NHS FOUNDATION TRUST,301,Gastroenterology Service,12,1207.9400229834284,13115.277498502603,14323.21752148603,14323.21752148603,0.0,0.0
3455,RWH,EAST AND NORTH HERTFORDSHIRE NHS TRUST,X06,Other - Other Services,1,1103.1065711359067,11782.520465222258,12885.627036358164,12885.627036358164,0.0,0.0
3455,RWH,EAST AND NORTH HERTFORDSHIRE NHS TRUST,X06,Other - Other Services,6,1228.9030812234823,12413.421379509602,13642.324460733085,13642.324460733082,3.637978807091713e-12,3.637978807091713e-12
3455,RWH,EAST AND NORTH HERTFORDSHIRE NHS TRUST,X06,Other - Other Services,12,1329.9724346877604,12942.490323079921,14272.462757767682,14272.46275776768,1.8189894035458565e-12,1.8189894035458565e-12
3393,RWE,UNIVERSITY HOSPITALS OF LEICESTER NHS TRUST,X02,Other - Medical Services,1,1125.2891966378365,11369.350431095625,12494.63962773346,12494.639627733459,1.8189894035458565e-12,1.8189894035458565e-12
3393,RWE,UNIVERSITY HOSPITALS OF LEICESTER NHS TRUST,X02,Other - Medical Services,6,1262.5643226971313,12042.567706137668,13305.1320288348,13305.132028834798,1.8189894035458565e-12,1.8189894035458565e-12
3393,RWE,UNIVERSITY HOSPITALS OF LEICESTER NHS TRUST,X02,Other - Medical Services,12,1372.9320869598914,12812.637103569226,14185.569190529117,14185.569190529117,0.0,0.0
1397,R1H,BARTS HEALTH NHS TRUST,502,Gynaecology Service,1,1039.0735710978258,10764.109663466628,11803.183234564454,11803.183234564453,1.8189894035458565e-12,1.8189894035458565e-12
1397,R1H,BARTS HEALTH NHS TRUST,502,Gynaecology Service,6,1147.9705112297413,11917.742154572934,13065.712665802675,13065.712665802672,3.637978807091713e-12,3.637978807091713e-12
1397,R1H,BARTS HEALTH NHS TRUST,502,Gynaecology Service,12,1234.7047534828648,12889.169770671717,14123.874524154582,14123.874524154582,0.0,0.0
2242,RJ1,GUY'S AND ST THOMAS' NHS FOUNDATION TRUST,X05,Other - Surgical Services,1,1100.0683023418742,11024.035254391918,12124.103556733793,12124.103556733791,1.8189894035458565e-12,1.8189894035458565e-12
2242,RJ1,GUY'S AND ST THOMAS' NHS FOUNDATION TRUST,X05,Other - Surgical Services,6,1216.3426303773929,11853.096521793756,13069.439152171148,13069.439152171148,0.0,0.0
2242,RJ1,GUY'S AND ST THOMAS' NHS FOUNDATION TRUST,X05,Other - Surgical Services,12,1308.4336656703874,12646.381816349596,13954.815482019983,13954.815482019983,0.0,0.0
2182,RHQ,SHEFFIELD TEACHING HOSPITALS NHS FOUNDATION TRUST,X02,Other - Medical Services,1,1103.8192011443482,11229.151867171855,12332.971068316203,12332.971068316205,-1.8189894035458565e-12,1.8189894035458565e-12
2182,RHQ,SHEFFIELD TEACHING HOSPITALS NHS FOUNDATION TRUST,X02,Other - Medical Services,6,1243.9532709392709,11910.673474972082,13154.626745911353,13154.626745911355,-1.8189894035458565e-12,1.8189894035458565e-12
2182,RHQ,SHEFFIELD TEACHING HOSPITALS NHS FOUNDATION TRUST,X02,Other - Medical Services,12,1355.4580039683601,12501.757203140973,13857.215207109333,13857.215207109333,0.0,0.0
1288,R0A,MANCHESTER UNIVERSITY NHS FOUNDATION TRUST,130,Ophthalmology Service,1,1088.5995257721138,10993.970216975105,12082.569742747219,12082.56974274722,-1.8189894035458565e-12,1.8189894035458565e-12
1288,R0A,MANCHESTER UNIVERSITY NHS FOUNDATION TRUST,130,Ophthalmology Service,6,1204.9038191009765,11845.975758772003,13050.87957787298,13050.879577872982,-1.8189894035458565e-12,1.8189894035458565e-12
1288,R0A,MANCHESTER UNIVERSITY NHS FOUNDATION TRUST,130,Ophthalmology Service,12,1297.2354738214142,12542.466096340231,13839.701570161646,13839.701570161646,0.0,0.0
1786,RCU,SHEFFIELD CHILDREN'S NHS FOUNDATION TRUST,X04,Other - Paediatric Services,1,1124.571822959647,10732.306880253798,11856.878703213446,11856.878703213444,1.8189894035458565e-12,1.8189894035458565e-12
1786,RCU,SHEFFIELD CHILDREN'S NHS FOUNDATION TRUST,X04,Other - Paediatric Services,6,1253.6693065727375,11612.68969553944,12866.359002112178,12866.359002112178,0.0,0.0
1786,RCU,SHEFFIELD CHILDREN'S NHS FOUNDATION TRUST,X04,Other - Paediatric Services,12,1356.016844837459,12288.988204551577,13645.005049389036,13645.005049389032,3.637978807091713e-12,3.637978807091713e-12
1515,RAJ,MID AND SOUTH ESSEX NHS FOUNDATION TRUST,301,Gastroenterology Service,1,1000.5933212199549,11505.706344916412,12506.299666136367,12506.29966613637,-3.637978807091713e-12,3.637978807091713e-12
1515,RAJ,MID AND SOUTH ESSEX NHS FOUNDATION TRUST,301,Gastroenterology Service,6,1088.2587629609563,11944.361047928918,13032.619810889875,13032.619810889875,0.0,0.0
1515,RAJ,MID AND SOUTH ESSEX NHS FOUNDATION TRUST,301,Gastroenterology Service,12,1158.6702526251415,12377.158267829416,13535.828520454557,13535.82852045456,-1.8189894035458565e-12,1.8189894035458565e-12
2595,RM3,NORTHERN CARE ALLIANCE NHS FOUNDATION TRUST,120,Ear Nose and Throat Service,1,1089.8019699665467,10494.532506044214,11584.334476010761,11584.334476010761,0.0,0.0
2595,RM3,NORTHERN CARE ALLIANCE NHS FOUNDATION TRUST,120,Ear Nose and Throat Service,6,1225.2156770958873,11447.066868094571,12672.282545190457,12672.282545190457,0.0,0.0
2595,RM3,NORTHERN CARE ALLIANCE NHS FOUNDATION TRUST,120,Ear Nose and Throat Service,12,1332.4596961102168,12193.522286514599,13525.981982624815,13525.981982624819,-3.637978807091713e-12,3.637978807091713e-12
2404,RJZ,KING'S COLLEGE HOSPITAL NHS FOUNDATION TRUST,130,Ophthalmology Service,1,1099.919211928649,11167.462224843386,12267.381436772035,12267.381436772033,1.8189894035458565e-12,1.8189894035458565e-12
2404,RJZ,KING'S COLLEGE HOSPITAL NHS FOUNDATION TRUST,130,Ophthalmology Service,6,1220.285515036028,11605.299440316001,12825.58495535203,12825.584955352027,1.8189894035458565e-12,1.8189894035458565e-12
2404,RJZ,KING'S COLLEGE HOSPITAL NHS FOUNDATION TRUST,130,Ophthalmology Service,12,1315.5091215367931,12044.619272757467,13360.128394294261,13360.12839429426,1.8189894035458565e-12,1.8189894035458565e-12
2877,RQ3,BIRMINGHAM WOMEN'S AND CHILDREN'S NHS FOUNDATION TRUST,X04,Other - Paediatric Services,1,1124.0314321750386,10839.899428515339,11963.930860690378,11963.93086069038,-1.8189894035458565e-12,1.8189894035458565e-12
2877,RQ3,BIRMINGHAM WOMEN'S AND CHILDREN'S NHS FOUNDATION TRUST,X04,Other - Paediatric Services,6,1246.584737935234,11400.390467313606,12646.97520524884,12646.97520524884,0.0,0.0
2877,RQ3,BIRMINGHAM WOMEN'S AND CHILDREN'S NHS FOUNDATION TRUST,X04,Other - Paediatric Services,12,1343.869601764602,11943.74946379783,13287.619065562432,13287.619065562432,0.0,0.0
2604,RM3,NORTHERN CARE ALLIANCE NHS FOUNDATION TRUST,330,Dermatology Service,1,1081.2993282293642,10043.726930650331,11125.026258879696,11125.026258879696,0.0,0.0
2604,RM3,NORTHERN CARE ALLIANCE NHS FOUNDATION TRUST,330,Dermatology Service,6,1186.9901961512924,11213.789727331703,12400.779923482994,12400.779923482996,-1.8189894035458565e-12,1.8189894035458565e-12
2604,RM3,NORTHERN CARE ALLIANCE NHS FOUNDATION TRUST,330,Dermatology Service,12,1272.984291628474,12013.798381286138,13286.782672914613,13286.782672914613,0.0,0.0
3550,RX1,NOTTINGHAM UNIVERSITY HOSPITALS NHS TRUST,X02,Other - Medical Services,1,1123.6185702571547,10485.424870418668,11609.043440675823,11609.043440675823,0.0,0.0
3550,RX1,NOTTINGHAM UNIVERSITY HOSPITALS NHS TRUST,X02,Other - Medical Services,6,1256.726922817477,11307.988408764257,12564.715331581734,12564.715331581732,1.8189894035458565e-12,1.8189894035458565e-12
3550,RX1,NOTTINGHAM UNIVERSITY HOSPITALS NHS TRUST,X02,Other - Medical Services,12,1364.749731382963,11884.778257433438,13249.5279888164,13249.5279888164,0.0,0.0
2974,RR8,LEEDS TEACHING HOSPITALS NHS TRUST,X02,Other - Medical Services,1,1109.4161910397404,10845.526457333157,11954.942648372897,11954.942648372895,1.8189894035458565e-12,1.8189894035458565e-12
2974,RR8,LEEDS TEACHING HOSPITALS NHS TRUST,X02,Other - Medical Services,6,1250.5762466385847,11331.839333230415,12582.415579868999,12582.415579869,-1.8189894035458565e-12,1.8189894035458565e-12
2974,RR8,LEEDS TEACHING HOSPITALS NHS TRUST,X02,Other - Medical Services,12,1362.6840737408538,11817.901210052887,13180.585283793742,13180.58528379374,1.8189894035458565e-12,1.8189894035458565e-12
1851,RDE,EAST SUFFOLK AND NORTH ESSEX NHS FOUNDATION TRUST,120,Ear Nose and Throat Service,1,1061.2784547076135,10204.048397332534,11265.326852040147,11265.326852040147,0.0,0.0
1851,RDE,EAST SUFFOLK AND NORTH ESSEX NHS FOUNDATION TRUST,120,Ear Nose and Throat Service,6,1183.4215081418308,11023.36346430124,12206.78497244307,12206.784972443074,-3.637978807091713e-12,3.637978807091713e-12
1851,RDE,EAST SUFFOLK AND NORTH ESSEX NHS FOUNDATION TRUST,120,Ear Nose and Throat Service,12,1280.595787121824,11760.541237969705,13041.137025091528,13041.137025091528,0.0,0.0
3128,RTG,UNIVERSITY HOSPITALS OF DERBY AND BURTON NHS FOUNDATION TRUST,502,Gynaecology Service,1,1086.435375159435,9977.873509250363,11064.308884409798,11064.308884409798,0.0,0.0
3128,RTG,UNIVERSITY HOSPITALS OF DERBY AND BURTON NHS FOUNDATION TRUST,502,Gynaecology Service,6,1219.393779090481,10716.795775786648,11936.189554877128,11936.189554877132,-3.637978807091713e-12,3.637978807091713e-12
3128,RTG,UNIVERSITY HOSPITALS OF DERBY AND BURTON NHS FOUNDATION TRUST,502,Gynaecology Service,12,1324.4665096522644,11397.502795673561,12721.969305325825,12721.969305325827,-1.8189894035458565e-12,1.8189894035458565e-12
3761,RYR,UNIVERSITY HOSPITALS SUSSEX NHS FOUNDATION TRUST,130,Ophthalmology Service,1,1111.7828757985408,10016.24658968314,11128.02946548168,11128.029465481679,1.8189894035458565e-12,1.8189894035458565e-12
3761,RYR,UNIVERSITY HOSPITALS SUSSEX NHS FOUNDATION TRUST,130,Ophthalmology Service,6,1236.0212513255967,10666.927297347926,11902.948548673523,11902.948548673523,0.0,0.0
3761,RYR,UNIVERSITY HOSPITALS SUSSEX NHS FOUNDATION TRUST,130,Ophthalmology Service,12,1334.4494097446238,11183.46148014843,12517.910889893054,12517.910889893054,0.0,0.0
2815,RP5,DONCASTER AND BASSETLAW TEACHING HOSPITALS NHS FOUNDATION TRUST,110,Trauma and Orthopaedic Service,1,1088.7723430454764,10219.60342741502,11308.375770460498,11308.3757704605,-1.8189894035458565e-12,1.8189894035458565e-12
2815,RP5,DONCASTER AND BASSETLAW TEACHING HOSPITALS NHS FOUNDATION TRUST,110,Trauma and Orthopaedic Service,6,1193.1668096371843,10675.931424075932,11869.098233713117,11869.098233713117,0.0,0.0
2815,RP5,DONCASTER AND BASSETLAW TEACHING HOSPITALS NHS FOUNDATION TRUST,110,Trauma and Orthopaedic Service,12,1275.290383083241,11156.456420116712,12431.746803199952,12431.746803199952,0.0,0.0
1546,RAL,ROYAL FREE LONDON NHS FOUNDATION TRUST,X02,Other - Medical Services,1,1052.1977697363168,10274.722610789417,11326.920380525733,11326.920380525731,1.8189894035458565e-12,1.8189894035458565e-12
1546,RAL,ROYAL FREE LONDON NHS FOUNDATION TRUST,X02,Other - Medical Services,6,1167.8192923368974,10836.962801435033,12004.78209377193,12004.782093771932,-1.8189894035458565e-12,1.8189894035458565e-12
1546,RAL,ROYAL FREE LONDON NHS FOUNDATION TRUST,X02,Other - Medical Services,12,1259.0667683466027,11172.027928433698,12431.0946967803,12431.094696780301,-1.8189894035458565e-12,1.8189894035458565e-12
1293,R0A,MANCHESTER UNIVERSITY NHS FOUNDATION TRUST,301,Gastroenterology Service,1,1080.7588516120427,9445.964621729627,10526.72347334167,10526.723473341668,1.8189894035458565e-12,1.8189894035458565e-12
1293,R0A,MANCHESTER UNIVERSITY NHS FOUNDATION TRUST,301,Gastroenterology Service,6,1214.2405723248962,10274.12737661947,11488.367948944366,11488.367948944368,-1.8189894035458565e-12,1.8189894035458565e-12
1293,R0A,MANCHESTER UNIVERSITY NHS FOUNDATION TRUST,301,Gastroenterology Service,12,1319.9540470415761,10927.459987555278,12247.414034596854,12247.414034596855,-1.8189894035458565e-12,1.8189894035458565e-12
1530,RAL,ROYAL FREE LONDON NHS FOUNDATION TRUST,110,Trauma and Orthopaedic Service,1,1016.4602042375947,9744.720161425312,10761.180365662907,10761.180365662905,1.8189894035458565e-12,1.8189894035458565e-12
1530,RAL,ROYAL FREE LONDON NHS FOUNDATION TRUST,110,Trauma and Orthopaedic Service,6,1117.7296917273297,10323.804646233468,11441.534337960798,11441.534337960797,1.8189894035458565e-12,1.8189894035458565e-12
1530,RAL,ROYAL FREE LONDON NHS FOUNDATION TRUST,110,Trauma and Orthopaedic Service,12,1198.4345994307412,10836.050105588052,12034.484705018793,12034.484705018795,-1.8189894035458565e-12,1.8189894035458565e-12
1294,R0A,MANCHESTER UNIVERSITY NHS FOUNDATION TRUST,320,Cardiology Service,1,1057.238905409726,9026.221594660492,10083.460500070218,10083.460500070218,0.0,0.0
1294,R0A,MANCHESTER UNIVERSITY NHS FOUNDATION TRUST,320,Cardiology Service,6,1178.2314397602397,9980.534546291086,11158.765986051327,11158.765986051325,1.8189894035458565e-12,1.8189894035458565e-12
1294,R0A,MANCHESTER UNIVERSITY NHS FOUNDATION TRUST,320,Cardiology Service,12,1275.3869830388792,10750.985558708504,12026.372541747383,12026.372541747385,-1.8189894035458565e-12,1.8189894035458565e-12
1505,RAJ,MID AND SOUTH ESSEX NHS FOUNDATION TRUST,100,General Surgery Service,1,1085.6574979889406,9849.361168273406,10935.018666262347,10935.018666262347,0.0,0.0
1505,RAJ,MID AND SOUTH ESSEX NHS FOUNDATION TRUST,100,General Surgery Service,6,1215.224977315176,10196.56800043969,11411.792977754867,11411.792977754867,0.0,0.0
1505,RAJ,MID AND SOUTH ESSEX NHS FOUNDATION TRUST,100,General Surgery Service,12,1317.980332594062,10572.7705429301,11890.750875524162,11890.750875524163,-1.8189894035458565e-12,1.8189894035458565e-12
1506,RAJ,MID AND SOUTH ESSEX NHS FOUNDATION TRUST,101,Urology Service,1,1020.2203745875225,10005.27005665626,11025.490431243783,11025.490431243783,0.0,0.0
1506,RAJ,MID AND SOUTH ESSEX NHS FOUNDATION TRUST,101,Urology Service,6,1115.0744449450021,10283.338953921033,11398.413398866036,11398.413398866036,0.0,0.0
1506,RAJ,MID AND SOUTH ESSEX NHS FOUNDATION TRUST,101,Urology Service,12,1191.0682050694852,10595.241081994813,11786.309287064298,11786.309287064296,1.8189894035458565e-12,1.8189894035458565e-12
3072,RTD,THE NEWCASTLE UPON TYNE HOSPITALS NHS FOUNDATION TRUST,X02,Other - Medical Services,1,1028.0985259228025,9310.331823641567,10338.430349564369,10338.430349564367,1.8189894035458565e-12,1.8189894035458565e-12
3072,RTD,THE NEWCASTLE UPON TYNE HOSPITALS NHS FOUNDATION TRUST,X02,Other - Medical Services,6,1140.6003745261492,9987.874865604917,11128.475240131067,11128.475240131067,0.0,0.0
3072,RTD,THE NEWCASTLE UPON TYNE HOSPITALS NHS FOUNDATION TRUST,X02,Other - Medical Services,12,1230.5717996179167,10463.952150091836,11694.523949709754,11694.523949709754,0.0,0.0
1531,RAL,ROYAL FREE LONDON NHS FOUNDATION TRUST,120,Ear Nose and Throat Service,1,1041.9526405671497,9268.974120174342,10310.926760741491,10310.926760741491,0.0,0.0
1531,RAL,ROYAL FREE LONDON NHS FOUNDATION TRUST,120,Ear Nose and Throat Service,6,1153.200506768409,9897.58808181712,11050.78858858553,11050.788588585528,1.8189894035458565e-12,1.8189894035458565e-12
1531,RAL,ROYAL FREE LONDON NHS FOUNDATION TRUST,120,Ear Nose and Throat Service,12,1241.894993354878,10441.291121390286,11683.186114745164,11683.186114745165,-1.8189894035458565e-12,1.8189894035458565e-12
3005,RRJ,THE ROYAL ORTHOPAEDIC HOSPITAL NHS FOUNDATION TRUST,110,Trauma and Orthopaedic Service,1,1086.8504449864329,8836.147178563075,9922.997623549507,9922.997623549507,0.0,0.0
3005,RRJ,THE ROYAL ORTHOPAEDIC HOSPITAL NHS FOUNDATION TRUST,110,Trauma and Orthopaedic Service,6,1210.5763178730328,9621.418891019432,10831.995208892464,10831.995208892466,-1.8189894035458565e-12,1.8189894035458565e-12
3005,RRJ,THE ROYAL ORTHOPAEDIC HOSPITAL NHS FOUNDATION TRUST,110,Trauma and Orthopaedic Service,12,1309.033126752935,10246.941123745331,11555.974250498266,11555.974250498266,0.0,0.0
3115,RTG,UNIVERSITY HOSPITALS OF DERBY AND BURTON NHS FOUNDATION TRUST,130,Ophthalmology Service,1,1089.6372640548163,9230.6460819349,10320.283345989716,10320.283345989716,0.0,0.0
3115,RTG,UNIVERSITY HOSPITALS OF DERBY AND BURTON NHS FOUNDATION TRUST,130,Ophthalmology Service,6,1216.6330856222737,9712.92194024766,10929.555025869933,10929.555025869935,-1.8189894035458565e-12,1.8189894035458565e-12
3115,RTG,UNIVERSITY HOSPITALS OF DERBY AND BURTON NHS FOUNDATION TRUST,130,Ophthalmology Service,12,1317.9077740194425,10164.829597885939,11482.737371905381,11482.737371905378,3.637978807091713e-12,3.637978807091713e-12
3379,RWE,UNIVERSITY HOSPITALS OF LEICESTER NHS TRUST,130,Ophthalmology Service,1,1108.8402906946885,8994.104404812504,10102.944695507193,10102.944695507193,0.0,0.0
3379,RWE,UNIVERSITY HOSPITALS OF LEICESTER NHS TRUST,130,Ophthalmology Service,6,1245.4025158119366,9585.776563029907,10831.179078841844,10831.179078841844,0.0,0.0
3379,RWE,UNIVERSITY HOSPITALS OF LEICESTER NHS TRUST,130,Ophthalmology Service,12,1353.8582627327826,10113.239724115372,11467.097986848155,11467.097986848154,1.8189894035458565e-12,1.8189894035458565e-12
1852,RDE,EAST SUFFOLK AND NORTH ESSEX NHS FOUNDATION TRUST,130,Ophthalmology Service,1,1100.9941553013364,8723.115242876864,9824.1093981782,9824.109398178198,1.8189894035458565e-12,1.8189894035458565e-12
1852,RDE,EAST SUFFOLK AND NORTH ESSEX NHS FOUNDATION TRUST,130,Ophthalmology Service,6,1221.6235229136928,9448.536173247006,10670.1596961607,10670.159696160701,-1.8189894035458565e-12,1.8189894035458565e-12
1852,RDE,EAST SUFFOLK AND NORTH ESSEX NHS FOUNDATION TRUST,130,Ophthalmology Service,12,1317.60116181636,10133.103307622634,11450.704469438993,11450.704469438995,-1.8189894035458565e-12,1.8189894035458565e-12
2232,RJ1,GUY'S AND ST THOMAS' NHS FOUNDATION TRUST,320,Cardiology Service,1,1012.9866870718346,9467.244020278593,10480.230707350427,10480.230707350429,-1.8189894035458565e-12,1.8189894035458565e-12
2232,RJ1,GUY'S AND ST THOMAS' NHS FOUNDATION TRUST,320,Cardiology Service,6,1111.4406228348414,9825.027826134987,10936.468448969828,10936.46844896983,-1.8189894035458565e-12,1.8189894035458565e-12
2232,RJ1,GUY'S AND ST THOMAS' NHS FOUNDATION TRUST,320,Cardiology Service,12,1188.8511400421519,10231.358339282448,11420.2094793246,11420.2094793246,0.0,0.0
3048,RRV,UNIVERSITY COLLEGE LONDON HOSPITALS NHS FOUNDATION TRUST,X02,Other - Medical Services,1,1125.5641438055072,9082.423863517039,10207.988007322547,10207.988007322549,-1.8189894035458565e-12,1.8189894035458565e-12
3048,RRV,UNIVERSITY COLLEGE LONDON HOSPITALS NHS FOUNDATION TRUST,X02,Other - Medical Services,6,1276.2433717054853,9520.693113523232,10796.936485228716,10796.936485228716,0.0,0.0
3048,RRV,UNIVERSITY COLLEGE LONDON HOSPITALS NHS FOUNDATION TRUST,X02,Other - Medical Services,12,1396.839652666891,10008.315962489025,11405.155615155916,11405.155615155914,1.8189894035458565e-12,1.8189894035458565e-12
1391,R1H,BARTS HEALTH NHS TRUST,320,Cardiology Service,1,1036.419244625438,8681.006343221214,9717.425587846652,9717.425587846654,-1.8189894035458565e-12,1.8189894035458565e-12
1391,R1H,BARTS HEALTH NHS TRUST,320,Cardiology Service,6,1149.355081999984,9436.529153281228,10585.884235281212,10585.884235281213,-1.8189894035458565e-12,1.8189894035458565e-12
1391,R1H,BARTS HEALTH NHS TRUST,320,Cardiology Service,12,1239.2066940477152,10155.804487029362,11395.011181077076,11395.01118107708,-3.637978807091713e-12,3.637978807091713e-12
2102,RH5,SOMERSET NHS FOUNDATION TRUST,110,Trauma and Orthopaedic Service,1,1039.484724643557,9522.497970222093,10561.98269486565,10561.98269486565,0.0,0.0
2102,RH5,SOMERSET NHS FOUNDATION TRUST,110,Trauma and Orthopaedic Service,6,1144.5425911051716,9840.568133916611,10985.110725021783,10985.110725021781,1.8189894035458565e-12,1.8189894035458565e-12
2102,RH5,SOMERSET NHS FOUNDATION TRUST,110,Trauma and Orthopaedic Service,12,1227.7717131601482,10141.83650843023,11369.608221590377,11369.608221590377,0.0,0.0
2973,RR8,LEEDS TEACHING HOSPITALS NHS TRUST,502,Gynaecology Service,1,1066.4967450688096,8828.365729536165,9894.862474604974,9894.862474604974,0.0,0.0
2973,RR8,LEEDS TEACHING HOSPITALS NHS TRUST,502,Gynaecology Service,6,1196.0861545302955,9464.959013739493,10661.04516826979,10661.04516826979,0.0,0.0
2973,RR8,LEEDS TEACHING HOSPITALS NHS TRUST,502,Gynaecology Service,12,1299.1431743329028,10028.60907903372,11327.752253366623,11327.752253366625,-1.8189894035458565e-12,1.8189894035458565e-12
1875,RDU,FRIMLEY HEALTH NHS FOUNDATION TRUST,110,Trauma and Orthopaedic Service,1,1075.4914449434575,9281.967338900653,10357.458783844111,10357.45878384411,1.8189894035458565e-12,1.8189894035458565e-12
1875,RDU,FRIMLEY HEALTH NHS FOUNDATION TRUST,110,Trauma and Orthopaedic Service,6,1182.0604402002282,9645.369362983176,10827.429803183404,10827.429803183404,0.0,0.0
1875,RDU,FRIMLEY HEALTH NHS FOUNDATION TRUST,110,Trauma and Orthopaedic Service,12,1266.606048219341,10024.310765187454,11290.916813406795,11290.916813406797,-1.8189894035458565e-12,1.8189894035458565e-12
2123,RH8,ROYAL DEVON UNIVERSITY HEALTHCARE NHS FOUNDATION TRUST,110,Trauma and Orthopaedic Service,1,1081.9070099317678,9310.501804743326,10392.408814675095,10392.408814675093,1.8189894035458565e-12,1.8189894035458565e-12
2123,RH8,ROYAL DEVON UNIVERSITY HEALTHCARE NHS FOUNDATION TRUST,110,Trauma and Orthopaedic Service,6,1191.4245945297173,9596.227345964362,10787.65194049408,10787.65194049408,0.0,0.0
2123,RH8,ROYAL DEVON UNIVERSITY HEALTHCARE NHS FOUNDATION TRUST,110,Trauma and Orthopaedic Service,12,1277.9271239074783,9935.612887830983,11213.540011738462,11213.54001173846,1.8189894035458565e-12,1.8189894035458565e-12
3057,RTD,THE NEWCASTLE UPON TYNE HOSPITALS NHS FOUNDATION TRUST,120,Ear Nose and Throat Service,1,1036.2697197792868,8622.92275790221,9659.192477681496,9659.192477681496,0.0,0.0
3057,RTD,THE NEWCASTLE UPON TYNE HOSPITALS NHS FOUNDATION TRUST,120,Ear Nose and Throat Service,6,1152.1971396709669,9388.390681791458,10540.587821462424,10540.587821462426,-1.8189894035458565e-12,1.8189894035458565e-12
3057,RTD,THE NEWCASTLE UPON TYNE HOSPITALS NHS FOUNDATION TRUST,120,Ear Nose and Throat Service,12,1244.6432348934923,9963.90331511628,11208.546550009773,11208.54655000977,1.8189894035458565e-12,1.8189894035458565e-12
1850,RDE,EAST SUFFOLK AND NORTH ESSEX NHS FOUNDATION TRUST,110,Trauma and Orthopaedic Service,1,1080.1195503491838,8890.02710290531,9970.146653254493,9970.146653254491,1.8189894035458565e-12,1.8189894035458565e-12
1850,RDE,EAST SUFFOLK AND NORTH ESSEX NHS FOUNDATION TRUST,110,Trauma and Orthopaedic Service,6,1190.6035380291369,9419.236321220622,10609.839859249758,10609.83985924976,-1.8189894035458565e-12,1.8189894035458565e-12
1850,RDE,EAST SUFFOLK AND NORTH ESSEX NHS FOUNDATION TRUST,110,Trauma and Orthopaedic Service,12,1277.9738355378256,9890.928679936858,11168.902515474683,11168.902515474683,0.0,0.0
1668,RBN,MERSEY AND WEST LANCASHIRE TEACHING HOSPITALS NHS TRUST,330,Dermatology Service,1,1038.463162993686,8363.891943045772,9402.355106039458,9402.355106039458,0.0,0.0
1668,RBN,MERSEY AND WEST LANCASHIRE TEACHING HOSPITALS NHS TRUST,330,Dermatology Service,6,1140.6896398607396,9215.425742035111,10356.115381895852,10356.115381895854,-1.8189894035458565e-12,1.8189894035458565e-12
1668,RBN,MERSEY AND WEST LANCASHIRE TEACHING HOSPITALS NHS TRUST,330,Dermatology Service,12,1223.338419387035,9900.860243046116,11124.198662433151,11124.198662433151,0.0,0.0
166,NMG,CONNECT HEALTH LIMITED,X06,Other - Other Services,1,1485.0014049648382,9362.015369064746,10847.016774029584,10847.016774029582,1.8189894035458565e-12,1.8189894035458565e-12
166,NMG,CONNECT HEALTH LIMITED,X06,Other - Other Services,6,1674.5276636147073,9312.08139911687,10986.609062731579,10986.609062731579,0.0,0.0
166,NMG,CONNECT HEALTH LIMITED,X06,Other - Other Services,12,1821.1447175878986,9251.641231089134,11072.785948677032,11072.785948677032,0.0,0.0
3129,RTG,UNIVERSITY HOSPITALS OF DERBY AND BURTON NHS FOUNDATION TRUST,X02,Other - Medical Services,1,1108.0472667383701,8280.4897496107,9388.53701634907,9388.53701634907,0.0,0.0
3129,RTG,UNIVERSITY HOSPITALS OF DERBY AND BURTON NHS FOUNDATION TRUST,X02,Other - Medical Services,6,1252.2992789265202,8981.590214533177,10233.889493459697,10233.8894934597,-1.8189894035458565e-12,1.8189894035458565e-12
3129,RTG,UNIVERSITY HOSPITALS OF DERBY AND BURTON NHS FOUNDATION TRUST,X02,Other - Medical Services,12,1367.9618200634418,9579.015472408351,10946.977292471793,10946.977292471794,-1.8189894035458565e-12,1.8189894035458565e-12
2573,RM1,NORFOLK AND NORWICH UNIVERSITY HOSPITALS NHS FOUNDATION TRUST,110,Trauma and Orthopaedic Service,1,1070.4526657939173,8517.687068020316,9588.139733814232,9588.139733814232,0.0,0.0
2573,RM1,NORFOLK AND NORWICH UNIVERSITY HOSPITALS NHS FOUNDATION TRUST,110,Trauma and Orthopaedic Service,6,1176.0909292924375,9159.65772592752,10335.748655219957,10335.748655219957,0.0,0.0
2573,RM1,NORFOLK AND NORWICH UNIVERSITY HOSPITALS NHS FOUNDATION TRUST,110,Trauma and Orthopaedic Service,12,1259.5462521561267,9684.21574468968,10943.761996845806,10943.761996845808,-1.8189894035458565e-12,1.8189894035458565e-12
2421,RJZ,KING'S COLLEGE HOSPITAL NHS FOUNDATION TRUST,X05,Other - Surgical Services,1,1071.8309583261455,8218.02960557697,9289.860563903116,9289.860563903116,0.0,0.0
2421,RJZ,KING'S COLLEGE HOSPITAL NHS FOUNDATION TRUST,X05,Other - Surgical Services,6,1189.7245153802905,8990.291268609399,10180.01578398969,10180.01578398969,0.0,0.0
2421,RJZ,KING'S COLLEGE HOSPITAL NHS FOUNDATION TRUST,X05,Other - Surgical Services,12,1284.352762964188,9629.847801980455,10914.200564944644,10914.200564944647,-3.637978807091713e-12,3.637978807091713e-12
1864,RDE,EAST SUFFOLK AND NORTH ESSEX NHS FOUNDATION TRUST,502,Gynaecology Service,1,1035.8844441744868,8192.529169348909,9228.413613523397,9228.413613523395,1.8189894035458565e-12,1.8189894035458565e-12
1864,RDE,EAST SUFFOLK AND NORTH ESSEX NHS FOUNDATION TRUST,502,Gynaecology Service,6,1150.6126049529107,8912.335868189059,10062.948473141969,10062.948473141969,0.0,0.0
1864,RDE,EAST SUFFOLK AND NORTH ESSEX NHS FOUNDATION TRUST,502,Gynaecology Service,12,1242.4382910595796,9603.326752720099,10845.765043779678,10845.76504377968,-1.8189894035458565e-12,1.8189894035458565e-12
2405,RJZ,KING'S COLLEGE HOSPITAL NHS FOUNDATION TRUST,140,Oral Surgery Service,1,1091.7245023105218,8171.442488826242,9263.166991136764,9263.166991136763,1.8189894035458565e-12,1.8189894035458565e-12
2405,RJZ,KING'S COLLEGE HOSPITAL NHS FOUNDATION TRUST,140,Oral Surgery Service,6,1215.040875480385,8923.36810937411,10138.408984854495,10138.408984854495,0.0,0.0
2405,RJZ,KING'S COLLEGE HOSPITAL NHS FOUNDATION TRUST,140,Oral Surgery Service,12,1315.2226555640873,9457.161141410355,10772.383796974442,10772.383796974445,-3.637978807091713e-12,3.637978807091713e-12
3075,RTD,THE NEWCASTLE UPON TYNE HOSPITALS NHS FOUNDATION TRUST,X05,Other - Surgical Services,1,1057.9187519755278,8001.861794882311,9059.780546857839,9059.78054685784,-1.8189894035458565e-12,1.8189894035458565e-12
3075,RTD,THE NEWCASTLE UPON TYNE HOSPITALS NHS FOUNDATION TRUST,X05,Other - Surgical Services,6,1173.3060312302566,8782.824373410167,9956.130404640424,9956.130404640424,0.0,0.0
3075,RTD,THE NEWCASTLE UPON TYNE HOSPITALS NHS FOUNDATION TRUST,X05,Other - Surgical Services,12,1264.9088017829524,9425.909437844835,10690.818239627788,10690.81823962779,-1.8189894035458565e-12,1.8189894035458565e-12
3058,RTD,THE NEWCASTLE UPON TYNE HOSPITALS NHS FOUNDATION TRUST,130,Ophthalmology Service,1,1082.1758703577284,8254.835228955038,9337.011099312767,9337.011099312767,0.0,0.0
3058,RTD,THE NEWCASTLE UPON TYNE HOSPITALS NHS FOUNDATION TRUST,130,Ophthalmology Service,6,1212.4097626409955,8862.22592782036,10074.635690461355,10074.635690461355,0.0,0.0
3058,RTD,THE NEWCASTLE UPON TYNE HOSPITALS NHS FOUNDATION TRUST,130,Ophthalmology Service,12,1316.1493588271119,9341.398550325144,10657.547909152256,10657.547909152257,-1.8189894035458565e-12,1.8189894035458565e-12
2166,RHQ,SHEFFIELD TEACHING HOSPITALS NHS FOUNDATION TRUST,110,Trauma and Orthopaedic Service,1,1043.940161500533,8662.055178725195,9705.995340225729,9705.995340225729,0.0,0.0
2166,RHQ,SHEFFIELD TEACHING HOSPITALS NHS FOUNDATION TRUST,110,Trauma and Orthopaedic Service,6,1152.0952888086717,9019.127602204087,10171.22289101276,10171.222891012758,1.8189894035458565e-12,1.8189894035458565e-12
2166,RHQ,SHEFFIELD TEACHING HOSPITALS NHS FOUNDATION TRUST,110,Trauma and Orthopaedic Service,12,1237.1970003364963,9353.069996663275,10590.266996999771,10590.266996999771,0.0,0.0
1929,REM,LIVERPOOL UNIVERSITY HOSPITALS NHS FOUNDATION TRUST,X05,Other - Surgical Services,1,1084.2237591091202,7897.9575062930435,8982.181265402163,8982.181265402161,1.8189894035458565e-12,1.8189894035458565e-12
1929,REM,LIVERPOOL UNIVERSITY HOSPITALS NHS FOUNDATION TRUST,X05,Other - Surgical Services,6,1217.3068775503866,8684.655089767655,9901.961967318042,9901.96196731804,1.8189894035458565e-12,1.8189894035458565e-12
1929,REM,LIVERPOOL UNIVERSITY HOSPITALS NHS FOUNDATION TRUST,X05,Other - Surgical Services,12,1323.1454624790128,9230.04659990115,10553.192062380163,10553.192062380163,0.0,0.0
3013,RRK,UNIVERSITY HOSPITALS BIRMINGHAM NHS FOUNDATION TRUST,130,Ophthalmology Service,1,1071.398817044356,8532.473920409411,9603.872737453767,9603.872737453767,0.0,0.0
3013,RRK,UNIVERSITY HOSPITALS BIRMINGHAM NHS FOUNDATION TRUST,130,Ophthalmology Service,6,1197.080842445615,8943.068836717428,10140.149679163043,10140.149679163043,0.0,0.0
3013,RRK,UNIVERSITY HOSPITALS BIRMINGHAM NHS FOUNDATION TRUST,130,Ophthalmology Service,12,1297.009512276898,9185.160536492316,10482.170048769214,10482.170048769212,1.8189894035458565e-12,1.8189894035458565e-12
2125,RH8,ROYAL DEVON UNIVERSITY HEALTHCARE NHS FOUNDATION TRUST,130,Ophthalmology Service,1,1089.6125863361058,8215.979728788738,9305.592315124843,9305.592315124843,0.0,0.0
2125,RH8,ROYAL DEVON UNIVERSITY HEALTHCARE NHS FOUNDATION TRUST,130,Ophthalmology Service,6,1216.2895633460812,8664.408039014854,9880.697602360935,9880.697602360935,0.0,0.0
2125,RH8,ROYAL DEVON UNIVERSITY HEALTHCARE NHS FOUNDATION TRUST,130,Ophthalmology Service,12,1317.176479329043,9138.952409106892,10456.128888435935,10456.128888435935,0.0,0.0
2574,RM1,NORFOLK AND NORWICH UNIVERSITY HOSPITALS NHS FOUNDATION TRUST,120,Ear Nose and Throat Service,1,1032.6182408559712,7951.5936399510465,8984.211880807017,8984.211880807017,0.0,0.0
2574,RM1,NORFOLK AND NORWICH UNIVERSITY HOSPITALS NHS FOUNDATION TRUST,120,Ear Nose and Throat Service,6,1149.9065520003967,8631.932473074086,9781.839025074483,9781.839025074483,0.0,0.0
2574,RM1,NORFOLK AND NORWICH UNIVERSITY HOSPITALS NHS FOUNDATION TRUST,120,Ear Nose and Throat Service,12,1243.7029578369747,9198.991374676616,10442.69433251359,10442.694332513589,1.8189894035458565e-12,1.8189894035458565e-12
1917,REM,LIVERPOOL UNIVERSITY HOSPITALS NHS FOUNDATION TRUST,130,Ophthalmology Service,1,1062.6388593756922,8138.195821393922,9200.834680769614,9200.834680769614,0.0,0.0
1917,REM,LIVERPOOL UNIVERSITY HOSPITALS NHS FOUNDATION TRUST,130,Ophthalmology Service,6,1185.2732416216925,8699.006099762648,9884.279341384341,9884.279341384341,0.0,0.0
1917,REM,LIVERPOOL UNIVERSITY HOSPITALS NHS FOUNDATION TRUST,130,Ophthalmology Service,12,1282.6965155424707,9149.584973791985,10432.281489334457,10432.281489334455,1.8189894035458565e-12,1.8189894035458565e-12
1420,R1K,LONDON NORTH WEST UNIVERSITY HEALTHCARE NHS TRUST,X02,Other - Medical Services,1,1045.3695019481002,8030.662103447372,9076.031605395472,9076.031605395472,0.0,0.0
1420,R1K,LONDON NORTH WEST UNIVERSITY HEALTHCARE NHS TRUST,X02,Other - Medical Services,6,1162.02885500762,8672.85252161556,9834.88137662318,9834.88137662318,0.0,0.0
1420,R1K,LONDON NORTH WEST UNIVERSITY HEALTHCARE NHS TRUST,X02,Other - Medical Services,12,1255.2245243276686,9106.097510824096,10361.322035151765,10361.322035151765,0.0,0.0
2609,RM3,NORTHERN CARE ALLIANCE NHS FOUNDATION TRUST,502,Gynaecology Service,1,1061.6210140316339,7781.04434602932,8842.665360060953,8842.665360060953,0.0,0.0
2609,RM3,NORTHERN CARE ALLIANCE NHS FOUNDATION TRUST,502,Gynaecology Service,6,1186.0239917536599,8451.901432601071,9637.925424354731,9637.925424354731,0.0,0.0
2609,RM3,NORTHERN CARE ALLIANCE NHS FOUNDATION TRUST,502,Gynaecology Service,12,1285.4660192913586,9035.240590518997,10320.706609810355,10320.706609810353,1.8189894035458565e-12,1.8189894035458565e-12
1883,RDU,FRIMLEY HEALTH NHS FOUNDATION TRUST,330,Dermatology Service,1,1023.6163731691028,7589.357341121355,8612.973714290458,8612.973714290458,0.0,0.0
1883,RDU,FRIMLEY HEALTH NHS FOUNDATION TRUST,330,Dermatology Service,6,1135.3089416120886,8456.242452737648,9591.551394349737,9591.551394349739,-1.8189894035458565e-12,1.8189894035458565e-12
1883,RDU,FRIMLEY HEALTH NHS FOUNDATION TRUST,330,Dermatology Service,12,1224.6568253368143,9089.476389442276,10314.13321477909,10314.133214779089,1.8189894035458565e-12,1.8189894035458565e-12
3377,RWE,UNIVERSITY HOSPITALS OF LEICESTER NHS TRUST,110,Trauma and Orthopaedic Service,1,1050.6676262970843,7923.318732287057,8973.986358584141,8973.986358584143,-1.8189894035458565e-12,1.8189894035458565e-12
3377,RWE,UNIVERSITY HOSPITALS OF LEICESTER NHS TRUST,110,Trauma and Orthopaedic Service,6,1153.2261474533987,8549.15951235682,9702.38565981022,9702.38565981022,0.0,0.0
3377,RWE,UNIVERSITY HOSPITALS OF LEICESTER NHS TRUST,110,Trauma and Orthopaedic Service,12,1234.4736067586514,9071.920575132357,10306.394181891008,10306.39418189101,-1.8189894035458565e-12,1.8189894035458565e-12
2299,RJ7,ST GEORGE'S UNIVERSITY HOSPITALS NHS FOUNDATION TRUST,X02,Other - Medical Services,1,1126.4503459657233,8013.404130383287,9139.85447634901,9139.854476349012,-1.8189894035458565e-12,1.8189894035458565e-12
2299,RJ7,ST GEORGE'S UNIVERSITY HOSPITALS NHS FOUNDATION TRUST,X02,Other - Medical Services,6,1280.7667996469688,8513.535229910476,9794.302029557444,9794.302029557444,0.0,0.0
2299,RJ7,ST GEORGE'S UNIVERSITY HOSPITALS NHS FOUNDATION TRUST,X02,Other - Medical Services,12,1405.0852597542184,8892.112243719183,10297.1975034734,10297.197503473399,1.8189894035458565e-12,1.8189894035458565e-12
2515,RL4,THE ROYAL WOLVERHAMPTON NHS TRUST,130,Ophthalmology Service,1,1117.5565726250047,8060.559964063682,9178.116536688687,9178.116536688687,0.0,0.0
2515,RL4,THE ROYAL WOLVERHAMPTON NHS TRUST,130,Ophthalmology Service,6,1263.4053311783482,8529.009891474918,9792.415222653266,9792.415222653266,0.0,0.0
2515,RL4,THE ROYAL WOLVERHAMPTON NHS TRUST,130,Ophthalmology Service,12,1379.122703978544,8906.84555750418,10285.968261482725,10285.968261482725,0.0,0.0
1461,RA7,UNIVERSITY HOSPITALS BRISTOL AND WESTON NHS FOUNDATION TRUST,X04,Other - Paediatric Services,1,1068.1001227987074,8237.66970318029,9305.769825978998,9305.769825978998,0.0,0.0
1461,RA7,UNIVERSITY HOSPITALS BRISTOL AND WESTON NHS FOUNDATION TRUST,X04,Other - Paediatric Services,6,1184.964594982203,8650.920517189223,9835.885112171425,9835.885112171425,0.0,0.0
1461,RA7,UNIVERSITY HOSPITALS BRISTOL AND WESTON NHS FOUNDATION TRUST,X04,Other - Paediatric Services,12,1277.7653560027131,8959.374983784372,10237.140339787085,10237.140339787087,-1.8189894035458565e-12,1.8189894035458565e-12
1937,RET,THE WALTON CENTRE NHS FOUNDATION TRUST,400,Neurology Service,1,1021.0007735637182,7732.397525490424,8753.398299054143,8753.398299054144,-1.8189894035458565e-12,1.8189894035458565e-12
1937,RET,THE WALTON CENTRE NHS FOUNDATION TRUST,400,Neurology Service,6,1122.624506621121,8504.41408171736,9627.03858833848,9627.038588338482,-1.8189894035458565e-12,1.8189894035458565e-12
1937,RET,THE WALTON CENTRE NHS FOUNDATION TRUST,400,Neurology Service,12,1204.2734780947512,9013.416241591214,10217.689719685965,10217.689719685966,-1.8189894035458565e-12,1.8189894035458565e-12
3066,RTD,THE NEWCASTLE UPON TYNE HOSPITALS NHS FOUNDATION TRUST,330,Dermatology Service,1,1101.6421397463337,7384.159686795587,8485.80182654192,8485.80182654192,0.0,0.0
3066,RTD,THE NEWCASTLE UPON TYNE HOSPITALS NHS FOUNDATION TRUST,330,Dermatology Service,6,1230.304256106384,8193.220570665058,9423.524826771441,9423.524826771445,-3.637978807091713e-12,3.637978807091713e-12
3066,RTD,THE NEWCASTLE UPON TYNE HOSPITALS NHS FOUNDATION TRUST,330,Dermatology Service,12,1332.8138725994972,8817.369961521405,10150.183834120902,10150.183834120902,0.0,0.0
1400,R1H,BARTS HEALTH NHS TRUST,X04,Other - Paediatric Services,1,1032.4486131946917,7782.520856756415,8814.969469951107,8814.969469951107,0.0,0.0
1400,R1H,BARTS HEALTH NHS TRUST,X04,Other - Paediatric Services,6,1141.3045265206633,8366.433706403968,9507.738232924632,9507.738232924632,0.0,0.0
1400,R1H,BARTS HEALTH NHS TRUST,X04,Other - Paediatric Services,12,1227.7362651392943,8884.14483378112,10111.881098920414,10111.881098920412,1.8189894035458565e-12,1.8189894035458565e-12
