change_type,trust_code,trust_name,specialty_code,specialty_name,first_month,last_month,distinct_values,details
trust_name_changes_for_code,ADP02,KIMS HOSPITAL (NEWNHAM COURT);KIMS HOSPITAL LTD,,,2015-10-01,2026-05-01,2,Same Trust code appears with multiple Trust names. No automatic organisation merge applied.
trust_name_changes_for_code,NDL01,NORTH EAST ESSEX DIABETES SERVICE;SUFFOLK GP FEDERATION;SUFFOLK GP FEDERATION - WOODBRIDGE,,,2015-10-01,2026-03-01,3,Same Trust code appears with multiple Trust names. No automatic organisation merge applied.
trust_name_changes_for_code,NNE,DORKING HEALTHCARE LIMITED;DORKING HEALTHCARE LIMITED (DHC),,,2015-10-01,2026-05-01,2,Same Trust code appears with multiple Trust names. No automatic organisation merge applied.
trust_name_changes_for_code,NT314,SPIRE LONDON EAST;SPIRE RODING HOSPITAL,,,2015-10-01,2026-05-01,2,Same Trust code appears with multiple Trust names. No automatic organisation merge applied.
trust_name_changes_for_code,NT401,ALEXANDRA HOSPITAL;BMI - THE ALEXANDRA HOSPITAL,,,2015-10-01,2026-05-01,2,Same Trust code appears with multiple Trust names. No automatic organisation merge applied.
trust_name_changes_for_code,NT402,BATH CLINIC;BMI - BATH CLINIC,,,2015-10-01,2026-05-01,2,Same Trust code appears with multiple Trust names. No automatic organisation merge applied.
trust_name_changes_for_code,NT403,BEARDWOOD HOSPITAL;BMI - THE BEARDWOOD HOSPITAL,,,2015-10-01,2026-05-01,2,Same Trust code appears with multiple Trust names. No automatic organisation merge applied.
trust_name_changes_for_code,NT404,BEAUMONT HOSPITAL;BMI - THE BEAUMONT HOSPITAL,,,2015-10-01,2026-05-01,2,Same Trust code appears with multiple Trust names. No automatic organisation merge applied.
trust_name_changes_for_code,NT405,BISHOPS WOOD;BISHOPS WOOD HOSPITAL;BMI - BISHOPS WOOD,,,2015-10-01,2026-05-01,3,Same Trust code appears with multiple Trust names. No automatic organisation merge applied.
trust_name_changes_for_code,NT406,BLACKHEATH HOSPITAL;BMI - THE BLACKHEATH HOSPITAL,,,2015-10-01,2026-05-01,2,Same Trust code appears with multiple Trust names. No automatic organisation merge applied.
trust_name_changes_for_code,NT408,BMI - THE CHAUCER HOSPITAL;CHAUCER HOSPITAL,,,2015-10-01,2026-05-01,2,Same Trust code appears with multiple Trust names. No automatic organisation merge applied.
trust_name_changes_for_code,NT409,BMI - CHELSFIELD PARK HOSPITAL;CHELSFIELD PARK HOSPITAL,,,2015-10-01,2026-05-01,2,Same Trust code appears with multiple Trust names. No automatic organisation merge applied.
trust_name_changes_for_code,NT410,BMI - THE CHILTERN HOSPITAL;CHILTERN HOSPITAL,,,2015-10-01,2026-05-01,2,Same Trust code appears with multiple Trust names. No automatic organisation merge applied.
trust_name_changes_for_code,NT411,BMI - THE CLEMENTINE CHURCHILL HOSPITAL;CLEMENTINE CHURCHILL HOSPITAL,,,2015-10-01,2026-05-01,2,Same Trust code appears with multiple Trust names. No automatic organisation merge applied.
trust_name_changes_for_code,NT412,BMI - THE DROITWICH SPA HOSPITAL;DROITWICH SPA HOSPITAL,,,2015-10-01,2026-05-01,2,Same Trust code appears with multiple Trust names. No automatic organisation merge applied.
trust_name_changes_for_code,NT416,BMI - HENDON HOSPITAL;HENDON HOSPITAL,,,2015-10-01,2026-05-01,2,Same Trust code appears with multiple Trust names. No automatic organisation merge applied.
trust_name_changes_for_code,NT417,BMI - GORING HALL HOSPITAL;GORING HALL HOSPITAL,,,2015-10-01,2026-05-01,2,Same Trust code appears with multiple Trust names. No automatic organisation merge applied.
trust_name_changes_for_code,NT418,BMI - THE HAMPSHIRE CLINIC;HAMPSHIRE CLINIC,,,2015-10-01,2026-05-01,2,Same Trust code appears with multiple Trust names. No automatic organisation merge applied.
trust_name_changes_for_code,NT419,BMI - THE HARBOUR HOSPITAL;HARBOUR HOSPITAL,,,2015-10-01,2026-05-01,2,Same Trust code appears with multiple Trust names. No automatic organisation merge applied.
trust_name_changes_for_code,NT420,BMI - THE HIGHFIELD HOSPITAL;HIGHFIELD HOSPITAL,,,2015-10-01,2026-05-01,2,Same Trust code appears with multiple Trust names. No automatic organisation merge applied.
trust_name_changes_for_code,NT421,BMI - THE KINGS OAK HOSPITAL;KINGS OAK HOSPITAL,,,2015-10-01,2026-05-01,2,Same Trust code appears with multiple Trust names. No automatic organisation merge applied.
trust_name_changes_for_code,NT422,BMI - THE LONDON INDEPENDENT HOSPITAL;LONDON INDEPENDENT HOSPITAL,,,2015-10-01,2026-05-01,2,Same Trust code appears with multiple Trust names. No automatic organisation merge applied.
trust_name_changes_for_code,NT423,BMI - THE MANOR HOSPITAL;MANOR HOSPITAL,,,2015-10-01,2026-05-01,2,Same Trust code appears with multiple Trust names. No automatic organisation merge applied.
trust_name_changes_for_code,NT424,BMI - THE MERIDEN HOSPITAL;MERIDEN HOSPITAL,,,2015-10-01,2026-05-01,2,Same Trust code appears with multiple Trust names. No automatic organisation merge applied.
trust_name_changes_for_code,NT427,BMI - THE PARK HOSPITAL;PARK HOSPITAL,,,2015-10-01,2026-05-01,2,Same Trust code appears with multiple Trust names. No automatic organisation merge applied.
trust_name_changes_for_code,NT428,BMI - THE PRINCESS MARGARET HOSPITAL;PRINCESS MARGARET HOSPITAL,,,2015-10-01,2026-05-01,2,Same Trust code appears with multiple Trust names. No automatic organisation merge applied.
trust_name_changes_for_code,NT429,BMI - THE PRIORY HOSPITAL;PRIORY HOSPITAL,,,2015-10-01,2026-05-01,2,Same Trust code appears with multiple Trust names. No automatic organisation merge applied.
trust_name_changes_for_code,NT430,BMI - THE RIDGEWAY HOSPITAL;RIDGEWAY HOSPITAL,,,2015-10-01,2026-05-01,2,Same Trust code appears with multiple Trust names. No automatic organisation merge applied.
trust_name_changes_for_code,NT431,BMI - THE RUNNYMEDE HOSPITAL;RUNNYMEDE HOSPITAL,,,2015-10-01,2026-05-01,2,Same Trust code appears with multiple Trust names. No automatic organisation merge applied.
trust_name_changes_for_code,NT433,BMI - SARUM ROAD HOSPITAL;SARUM ROAD HOSPITAL,,,2015-10-01,2026-05-01,2,Same Trust code appears with multiple Trust names. No automatic organisation merge applied.
trust_name_changes_for_code,NT434,BMI - THE SAXON CLINIC;SAXON CLINIC,,,2015-10-01,2026-05-01,2,Same Trust code appears with multiple Trust names. No automatic organisation merge applied.
trust_name_changes_for_code,NT435,BMI - THE SHELBURNE HOSPITAL;SHELBURNE HOSPITAL,,,2015-10-01,2026-05-01,2,Same Trust code appears with multiple Trust names. No automatic organisation merge applied.
trust_name_changes_for_code,NT436,BMI - SHIRLEY OAKS HOSPITAL;SHIRLEY OAKS HOSPITAL,,,2015-10-01,2026-05-01,2,Same Trust code appears with multiple Trust names. No automatic organisation merge applied.
trust_name_changes_for_code,NT437,BMI - THE SLOANE HOSPITAL;SLOANE HOSPITAL,,,2015-10-01,2026-05-01,2,Same Trust code appears with multiple Trust names. No automatic organisation merge applied.
trust_name_changes_for_code,NT440,BMI - THORNBURY HOSPITAL;THORNBURY HOSPITAL,,,2015-10-01,2026-05-01,2,Same Trust code appears with multiple Trust names. No automatic organisation merge applied.
trust_name_changes_for_code,NT441,BMI - THREE SHIRES HOSPITAL;THREE SHIRES HOSPITAL,,,2015-10-01,2026-05-01,2,Same Trust code appears with multiple Trust names. No automatic organisation merge applied.
trust_name_changes_for_code,NT443,BMI - THE WINTERBOURNE HOSPITAL;WINTERBOURNE HOSPITAL,,,2015-10-01,2026-05-01,2,Same Trust code appears with multiple Trust names. No automatic organisation merge applied.
trust_name_changes_for_code,NT445,BMI THE EDGBASTON HOSPITAL;EDGBASTON HOSPITAL,,,2015-10-01,2026-05-01,2,Same Trust code appears with multiple Trust names. No automatic organisation merge applied.
trust_name_changes_for_code,NT446,BMI ST EDMUNDS HOSPITAL;ST EDMUNDS HOSPITAL,,,2015-10-01,2026-05-01,2,Same Trust code appears with multiple Trust names. No automatic organisation merge applied.
trust_name_changes_for_code,NT447,BMI THE DUCHY HOSPITAL;DUCHY HOSPITAL,,,2015-10-01,2026-05-01,2,Same Trust code appears with multiple Trust names. No automatic organisation merge applied.
trust_name_changes_for_code,NT448,BMI THE HUDDERSFIELD HOSPITAL;HUDDERSFIELD HOSPITAL;HUDDERSFIELD PRIVATE HOSPITAL;THE HUDDERSFIELD PRIVATE HOSPITAL,,,2015-10-01,2026-05-01,4,Same Trust code appears with multiple Trust names. No automatic organisation merge applied.
trust_name_changes_for_code,NT449,BMI THE LANCASTER HOSPITAL;LANCASTER HOSPITAL;LANCASTER PRIVATE HOSPITAL;THE LANCASTER PRIVATE HOSPITAL,,,2015-10-01,2026-05-01,4,Same Trust code appears with multiple Trust names. No automatic organisation merge applied.
trust_name_changes_for_code,NT450,BMI THE LINCOLN HOSPITAL;LINCOLN HOSPITAL;LINCOLN PRIVATE HOSPITAL;THE LINCOLN PRIVATE HOSPITAL,,,2015-10-01,2026-05-01,4,Same Trust code appears with multiple Trust names. No automatic organisation merge applied.
trust_name_changes_for_code,NT451,BMI THE CAVELL HOSPITAL;CAVELL HOSPITAL,,,2015-10-01,2026-05-01,2,Same Trust code appears with multiple Trust names. No automatic organisation merge applied.
trust_name_changes_for_code,NT455,BMI MOUNT ALVERNIA HOSPITAL;MOUNT ALVERNIA HOSPITAL,,,2015-10-01,2026-05-01,2,Same Trust code appears with multiple Trust names. No automatic organisation merge applied.
trust_name_changes_for_code,NT457,BMI WOODLANDS HOSPITAL;WOODLANDS HOSPITAL,,,2015-10-01,2026-05-01,2,Same Trust code appears with multiple Trust names. No automatic organisation merge applied.
trust_name_changes_for_code,NT490,BMI SOUTHEND PRIVATE HOSPITAL;SOUTHEND PRIVATE HOSPITAL,,,2015-10-01,2026-05-01,2,Same Trust code appears with multiple Trust names. No automatic organisation merge applied.
trust_name_changes_for_code,NTP11,PRACTICE PLUS GROUP HOSPITAL - SOUTHAMPTON;SOUTHAMPTON NHS TREATMENT CENTRE,,,2015-10-01,2026-05-01,2,Same Trust code appears with multiple Trust names. No automatic organisation merge applied.
trust_name_changes_for_code,NTP13,BARLBOROUGH NHS TREATMENT CENTRE;PRACTICE PLUS GROUP HOSPITAL - BARLBOROUGH,,,2015-10-01,2026-05-01,2,Same Trust code appears with multiple Trust names. No automatic organisation merge applied.
trust_name_changes_for_code,NTP15,NORTH EAST LONDON TREATMENT CENTRE CARE UK;PRACTICE PLUS GROUP HOSPITAL - ILFORD,,,2015-10-01,2026-05-01,2,Same Trust code appears with multiple Trust names. No automatic organisation merge applied.
trust_name_changes_for_code,NTP16,PRACTICE PLUS GROUP SURGICAL CENTRE - GILLINGHAM;WILL ADAMS NHS TREATMENT CENTRE,,,2015-10-01,2026-05-01,2,Same Trust code appears with multiple Trust names. No automatic organisation merge applied.
trust_name_changes_for_code,NTPAD,PRACTICE PLUS GROUP SURGICAL CENTRE - ST MARYS PORTSMOUTH;ST MARY'S NHS TREATMENT CENTRE,,,2015-10-01,2026-05-01,2,Same Trust code appears with multiple Trust names. No automatic organisation merge applied.
trust_name_changes_for_code,NTPAE,PRACTICE PLUS GROUP OPHTHALMOLOGY - NORTH WEST;THE CROFT SHIFA HEALTH CENTRE,,,2015-10-01,2026-05-01,2,Same Trust code appears with multiple Trust names. No automatic organisation merge applied.
trust_name_changes_for_code,NTPH1,PRACTICE PLUS GROUP HOSPITAL - SHEPTON MALLET;SHEPTON MALLET NHS TREATMENT CENTRE,,,2015-10-01,2026-05-01,2,Same Trust code appears with multiple Trust names. No automatic organisation merge applied.
trust_name_changes_for_code,NTPH2,EMERSONS GREEN NHS TREATMENT CENTRE;PRACTICE PLUS GROUP HOSPITAL - EMERSONS GREEN,,,2015-10-01,2026-05-01,2,Same Trust code appears with multiple Trust names. No automatic organisation merge applied.
trust_name_changes_for_code,NTPH3,DEVIZES NHS TREATMENT CENTRE;PRACTICE PLUS GROUP SURGICAL CENTRE - DEVIZES,,,2015-10-01,2026-05-01,2,Same Trust code appears with multiple Trust names. No automatic organisation merge applied.
trust_name_changes_for_code,NTPH5,PENINSULA NHS TREATMENT CENTRE;PRACTICE PLUS GROUP HOSPITAL - PLYMOUTH,,,2015-10-01,2026-05-01,2,Same Trust code appears with multiple Trust names. No automatic organisation merge applied.
trust_name_changes_for_code,NTX,THE ONE HEALTH GROUP LTD;THE ONE HEALTH GROUP PLC,,,2015-10-01,2026-05-01,2,Same Trust code appears with multiple Trust names. No automatic organisation merge applied.
trust_name_changes_for_code,NVC25,HORTON NHS TREATMENT CENTRE;THE CHERWELL HOSPITAL,,,2015-10-01,2026-05-01,2,Same Trust code appears with multiple Trust names. No automatic organisation merge applied.
trust_name_changes_for_code,R1A,HEREFORDSHIRE AND WORCESTERSHIRE HEALTH AND CARE NHS TRUST;WORCESTERSHIRE HEALTH AND CARE NHS TRUST,,,2015-10-01,2026-05-01,2,Same Trust code appears with multiple Trust names. No automatic organisation merge applied.
trust_name_changes_for_code,R1K,LONDON NORTH WEST HEALTHCARE NHS TRUST;LONDON NORTH WEST UNIVERSITY HEALTHCARE NHS TRUST,,,2015-10-01,2026-05-01,2,Same Trust code appears with multiple Trust names. No automatic organisation merge applied.
trust_name_changes_for_code,RA2,ROYAL SURREY COUNTY HOSPITAL NHS FOUNDATION TRUST;ROYAL SURREY NHS FOUNDATION TRUST,,,2015-10-01,2026-05-01,2,Same Trust code appears with multiple Trust names. No automatic organisation merge applied.
trust_name_changes_for_code,RA7,UNIVERSITY HOSPITALS BRISTOL AND WESTON NHS FOUNDATION TRUST;UNIVERSITY HOSPITALS BRISTOL NHS FOUNDATION TRUST,,,2015-10-01,2026-05-01,2,Same Trust code appears with multiple Trust names. No automatic organisation merge applied.
trust_name_changes_for_code,RAJ,MID AND SOUTH ESSEX NHS FOUNDATION TRUST;SOUTHEND UNIVERSITY HOSPITAL NHS FOUNDATION TRUST,,,2015-10-01,2026-05-01,2,Same Trust code appears with multiple Trust names. No automatic organisation merge applied.
trust_name_changes_for_code,RAX,KINGSTON AND RICHMOND NHS FOUNDATION TRUST;KINGSTON HOSPITAL NHS FOUNDATION TRUST,,,2015-10-01,2026-05-01,2,Same Trust code appears with multiple Trust names. No automatic organisation merge applied.
trust_name_changes_for_code,RBN,MERSEY AND WEST LANCASHIRE TEACHING HOSPITALS NHS TRUST;ST HELENS AND KNOWSLEY HOSPITAL SERVICES NHS TRUST;ST HELENS AND KNOWSLEY TEACHING HOSPITALS NHS TRUST,,,2015-10-01,2026-05-01,3,Same Trust code appears with multiple Trust names. No automatic organisation merge applied.
trust_name_changes_for_code,RC9,BEDFORDSHIRE HOSPITALS NHS FOUNDATION TRUST;LUTON AND DUNSTABLE UNIVERSITY HOSPITAL NHS FOUNDATION TRUST,,,2015-10-01,2026-05-01,2,Same Trust code appears with multiple Trust names. No automatic organisation merge applied.
trust_name_changes_for_code,RCB,YORK AND SCARBOROUGH TEACHING HOSPITALS NHS FOUNDATION TRUST;YORK TEACHING HOSPITAL NHS FOUNDATION TRUST,,,2015-10-01,2026-05-01,2,Same Trust code appears with multiple Trust names. No automatic organisation merge applied.
trust_name_changes_for_code,RDE,COLCHESTER HOSPITAL UNIVERSITY NHS FOUNDATION TRUST;EAST SUFFOLK AND NORTH ESSEX NHS FOUNDATION TRUST,,,2015-10-01,2026-05-01,2,Same Trust code appears with multiple Trust names. No automatic organisation merge applied.
trust_name_changes_for_code,REM,AINTREE UNIVERSITY HOSPITAL NHS FOUNDATION TRUST;LIVERPOOL UNIVERSITY HOSPITALS NHS FOUNDATION TRUST,,,2015-10-01,2026-05-01,2,Same Trust code appears with multiple Trust names. No automatic organisation merge applied.
trust_name_changes_for_code,RGM,PAPWORTH HOSPITAL NHS FOUNDATION TRUST;ROYAL PAPWORTH HOSPITAL NHS FOUNDATION TRUST,,,2015-10-01,2026-05-01,2,Same Trust code appears with multiple Trust names. No automatic organisation merge applied.
trust_name_changes_for_code,RGN,NORTH WEST ANGLIA NHS FOUNDATION TRUST;PETERBOROUGH AND STAMFORD HOSPITALS NHS FOUNDATION TRUST,,,2015-10-01,2026-05-01,2,Same Trust code appears with multiple Trust names. No automatic organisation merge applied.
trust_name_changes_for_code,RH5,SOMERSET NHS FOUNDATION TRUST;SOMERSET PARTNERSHIP NHS FOUNDATION TRUST,,,2015-10-01,2026-05-01,2,Same Trust code appears with multiple Trust names. No automatic organisation merge applied.
trust_name_changes_for_code,RH8,ROYAL DEVON AND EXETER NHS FOUNDATION TRUST;ROYAL DEVON UNIVERSITY HEALTHCARE NHS FOUNDATION TRUST,,,2015-10-01,2026-05-01,2,Same Trust code appears with multiple Trust names. No automatic organisation merge applied.
trust_name_changes_for_code,RHU,PORTSMOUTH HOSPITALS NHS TRUST;PORTSMOUTH HOSPITALS UNIVERSITY NATIONAL HEALTH SERVICE TRUST;PORTSMOUTH HOSPITALS UNIVERSITY NHS TRUST,,,2015-10-01,2026-05-01,3,Same Trust code appears with multiple Trust names. No automatic organisation merge applied.
trust_name_changes_for_code,RJC,SOUTH WARWICKSHIRE NHS FOUNDATION TRUST;SOUTH WARWICKSHIRE UNIVERSITY NHS FOUNDATION TRUST,,,2015-10-01,2026-05-01,2,Same Trust code appears with multiple Trust names. No automatic organisation merge applied.
trust_name_changes_for_code,RK9,PLYMOUTH HOSPITALS NHS TRUST;UNIVERSITY HOSPITALS PLYMOUTH NHS TRUST,,,2015-10-01,2026-05-01,2,Same Trust code appears with multiple Trust names. No automatic organisation merge applied.
trust_name_changes_for_code,RKE,THE WHITTINGTON HOSPITAL NHS TRUST;WHITTINGTON HEALTH NHS TRUST,,,2015-10-01,2026-05-01,2,Same Trust code appears with multiple Trust names. No automatic organisation merge applied.
trust_name_changes_for_code,RM3,NORTHERN CARE ALLIANCE NHS FOUNDATION TRUST;SALFORD ROYAL NHS FOUNDATION TRUST,,,2015-10-01,2026-05-01,2,Same Trust code appears with multiple Trust names. No automatic organisation merge applied.
trust_name_changes_for_code,RMP,TAMESIDE AND GLOSSOP INTEGRATED CARE NHS FOUNDATION TRUST;TAMESIDE HOSPITAL NHS FOUNDATION TRUST,,,2015-10-01,2026-05-01,2,Same Trust code appears with multiple Trust names. No automatic organisation merge applied.
trust_name_changes_for_code,RNN,CUMBRIA PARTNERSHIP NHS FOUNDATION TRUST;NORTH CUMBRIA INTEGRATED CARE NHS FOUNDATION TRUST,,,2015-10-01,2026-05-01,2,Same Trust code appears with multiple Trust names. No automatic organisation merge applied.
trust_name_changes_for_code,RP5,DONCASTER AND BASSETLAW HOSPITALS NHS FOUNDATION TRUST;DONCASTER AND BASSETLAW TEACHING HOSPITALS NHS FOUNDATION TRUST,,,2015-10-01,2026-05-01,2,Same Trust code appears with multiple Trust names. No automatic organisation merge applied.
trust_name_changes_for_code,RQ3,BIRMINGHAM CHILDREN'S HOSPITAL NHS FOUNDATION TRUST;BIRMINGHAM WOMEN'S AND CHILDREN'S NHS FOUNDATION TRUST,,,2015-10-01,2026-05-01,2,Same Trust code appears with multiple Trust names. No automatic organisation merge applied.
trust_name_changes_for_code,RRF,"WRIGHTINGTON, WIGAN AND LEIGH NHS FOUNDATION TRUST;WRIGHTINGTON, WIGAN AND LEIGH TEACHING HOSPITALS NHS FOUNDATION TRUST",,,2015-10-01,2026-05-01,2,Same Trust code appears with multiple Trust names. No automatic organisation merge applied.
trust_name_changes_for_code,RTG,DERBY TEACHING HOSPITALS NHS FOUNDATION TRUST;UNIVERSITY HOSPITALS OF DERBY AND BURTON NHS FOUNDATION TRUST,,,2015-10-01,2026-05-01,2,Same Trust code appears with multiple Trust names. No automatic organisation merge applied.
trust_name_changes_for_code,RW1,HAMPSHIRE AND ISLE OF WIGHT HEALTHCARE NHS FOUNDATION TRUST;SOUTHERN HEALTH NHS FOUNDATION TRUST,,,2015-10-01,2026-05-01,2,Same Trust code appears with multiple Trust names. No automatic organisation merge applied.
trust_name_changes_for_code,RW5,LANCASHIRE & SOUTH CUMBRIA NHS FOUNDATION TRUST;LANCASHIRE CARE NHS FOUNDATION TRUST,,,2015-10-01,2026-05-01,2,Same Trust code appears with multiple Trust names. No automatic organisation merge applied.
trust_name_changes_for_code,RWA,HULL AND EAST YORKSHIRE HOSPITALS NHS TRUST;HULL UNIVERSITY TEACHING HOSPITALS NHS TRUST,,,2015-10-01,2026-05-01,2,Same Trust code appears with multiple Trust names. No automatic organisation merge applied.
trust_name_changes_for_code,RWD,UNITED LINCOLNSHIRE HOSPITALS NHS TRUST;UNITED LINCOLNSHIRE TEACHING HOSPITALS NHS TRUST,,,2015-10-01,2026-05-01,2,Same Trust code appears with multiple Trust names. No automatic organisation merge applied.
trust_name_changes_for_code,RWG,WEST HERTFORDSHIRE HOSPITALS NHS TRUST;WEST HERTFORDSHIRE TEACHING HOSPITALS NHS TRUST,,,2015-10-01,2026-05-01,2,Same Trust code appears with multiple Trust names. No automatic organisation merge applied.
trust_name_changes_for_code,RWH,EAST AND NORTH HERTFORDSHIRE NHS TRUST;EAST AND NORTH HERTFORDSHIRE TEACHING NHS TRUST,,,2015-10-01,2026-05-01,2,Same Trust code appears with multiple Trust names. No automatic organisation merge applied.
trust_name_changes_for_code,RWW,NORTH CHESHIRE AND MERSEY NHS FOUNDATION TRUST;WARRINGTON AND HALTON HOSPITALS NHS FOUNDATION TRUST;WARRINGTON AND HALTON TEACHING HOSPITALS NHS FOUNDATION TRUST,,,2015-10-01,2026-05-01,3,Same Trust code appears with multiple Trust names. No automatic organisation merge applied.
trust_name_changes_for_code,RX4,"CUMBRIA, NORTHUMBERLAND, TYNE AND WEAR NHS FOUNDATION TRUST;NORTHUMBERLAND, TYNE AND WEAR NHS FOUNDATION TRUST",,,2015-10-01,2026-05-01,2,Same Trust code appears with multiple Trust names. No automatic organisation merge applied.
trust_name_changes_for_code,RXF,MID YORKSHIRE HOSPITALS NHS TRUST;MID YORKSHIRE TEACHING NHS TRUST,,,2015-10-01,2026-05-01,2,Same Trust code appears with multiple Trust names. No automatic organisation merge applied.
trust_name_changes_for_code,RXW,SHREWSBURY AND TELFORD HOSPITAL NHS TRUST;THE SHREWSBURY AND TELFORD HOSPITAL NHS TRUST,,,2015-10-01,2026-05-01,2,Same Trust code appears with multiple Trust names. No automatic organisation merge applied.
trust_name_changes_for_code,RYR,UNIVERSITY HOSPITALS SUSSEX NHS FOUNDATION TRUST;WESTERN SUSSEX HOSPITALS NHS FOUNDATION TRUST,,,2015-10-01,2026-05-01,2,Same Trust code appears with multiple Trust names. No automatic organisation merge applied.
trust_name_changes_for_code,RV9,HUMBER NHS FOUNDATION TRUST;HUMBER TEACHING NHS FOUNDATION TRUST,,,2016-01-01,2021-01-01,2,Same Trust code appears with multiple Trust names. No automatic organisation merge applied.
trust_name_changes_for_code,RQX,HOMERTON HEALTHCARE NHS FOUNDATION TRUST;HOMERTON UNIVERSITY HOSPITAL NHS FOUNDATION TRUST,,,2016-03-01,2026-05-01,2,Same Trust code appears with multiple Trust names. No automatic organisation merge applied.
trust_name_changes_for_code,RY7,WIRRAL COMMUNITY HEALTH AND CARE NHS FOUNDATION TRUST;WIRRAL COMMUNITY NHS FOUNDATION TRUST,,,2016-06-01,2024-01-01,2,Same Trust code appears with multiple Trust names. No automatic organisation merge applied.
trust_name_changes_for_code,NQX01,PROVIDE WELLBEING @ TOLLGATE CLINIC;TOLLGATE CLINIC SITE,,,2016-07-01,2025-03-01,2,Same Trust code appears with multiple Trust names. No automatic organisation merge applied.
trust_name_changes_for_code,NMG,CONNECT HEALTH LIMITED;CONNECT PHYSICAL HEALTH;CORA HEALTH MSK (FORMERLY CONNECT HEALTH LTD),,,2017-04-01,2026-05-01,3,Same Trust code appears with multiple Trust names. No automatic organisation merge applied.
trust_name_changes_for_code,NQTH0,HCRG CARE EAST RIDING LLP;VIRGIN CARE EAST RIDING LLP,,,2017-04-01,2024-10-01,2,Same Trust code appears with multiple Trust names. No automatic organisation merge applied.
trust_name_changes_for_code,NPG01,SPAMEDICA (MANCHESTER);SPAMEDICA MANCHESTER,,,2017-10-01,2026-05-01,2,Same Trust code appears with multiple Trust names. No automatic organisation merge applied.
trust_name_changes_for_code,ACG08,NEWMEDICA COMMUNITY OPHTHALMOLOGY - WARWICKSHIRE - THE GEORGE ELIOT HOSPITAL;NEWMEDICA OPHTHALMOLOGY - NUNEATON - CAMP HILL - GP LED HEALTH CENTRE,,,2017-12-01,2026-05-01,2,Same Trust code appears with multiple Trust names. No automatic organisation merge applied.
trust_name_changes_for_code,ACG09,NEWMEDICA - BARLBOROUGH;NEWMEDICA COMMUNITY OPHTHALMOLOGY - NORTH DERBYSHIRE - BARLBOROUGH TREATMENT CENTRE,,,2017-12-01,2022-05-01,2,Same Trust code appears with multiple Trust names. No automatic organisation merge applied.
trust_name_changes_for_code,ACG13,NEWMEDICA - GLOUCESTER (ASPEN MEDICAL CENTRE);NEWMEDICA COMMUNITY OPHTHALMOLOGY - GLOUCESTERSHIRE - GLOUCESTER (ASPEN CENTRE) (ACG13),,,2017-12-01,2026-05-01,2,Same Trust code appears with multiple Trust names. No automatic organisation merge applied.
trust_name_changes_for_code,NYR,CORA HEALTH DIAGNOSTICS (FORMERLY HEALTHSHARE DIAGNOSTICS);GLOBAL DIAGNOSTICS;HEALTHSHARE DIAGNOSTICS,,,2017-12-01,2026-05-01,3,Same Trust code appears with multiple Trust names. No automatic organisation merge applied.
trust_name_changes_for_code,NVC0M,CROYDON DAY HOSPITAL;RAMSAY CROYDON DAY HOSPITAL;WEST VALLEY HOSPITAL,,,2018-01-01,2024-01-01,3,Same Trust code appears with multiple Trust names. No automatic organisation merge applied.
trust_name_changes_for_code,NPG02,SPAMEDICA (BIRKENHEAD);SPAMEDICA (WIRRAL);SPAMEDICA WIRRAL,,,2018-04-01,2026-05-01,3,Same Trust code appears with multiple Trust names. No automatic organisation merge applied.
trust_name_changes_for_code,NPG08,SPAMEDICA (BOLTON);SPAMEDICA BOLTON,,,2018-04-01,2026-05-01,2,Same Trust code appears with multiple Trust names. No automatic organisation merge applied.
trust_name_changes_for_code,NPG10,SPAMEDICA (SHEFFILED);SPAMEDICA SHEFFIELD,,,2018-04-01,2026-05-01,2,Same Trust code appears with multiple Trust names. No automatic organisation merge applied.
trust_name_changes_for_code,NPG11,SPAMEDICA (BIRMINGHAM);SPAMEDICA BIRMINGHAM,,,2018-06-01,2026-05-01,2,Same Trust code appears with multiple Trust names. No automatic organisation merge applied.
trust_name_changes_for_code,RRE,MIDLANDS PARTNERSHIP NHS FOUNDATION TRUST;MIDLANDS PARTNERSHIP UNIVERSITY NHS FOUNDATION TRUST,,,2018-06-01,2026-05-01,2,Same Trust code appears with multiple Trust names. No automatic organisation merge applied.
trust_name_changes_for_code,NN8,EAST KENT MEDICAL SERVICES LTD;SPENCER PRIVATE HOSPITALS LTD,,,2018-07-01,2026-05-01,2,Same Trust code appears with multiple Trust names. No automatic organisation merge applied.
trust_name_changes_for_code,NPG13,SPAMEDICA - SKELMERSDALE;SPAMEDICA SKELMERSDALE,,,2018-07-01,2026-05-01,2,Same Trust code appears with multiple Trust names. No automatic organisation merge applied.
trust_name_changes_for_code,NWV01,COHESE HEALTHCARE;GP CARE UK;GP CARE UK LIMITED (CHRISTCHURCH MEDICAL CENTRE),,,2018-10-01,2026-05-01,3,Same Trust code appears with multiple Trust names. No automatic organisation merge applied.
trust_name_changes_for_code,NPG12,SPAMEDICA (BRADFORD);SPAMEDICA ECCLESHILL TREATMENT CENTRE,,,2018-11-01,2023-06-01,2,Same Trust code appears with multiple Trust names. No automatic organisation merge applied.
trust_name_changes_for_code,NCN,DMC COMMUNITY OUTPATIENT SERVICES;DMC HEALTHCARE,,,2020-02-01,2026-05-01,2,Same Trust code appears with multiple Trust names. No automatic organisation merge applied.
trust_name_changes_for_code,GEC01,RAPID INVESTIGATION SERVICE;RAPID INVESTIGATION SERVICE (SOUTHERN HOUSE);WESSEX RAPID DIAGNOSTIC SERVICE (SOUTHERN HOUSE),,,2020-08-01,2026-05-01,3,Same Trust code appears with multiple Trust names. No automatic organisation merge applied.
trust_name_changes_for_code,Q8X0X,SPAMEDICA ISLE OF WIGHT;SPAMEDICA ISLE OF WIGHT COMMUNITY DIAGNOSTIC & TREATMENT CENTRE,,,2025-01-01,2026-05-01,2,Same Trust code appears with multiple Trust names. No automatic organisation merge applied.
trust_code_changes_for_name,F9Z4V;NV323,CIRCLE READING HOSPITAL,,,2015-10-01,2026-05-01,2,Same Trust name appears with multiple Trust codes. No automatic organisation merge applied.
trust_code_changes_for_name,NT447;NVC04,DUCHY HOSPITAL,,,2015-10-01,2026-05-01,2,Same Trust name appears with multiple Trust codes. No automatic organisation merge applied.
trust_code_changes_for_name,NX5;NX501,ANGLIA COMMUNITY EYE SERVICE LTD,,,2015-11-01,2026-05-01,2,Same Trust name appears with multiple Trust codes. No automatic organisation merge applied.
trust_code_changes_for_name,ACG34;Z1E5F,NEWMEDICA - HARROGATE,,,2019-11-01,2026-05-01,2,Same Trust name appears with multiple Trust codes. No automatic organisation merge applied.
trust_code_changes_for_name,GEC;GEC01,RAPID INVESTIGATION SERVICE,,,2021-08-01,2026-05-01,2,Same Trust name appears with multiple Trust codes. No automatic organisation merge applied.
