financial_year,page_url,url,link_text,period_date,is_revised,local_path
,local,file:///C:/Users/DELL/Documents/Codex/2026-07-15/i-am-building-an-msc-data/outputs/nhs_rtt_msc_project/data/raw/zips/18wksRTT-Monthly-EXTRACTS-Oct15-revised.zip,18wksRTT-Monthly-EXTRACTS-Oct15-revised.zip,2015-10-01,True,C:\Users\DELL\Documents\Codex\2026-07-15\i-am-building-an-msc-data\outputs\nhs_rtt_msc_project\data\raw\zips\18wksRTT-Monthly-EXTRACTS-Oct15-revised.zip
,local,file:///C:/Users/DELL/Documents/Codex/2026-07-15/i-am-building-an-msc-data/outputs/nhs_rtt_msc_project/data/raw/zips/18wksRTT-Monthly-EXTRACTS-Nov15-revised.zip,18wksRTT-Monthly-EXTRACTS-Nov15-revised.zip,2015-11-01,True,C:\Users\DELL\Documents\Codex\2026-07-15\i-am-building-an-msc-data\outputs\nhs_rtt_msc_project\data\raw\zips\18wksRTT-Monthly-EXTRACTS-Nov15-revised.zip
,local,file:///C:/Users/DELL/Documents/Codex/2026-07-15/i-am-building-an-msc-data/outputs/nhs_rtt_msc_project/data/raw/zips/18wksRTT-Monthly-EXTRACTS-Dec15-revised.zip,18wksRTT-Monthly-EXTRACTS-Dec15-revised.zip,2015-12-01,True,C:\Users\DELL\Documents\Codex\2026-07-15\i-am-building-an-msc-data\outputs\nhs_rtt_msc_project\data\raw\zips\18wksRTT-Monthly-EXTRACTS-Dec15-revised.zip
,local,file:///C:/Users/DELL/Documents/Codex/2026-07-15/i-am-building-an-msc-data/outputs/nhs_rtt_msc_project/data/raw/zips/18wksRTT-Monthly-EXTRACTS-Jan16-revised.zip,18wksRTT-Monthly-EXTRACTS-Jan16-revised.zip,2016-01-01,True,C:\Users\DELL\Documents\Codex\2026-07-15\i-am-building-an-msc-data\outputs\nhs_rtt_msc_project\data\raw\zips\18wksRTT-Monthly-EXTRACTS-Jan16-revised.zip
,local,file:///C:/Users/DELL/Documents/Codex/2026-07-15/i-am-building-an-msc-data/outputs/nhs_rtt_msc_project/data/raw/zips/18wksRTT-Monthly-EXTRACTS-Feb16-revised.zip,18wksRTT-Monthly-EXTRACTS-Feb16-revised.zip,2016-02-01,True,C:\Users\DELL\Documents\Codex\2026-07-15\i-am-building-an-msc-data\outputs\nhs_rtt_msc_project\data\raw\zips\18wksRTT-Monthly-EXTRACTS-Feb16-revised.zip
,local,file:///C:/Users/DELL/Documents/Codex/2026-07-15/i-am-building-an-msc-data/outputs/nhs_rtt_msc_project/data/raw/zips/18wksRTT-Monthly-EXTRACTS-Mar16-revised.zip,18wksRTT-Monthly-EXTRACTS-Mar16-revised.zip,2016-03-01,True,C:\Users\DELL\Documents\Codex\2026-07-15\i-am-building-an-msc-data\outputs\nhs_rtt_msc_project\data\raw\zips\18wksRTT-Monthly-EXTRACTS-Mar16-revised.zip
,local,file:///C:/Users/DELL/Documents/Codex/2026-07-15/i-am-building-an-msc-data/outputs/nhs_rtt_msc_project/data/raw/zips/Full-CSV-data-file-Apr16-revised-ZIP-2964K.zip,Full-CSV-data-file-Apr16-revised-ZIP-2964K.zip,2016-04-01,True,C:\Users\DELL\Documents\Codex\2026-07-15\i-am-building-an-msc-data\outputs\nhs_rtt_msc_project\data\raw\zips\Full-CSV-data-file-Apr16-revised-ZIP-2964K.zip
,local,file:///C:/Users/DELL/Documents/Codex/2026-07-15/i-am-building-an-msc-data/outputs/nhs_rtt_msc_project/data/raw/zips/Full-CSV-data-file-May16-revised-ZIP-2989K.zip,Full-CSV-data-file-May16-revised-ZIP-2989K.zip,2016-05-01,True,C:\Users\DELL\Documents\Codex\2026-07-15\i-am-building-an-msc-data\outputs\nhs_rtt_msc_project\data\raw\zips\Full-CSV-data-file-May16-revised-ZIP-2989K.zip
,local,file:///C:/Users/DELL/Documents/Codex/2026-07-15/i-am-building-an-msc-data/outputs/nhs_rtt_msc_project/data/raw/zips/Full-CSV-data-file-Jun16-revised-ZIP-2995K.zip,Full-CSV-data-file-Jun16-revised-ZIP-2995K.zip,2016-06-01,True,C:\Users\DELL\Documents\Codex\2026-07-15\i-am-building-an-msc-data\outputs\nhs_rtt_msc_project\data\raw\zips\Full-CSV-data-file-Jun16-revised-ZIP-2995K.zip
,local,file:///C:/Users/DELL/Documents/Codex/2026-07-15/i-am-building-an-msc-data/outputs/nhs_rtt_msc_project/data/raw/zips/Full-CSV-data-file-Jul16-revised-ZIP-2977K.zip,Full-CSV-data-file-Jul16-revised-ZIP-2977K.zip,2016-07-01,True,C:\Users\DELL\Documents\Codex\2026-07-15\i-am-building-an-msc-data\outputs\nhs_rtt_msc_project\data\raw\zips\Full-CSV-data-file-Jul16-revised-ZIP-2977K.zip
,local,file:///C:/Users/DELL/Documents/Codex/2026-07-15/i-am-building-an-msc-data/outputs/nhs_rtt_msc_project/data/raw/zips/Full-CSV-data-file-Aug16-revised-ZIP-3009K.zip,Full-CSV-data-file-Aug16-revised-ZIP-3009K.zip,2016-08-01,True,C:\Users\DELL\Documents\Codex\2026-07-15\i-am-building-an-msc-data\outputs\nhs_rtt_msc_project\data\raw\zips\Full-CSV-data-file-Aug16-revised-ZIP-3009K.zip
,local,file:///C:/Users/DELL/Documents/Codex/2026-07-15/i-am-building-an-msc-data/outputs/nhs_rtt_msc_project/data/raw/zips/Full-CSV-data-file-Sep16-revised-ZIP-3036K.zip,Full-CSV-data-file-Sep16-revised-ZIP-3036K.zip,2016-09-01,True,C:\Users\DELL\Documents\Codex\2026-07-15\i-am-building-an-msc-data\outputs\nhs_rtt_msc_project\data\raw\zips\Full-CSV-data-file-Sep16-revised-ZIP-3036K.zip
,local,file:///C:/Users/DELL/Documents/Codex/2026-07-15/i-am-building-an-msc-data/outputs/nhs_rtt_msc_project/data/raw/zips/Full-CSV-data-file-Oct16-revised-ZIP-2826K.zip,Full-CSV-data-file-Oct16-revised-ZIP-2826K.zip,2016-10-01,True,C:\Users\DELL\Documents\Codex\2026-07-15\i-am-building-an-msc-data\outputs\nhs_rtt_msc_project\data\raw\zips\Full-CSV-data-file-Oct16-revised-ZIP-2826K.zip
,local,file:///C:/Users/DELL/Documents/Codex/2026-07-15/i-am-building-an-msc-data/outputs/nhs_rtt_msc_project/data/raw/zips/Full-CSV-data-file-Nov16-revised-ZIP-2856K.zip,Full-CSV-data-file-Nov16-revised-ZIP-2856K.zip,2016-11-01,True,C:\Users\DELL\Documents\Codex\2026-07-15\i-am-building-an-msc-data\outputs\nhs_rtt_msc_project\data\raw\zips\Full-CSV-data-file-Nov16-revised-ZIP-2856K.zip
,local,file:///C:/Users/DELL/Documents/Codex/2026-07-15/i-am-building-an-msc-data/outputs/nhs_rtt_msc_project/data/raw/zips/Full-CSV-data-file-Dec16-revised-ZIP-2753K.zip,Full-CSV-data-file-Dec16-revised-ZIP-2753K.zip,2016-12-01,True,C:\Users\DELL\Documents\Codex\2026-07-15\i-am-building-an-msc-data\outputs\nhs_rtt_msc_project\data\raw\zips\Full-CSV-data-file-Dec16-revised-ZIP-2753K.zip
,local,file:///C:/Users/DELL/Documents/Codex/2026-07-15/i-am-building-an-msc-data/outputs/nhs_rtt_msc_project/data/raw/zips/Full-CSV-data-file-Jan17-revised-ZIP-2839K.zip,Full-CSV-data-file-Jan17-revised-ZIP-2839K.zip,2017-01-01,True,C:\Users\DELL\Documents\Codex\2026-07-15\i-am-building-an-msc-data\outputs\nhs_rtt_msc_project\data\raw\zips\Full-CSV-data-file-Jan17-revised-ZIP-2839K.zip
,local,file:///C:/Users/DELL/Documents/Codex/2026-07-15/i-am-building-an-msc-data/outputs/nhs_rtt_msc_project/data/raw/zips/Full-CSV-data-file-Feb17-revised-ZIP-2815K.zip,Full-CSV-data-file-Feb17-revised-ZIP-2815K.zip,2017-02-01,True,C:\Users\DELL\Documents\Codex\2026-07-15\i-am-building-an-msc-data\outputs\nhs_rtt_msc_project\data\raw\zips\Full-CSV-data-file-Feb17-revised-ZIP-2815K.zip
,local,file:///C:/Users/DELL/Documents/Codex/2026-07-15/i-am-building-an-msc-data/outputs/nhs_rtt_msc_project/data/raw/zips/Full-CSV-data-file-Mar17-revised-ZIP-2872K.zip,Full-CSV-data-file-Mar17-revised-ZIP-2872K.zip,2017-03-01,True,C:\Users\DELL\Documents\Codex\2026-07-15\i-am-building-an-msc-data\outputs\nhs_rtt_msc_project\data\raw\zips\Full-CSV-data-file-Mar17-revised-ZIP-2872K.zip
,local,file:///C:/Users/DELL/Documents/Codex/2026-07-15/i-am-building-an-msc-data/outputs/nhs_rtt_msc_project/data/raw/zips/Full-CSV-data-file-Apr17-revised-ZIP-2963K.zip,Full-CSV-data-file-Apr17-revised-ZIP-2963K.zip,2017-04-01,True,C:\Users\DELL\Documents\Codex\2026-07-15\i-am-building-an-msc-data\outputs\nhs_rtt_msc_project\data\raw\zips\Full-CSV-data-file-Apr17-revised-ZIP-2963K.zip
,local,file:///C:/Users/DELL/Documents/Codex/2026-07-15/i-am-building-an-msc-data/outputs/nhs_rtt_msc_project/data/raw/zips/Full-CSV-data-file-May17-revised-ZIP-3077K.zip,Full-CSV-data-file-May17-revised-ZIP-3077K.zip,2017-05-01,True,C:\Users\DELL\Documents\Codex\2026-07-15\i-am-building-an-msc-data\outputs\nhs_rtt_msc_project\data\raw\zips\Full-CSV-data-file-May17-revised-ZIP-3077K.zip
,local,file:///C:/Users/DELL/Documents/Codex/2026-07-15/i-am-building-an-msc-data/outputs/nhs_rtt_msc_project/data/raw/zips/Full-CSV-data-file-Jun17-revised-ZIP-3092K.zip,Full-CSV-data-file-Jun17-revised-ZIP-3092K.zip,2017-06-01,True,C:\Users\DELL\Documents\Codex\2026-07-15\i-am-building-an-msc-data\outputs\nhs_rtt_msc_project\data\raw\zips\Full-CSV-data-file-Jun17-revised-ZIP-3092K.zip
,local,file:///C:/Users/DELL/Documents/Codex/2026-07-15/i-am-building-an-msc-data/outputs/nhs_rtt_msc_project/data/raw/zips/Full-CSV-data-file-Jul17-revised-ZIP-3083K.zip,Full-CSV-data-file-Jul17-revised-ZIP-3083K.zip,2017-07-01,True,C:\Users\DELL\Documents\Codex\2026-07-15\i-am-building-an-msc-data\outputs\nhs_rtt_msc_project\data\raw\zips\Full-CSV-data-file-Jul17-revised-ZIP-3083K.zip
,local,file:///C:/Users/DELL/Documents/Codex/2026-07-15/i-am-building-an-msc-data/outputs/nhs_rtt_msc_project/data/raw/zips/Full-CSV-data-file-Aug17-revised-ZIP-3103K.zip,Full-CSV-data-file-Aug17-revised-ZIP-3103K.zip,2017-08-01,True,C:\Users\DELL\Documents\Codex\2026-07-15\i-am-building-an-msc-data\outputs\nhs_rtt_msc_project\data\raw\zips\Full-CSV-data-file-Aug17-revised-ZIP-3103K.zip
,local,file:///C:/Users/DELL/Documents/Codex/2026-07-15/i-am-building-an-msc-data/outputs/nhs_rtt_msc_project/data/raw/zips/Full-CSV-data-file-Sep17-ZIP-3092K-98673.zip,Full-CSV-data-file-Sep17-ZIP-3092K-98673.zip,2017-09-01,False,C:\Users\DELL\Documents\Codex\2026-07-15\i-am-building-an-msc-data\outputs\nhs_rtt_msc_project\data\raw\zips\Full-CSV-data-file-Sep17-ZIP-3092K-98673.zip
,local,file:///C:/Users/DELL/Documents/Codex/2026-07-15/i-am-building-an-msc-data/outputs/nhs_rtt_msc_project/data/raw/zips/Full-CSV-data-file-Oct17-revised-v2-ZIP-3084K.zip,Full-CSV-data-file-Oct17-revised-v2-ZIP-3084K.zip,2017-10-01,True,C:\Users\DELL\Documents\Codex\2026-07-15\i-am-building-an-msc-data\outputs\nhs_rtt_msc_project\data\raw\zips\Full-CSV-data-file-Oct17-revised-v2-ZIP-3084K.zip
,local,file:///C:/Users/DELL/Documents/Codex/2026-07-15/i-am-building-an-msc-data/outputs/nhs_rtt_msc_project/data/raw/zips/Full-CSV-data-file-Nov17-revised-v2-ZIP-3058K.zip,Full-CSV-data-file-Nov17-revised-v2-ZIP-3058K.zip,2017-11-01,True,C:\Users\DELL\Documents\Codex\2026-07-15\i-am-building-an-msc-data\outputs\nhs_rtt_msc_project\data\raw\zips\Full-CSV-data-file-Nov17-revised-v2-ZIP-3058K.zip
,local,file:///C:/Users/DELL/Documents/Codex/2026-07-15/i-am-building-an-msc-data/outputs/nhs_rtt_msc_project/data/raw/zips/Full-CSV-data-file-Dec17-revised-v2-ZIP-3135K.zip,Full-CSV-data-file-Dec17-revised-v2-ZIP-3135K.zip,2017-12-01,True,C:\Users\DELL\Documents\Codex\2026-07-15\i-am-building-an-msc-data\outputs\nhs_rtt_msc_project\data\raw\zips\Full-CSV-data-file-Dec17-revised-v2-ZIP-3135K.zip
,local,file:///C:/Users/DELL/Documents/Codex/2026-07-15/i-am-building-an-msc-data/outputs/nhs_rtt_msc_project/data/raw/zips/Full-CSV-data-file-Jan18-revised-v2-ZIP-3086K.zip,Full-CSV-data-file-Jan18-revised-v2-ZIP-3086K.zip,2018-01-01,True,C:\Users\DELL\Documents\Codex\2026-07-15\i-am-building-an-msc-data\outputs\nhs_rtt_msc_project\data\raw\zips\Full-CSV-data-file-Jan18-revised-v2-ZIP-3086K.zip
,local,file:///C:/Users/DELL/Documents/Codex/2026-07-15/i-am-building-an-msc-data/outputs/nhs_rtt_msc_project/data/raw/zips/Full-CSV-data-file-Feb18-revised-ZIP-3032K.zip,Full-CSV-data-file-Feb18-revised-ZIP-3032K.zip,2018-02-01,True,C:\Users\DELL\Documents\Codex\2026-07-15\i-am-building-an-msc-data\outputs\nhs_rtt_msc_project\data\raw\zips\Full-CSV-data-file-Feb18-revised-ZIP-3032K.zip
,local,file:///C:/Users/DELL/Documents/Codex/2026-07-15/i-am-building-an-msc-data/outputs/nhs_rtt_msc_project/data/raw/zips/Full-CSV-data-file-Mar18-revised-ZIP-3051K.zip,Full-CSV-data-file-Mar18-revised-ZIP-3051K.zip,2018-03-01,True,C:\Users\DELL\Documents\Codex\2026-07-15\i-am-building-an-msc-data\outputs\nhs_rtt_msc_project\data\raw\zips\Full-CSV-data-file-Mar18-revised-ZIP-3051K.zip
,local,file:///C:/Users/DELL/Documents/Codex/2026-07-15/i-am-building-an-msc-data/outputs/nhs_rtt_msc_project/data/raw/zips/Full-CSV-data-file-Apr18-revised-ZIP-3380K.zip,Full-CSV-data-file-Apr18-revised-ZIP-3380K.zip,2018-04-01,True,C:\Users\DELL\Documents\Codex\2026-07-15\i-am-building-an-msc-data\outputs\nhs_rtt_msc_project\data\raw\zips\Full-CSV-data-file-Apr18-revised-ZIP-3380K.zip
,local,file:///C:/Users/DELL/Documents/Codex/2026-07-15/i-am-building-an-msc-data/outputs/nhs_rtt_msc_project/data/raw/zips/Full-CSV-data-file-May18-revised-ZIP-3424K.zip,Full-CSV-data-file-May18-revised-ZIP-3424K.zip,2018-05-01,True,C:\Users\DELL\Documents\Codex\2026-07-15\i-am-building-an-msc-data\outputs\nhs_rtt_msc_project\data\raw\zips\Full-CSV-data-file-May18-revised-ZIP-3424K.zip
,local,file:///C:/Users/DELL/Documents/Codex/2026-07-15/i-am-building-an-msc-data/outputs/nhs_rtt_msc_project/data/raw/zips/Full-CSV-data-file-Jun18-revised-ZIP-3426K.zip,Full-CSV-data-file-Jun18-revised-ZIP-3426K.zip,2018-06-01,True,C:\Users\DELL\Documents\Codex\2026-07-15\i-am-building-an-msc-data\outputs\nhs_rtt_msc_project\data\raw\zips\Full-CSV-data-file-Jun18-revised-ZIP-3426K.zip
,local,file:///C:/Users/DELL/Documents/Codex/2026-07-15/i-am-building-an-msc-data/outputs/nhs_rtt_msc_project/data/raw/zips/Full-CSV-data-file-Jul18-revised-ZIP-3450K.zip,Full-CSV-data-file-Jul18-revised-ZIP-3450K.zip,2018-07-01,True,C:\Users\DELL\Documents\Codex\2026-07-15\i-am-building-an-msc-data\outputs\nhs_rtt_msc_project\data\raw\zips\Full-CSV-data-file-Jul18-revised-ZIP-3450K.zip
,local,file:///C:/Users/DELL/Documents/Codex/2026-07-15/i-am-building-an-msc-data/outputs/nhs_rtt_msc_project/data/raw/zips/Full-CSV-data-file-Aug18-revised-ZIP-3464K.zip,Full-CSV-data-file-Aug18-revised-ZIP-3464K.zip,2018-08-01,True,C:\Users\DELL\Documents\Codex\2026-07-15\i-am-building-an-msc-data\outputs\nhs_rtt_msc_project\data\raw\zips\Full-CSV-data-file-Aug18-revised-ZIP-3464K.zip
,local,file:///C:/Users/DELL/Documents/Codex/2026-07-15/i-am-building-an-msc-data/outputs/nhs_rtt_msc_project/data/raw/zips/Full-CSV-data-file-Sep18-revised-ZIP-K.zip,Full-CSV-data-file-Sep18-revised-ZIP-K.zip,2018-09-01,True,C:\Users\DELL\Documents\Codex\2026-07-15\i-am-building-an-msc-data\outputs\nhs_rtt_msc_project\data\raw\zips\Full-CSV-data-file-Sep18-revised-ZIP-K.zip
,local,file:///C:/Users/DELL/Documents/Codex/2026-07-15/i-am-building-an-msc-data/outputs/nhs_rtt_msc_project/data/raw/zips/Full-CSV-data-file-Oct18-revised-ZIP-3574K.zip,Full-CSV-data-file-Oct18-revised-ZIP-3574K.zip,2018-10-01,True,C:\Users\DELL\Documents\Codex\2026-07-15\i-am-building-an-msc-data\outputs\nhs_rtt_msc_project\data\raw\zips\Full-CSV-data-file-Oct18-revised-ZIP-3574K.zip
,local,file:///C:/Users/DELL/Documents/Codex/2026-07-15/i-am-building-an-msc-data/outputs/nhs_rtt_msc_project/data/raw/zips/Full-CSV-data-file-Nov18-revised-ZIP-3544K.zip,Full-CSV-data-file-Nov18-revised-ZIP-3544K.zip,2018-11-01,True,C:\Users\DELL\Documents\Codex\2026-07-15\i-am-building-an-msc-data\outputs\nhs_rtt_msc_project\data\raw\zips\Full-CSV-data-file-Nov18-revised-ZIP-3544K.zip
,local,file:///C:/Users/DELL/Documents/Codex/2026-07-15/i-am-building-an-msc-data/outputs/nhs_rtt_msc_project/data/raw/zips/Full-CSV-data-file-Dec18-ZIP-3427K.zip,Full-CSV-data-file-Dec18-ZIP-3427K.zip,2018-12-01,False,C:\Users\DELL\Documents\Codex\2026-07-15\i-am-building-an-msc-data\outputs\nhs_rtt_msc_project\data\raw\zips\Full-CSV-data-file-Dec18-ZIP-3427K.zip
,local,file:///C:/Users/DELL/Documents/Codex/2026-07-15/i-am-building-an-msc-data/outputs/nhs_rtt_msc_project/data/raw/zips/Full-CSV-data-file-Jan19-revised-ZIP-3634K.zip,Full-CSV-data-file-Jan19-revised-ZIP-3634K.zip,2019-01-01,True,C:\Users\DELL\Documents\Codex\2026-07-15\i-am-building-an-msc-data\outputs\nhs_rtt_msc_project\data\raw\zips\Full-CSV-data-file-Jan19-revised-ZIP-3634K.zip
,local,file:///C:/Users/DELL/Documents/Codex/2026-07-15/i-am-building-an-msc-data/outputs/nhs_rtt_msc_project/data/raw/zips/Full-CSV-data-file-Feb19-revised-ZIP-3485K.zip,Full-CSV-data-file-Feb19-revised-ZIP-3485K.zip,2019-02-01,True,C:\Users\DELL\Documents\Codex\2026-07-15\i-am-building-an-msc-data\outputs\nhs_rtt_msc_project\data\raw\zips\Full-CSV-data-file-Feb19-revised-ZIP-3485K.zip
,local,file:///C:/Users/DELL/Documents/Codex/2026-07-15/i-am-building-an-msc-data/outputs/nhs_rtt_msc_project/data/raw/zips/Full-CSV-data-file-Mar19-revised-ZIP-3506K.zip,Full-CSV-data-file-Mar19-revised-ZIP-3506K.zip,2019-03-01,True,C:\Users\DELL\Documents\Codex\2026-07-15\i-am-building-an-msc-data\outputs\nhs_rtt_msc_project\data\raw\zips\Full-CSV-data-file-Mar19-revised-ZIP-3506K.zip
,local,file:///C:/Users/DELL/Documents/Codex/2026-07-15/i-am-building-an-msc-data/outputs/nhs_rtt_msc_project/data/raw/zips/Full-CSV-data-file-Apr19-ZIP-3436K-revised.zip,Full-CSV-data-file-Apr19-ZIP-3436K-revised.zip,2019-04-01,True,C:\Users\DELL\Documents\Codex\2026-07-15\i-am-building-an-msc-data\outputs\nhs_rtt_msc_project\data\raw\zips\Full-CSV-data-file-Apr19-ZIP-3436K-revised.zip
,local,file:///C:/Users/DELL/Documents/Codex/2026-07-15/i-am-building-an-msc-data/outputs/nhs_rtt_msc_project/data/raw/zips/Full-CSV-data-file-May19-ZIP-3497K-revised.zip,Full-CSV-data-file-May19-ZIP-3497K-revised.zip,2019-05-01,True,C:\Users\DELL\Documents\Codex\2026-07-15\i-am-building-an-msc-data\outputs\nhs_rtt_msc_project\data\raw\zips\Full-CSV-data-file-May19-ZIP-3497K-revised.zip
,local,file:///C:/Users/DELL/Documents/Codex/2026-07-15/i-am-building-an-msc-data/outputs/nhs_rtt_msc_project/data/raw/zips/Full-CSV-data-file-Jun19-ZIP-3502K.zip,Full-CSV-data-file-Jun19-ZIP-3502K.zip,2019-06-01,False,C:\Users\DELL\Documents\Codex\2026-07-15\i-am-building-an-msc-data\outputs\nhs_rtt_msc_project\data\raw\zips\Full-CSV-data-file-Jun19-ZIP-3502K.zip
,local,file:///C:/Users/DELL/Documents/Codex/2026-07-15/i-am-building-an-msc-data/outputs/nhs_rtt_msc_project/data/raw/zips/Full-CSV-data-file-Jul19-ZIP-3550K-revised.zip,Full-CSV-data-file-Jul19-ZIP-3550K-revised.zip,2019-07-01,True,C:\Users\DELL\Documents\Codex\2026-07-15\i-am-building-an-msc-data\outputs\nhs_rtt_msc_project\data\raw\zips\Full-CSV-data-file-Jul19-ZIP-3550K-revised.zip
,local,file:///C:/Users/DELL/Documents/Codex/2026-07-15/i-am-building-an-msc-data/outputs/nhs_rtt_msc_project/data/raw/zips/Full-CSV-data-file-Aug19-ZIP-3493K-revised.zip,Full-CSV-data-file-Aug19-ZIP-3493K-revised.zip,2019-08-01,True,C:\Users\DELL\Documents\Codex\2026-07-15\i-am-building-an-msc-data\outputs\nhs_rtt_msc_project\data\raw\zips\Full-CSV-data-file-Aug19-ZIP-3493K-revised.zip
,local,file:///C:/Users/DELL/Documents/Codex/2026-07-15/i-am-building-an-msc-data/outputs/nhs_rtt_msc_project/data/raw/zips/Full-CSV-data-file-Sep19-ZIP-3532K-62303.zip,Full-CSV-data-file-Sep19-ZIP-3532K-62303.zip,2019-09-01,False,C:\Users\DELL\Documents\Codex\2026-07-15\i-am-building-an-msc-data\outputs\nhs_rtt_msc_project\data\raw\zips\Full-CSV-data-file-Sep19-ZIP-3532K-62303.zip
,local,file:///C:/Users/DELL/Documents/Codex/2026-07-15/i-am-building-an-msc-data/outputs/nhs_rtt_msc_project/data/raw/zips/Full-CSV-data-file-Oct19-revised-ZIP-3580K.zip,Full-CSV-data-file-Oct19-revised-ZIP-3580K.zip,2019-10-01,True,C:\Users\DELL\Documents\Codex\2026-07-15\i-am-building-an-msc-data\outputs\nhs_rtt_msc_project\data\raw\zips\Full-CSV-data-file-Oct19-revised-ZIP-3580K.zip
,local,file:///C:/Users/DELL/Documents/Codex/2026-07-15/i-am-building-an-msc-data/outputs/nhs_rtt_msc_project/data/raw/zips/Full-CSV-data-file-Nov19-revised-ZIP-3528K.zip,Full-CSV-data-file-Nov19-revised-ZIP-3528K.zip,2019-11-01,True,C:\Users\DELL\Documents\Codex\2026-07-15\i-am-building-an-msc-data\outputs\nhs_rtt_msc_project\data\raw\zips\Full-CSV-data-file-Nov19-revised-ZIP-3528K.zip
,local,file:///C:/Users/DELL/Documents/Codex/2026-07-15/i-am-building-an-msc-data/outputs/nhs_rtt_msc_project/data/raw/zips/Full-CSV-data-file-Dec19-revised-ZIP-3109K.zip,Full-CSV-data-file-Dec19-revised-ZIP-3109K.zip,2019-12-01,True,C:\Users\DELL\Documents\Codex\2026-07-15\i-am-building-an-msc-data\outputs\nhs_rtt_msc_project\data\raw\zips\Full-CSV-data-file-Dec19-revised-ZIP-3109K.zip
,local,file:///C:/Users/DELL/Documents/Codex/2026-07-15/i-am-building-an-msc-data/outputs/nhs_rtt_msc_project/data/raw/zips/Full-CSV-data-file-Jan20-revised-ZIP-3227K.zip,Full-CSV-data-file-Jan20-revised-ZIP-3227K.zip,2020-01-01,True,C:\Users\DELL\Documents\Codex\2026-07-15\i-am-building-an-msc-data\outputs\nhs_rtt_msc_project\data\raw\zips\Full-CSV-data-file-Jan20-revised-ZIP-3227K.zip
,local,file:///C:/Users/DELL/Documents/Codex/2026-07-15/i-am-building-an-msc-data/outputs/nhs_rtt_msc_project/data/raw/zips/Full-CSV-data-file-Feb20-revised-ZIP-3171K.zip,Full-CSV-data-file-Feb20-revised-ZIP-3171K.zip,2020-02-01,True,C:\Users\DELL\Documents\Codex\2026-07-15\i-am-building-an-msc-data\outputs\nhs_rtt_msc_project\data\raw\zips\Full-CSV-data-file-Feb20-revised-ZIP-3171K.zip
,local,file:///C:/Users/DELL/Documents/Codex/2026-07-15/i-am-building-an-msc-data/outputs/nhs_rtt_msc_project/data/raw/zips/Full-CSV-data-file-Mar20-ZIP-2995K-73640.zip,Full-CSV-data-file-Mar20-ZIP-2995K-73640.zip,2020-03-01,False,C:\Users\DELL\Documents\Codex\2026-07-15\i-am-building-an-msc-data\outputs\nhs_rtt_msc_project\data\raw\zips\Full-CSV-data-file-Mar20-ZIP-2995K-73640.zip
,local,file:///C:/Users/DELL/Documents/Codex/2026-07-15/i-am-building-an-msc-data/outputs/nhs_rtt_msc_project/data/raw/zips/Full-CSV-data-file-Apr20-revised-ZIP-2295K.zip,Full-CSV-data-file-Apr20-revised-ZIP-2295K.zip,2020-04-01,True,C:\Users\DELL\Documents\Codex\2026-07-15\i-am-building-an-msc-data\outputs\nhs_rtt_msc_project\data\raw\zips\Full-CSV-data-file-Apr20-revised-ZIP-2295K.zip
,local,file:///C:/Users/DELL/Documents/Codex/2026-07-15/i-am-building-an-msc-data/outputs/nhs_rtt_msc_project/data/raw/zips/Full-CSV-data-file-May20-revised-ZIP-2216K.zip,Full-CSV-data-file-May20-revised-ZIP-2216K.zip,2020-05-01,True,C:\Users\DELL\Documents\Codex\2026-07-15\i-am-building-an-msc-data\outputs\nhs_rtt_msc_project\data\raw\zips\Full-CSV-data-file-May20-revised-ZIP-2216K.zip
,local,file:///C:/Users/DELL/Documents/Codex/2026-07-15/i-am-building-an-msc-data/outputs/nhs_rtt_msc_project/data/raw/zips/Full-CSV-data-file-Jun20-revised-ZIP-2649K.zip,Full-CSV-data-file-Jun20-revised-ZIP-2649K.zip,2020-06-01,True,C:\Users\DELL\Documents\Codex\2026-07-15\i-am-building-an-msc-data\outputs\nhs_rtt_msc_project\data\raw\zips\Full-CSV-data-file-Jun20-revised-ZIP-2649K.zip
,local,file:///C:/Users/DELL/Documents/Codex/2026-07-15/i-am-building-an-msc-data/outputs/nhs_rtt_msc_project/data/raw/zips/Full-CSV-data-file-Jul20-ZIP-2546K.zip,Full-CSV-data-file-Jul20-ZIP-2546K.zip,2020-07-01,False,C:\Users\DELL\Documents\Codex\2026-07-15\i-am-building-an-msc-data\outputs\nhs_rtt_msc_project\data\raw\zips\Full-CSV-data-file-Jul20-ZIP-2546K.zip
,local,file:///C:/Users/DELL/Documents/Codex/2026-07-15/i-am-building-an-msc-data/outputs/nhs_rtt_msc_project/data/raw/zips/Full-CSV-data-file-Aug20-ZIP-2594K-09869.zip,Full-CSV-data-file-Aug20-ZIP-2594K-09869.zip,2020-08-01,False,C:\Users\DELL\Documents\Codex\2026-07-15\i-am-building-an-msc-data\outputs\nhs_rtt_msc_project\data\raw\zips\Full-CSV-data-file-Aug20-ZIP-2594K-09869.zip
,local,file:///C:/Users/DELL/Documents/Codex/2026-07-15/i-am-building-an-msc-data/outputs/nhs_rtt_msc_project/data/raw/zips/Full-CSV-data-file-Sep20-ZIP-2738K-20720.zip,Full-CSV-data-file-Sep20-ZIP-2738K-20720.zip,2020-09-01,False,C:\Users\DELL\Documents\Codex\2026-07-15\i-am-building-an-msc-data\outputs\nhs_rtt_msc_project\data\raw\zips\Full-CSV-data-file-Sep20-ZIP-2738K-20720.zip
,local,file:///C:/Users/DELL/Documents/Codex/2026-07-15/i-am-building-an-msc-data/outputs/nhs_rtt_msc_project/data/raw/zips/Full-CSV-data-file-Oct20-revised-ZIP-2772K.zip,Full-CSV-data-file-Oct20-revised-ZIP-2772K.zip,2020-10-01,True,C:\Users\DELL\Documents\Codex\2026-07-15\i-am-building-an-msc-data\outputs\nhs_rtt_msc_project\data\raw\zips\Full-CSV-data-file-Oct20-revised-ZIP-2772K.zip
,local,file:///C:/Users/DELL/Documents/Codex/2026-07-15/i-am-building-an-msc-data/outputs/nhs_rtt_msc_project/data/raw/zips/Full-CSV-data-file-Nov20-ZIP-2758K-26885.zip,Full-CSV-data-file-Nov20-ZIP-2758K-26885.zip,2020-11-01,False,C:\Users\DELL\Documents\Codex\2026-07-15\i-am-building-an-msc-data\outputs\nhs_rtt_msc_project\data\raw\zips\Full-CSV-data-file-Nov20-ZIP-2758K-26885.zip
,local,file:///C:/Users/DELL/Documents/Codex/2026-07-15/i-am-building-an-msc-data/outputs/nhs_rtt_msc_project/data/raw/zips/Full-CSV-data-file-Dec20-revised-ZIP-2860K.zip,Full-CSV-data-file-Dec20-revised-ZIP-2860K.zip,2020-12-01,True,C:\Users\DELL\Documents\Codex\2026-07-15\i-am-building-an-msc-data\outputs\nhs_rtt_msc_project\data\raw\zips\Full-CSV-data-file-Dec20-revised-ZIP-2860K.zip
,local,file:///C:/Users/DELL/Documents/Codex/2026-07-15/i-am-building-an-msc-data/outputs/nhs_rtt_msc_project/data/raw/zips/Full-CSV-data-file-Jan21-ZIP-2714K-24158.zip,Full-CSV-data-file-Jan21-ZIP-2714K-24158.zip,2021-01-01,False,C:\Users\DELL\Documents\Codex\2026-07-15\i-am-building-an-msc-data\outputs\nhs_rtt_msc_project\data\raw\zips\Full-CSV-data-file-Jan21-ZIP-2714K-24158.zip
,local,file:///C:/Users/DELL/Documents/Codex/2026-07-15/i-am-building-an-msc-data/outputs/nhs_rtt_msc_project/data/raw/zips/Full-CSV-data-file-Feb21-ZIP-2739K-25692.zip,Full-CSV-data-file-Feb21-ZIP-2739K-25692.zip,2021-02-01,False,C:\Users\DELL\Documents\Codex\2026-07-15\i-am-building-an-msc-data\outputs\nhs_rtt_msc_project\data\raw\zips\Full-CSV-data-file-Feb21-ZIP-2739K-25692.zip
,local,file:///C:/Users/DELL/Documents/Codex/2026-07-15/i-am-building-an-msc-data/outputs/nhs_rtt_msc_project/data/raw/zips/Full-CSV-data-file-Mar21-ZIP-2888K-76325.zip,Full-CSV-data-file-Mar21-ZIP-2888K-76325.zip,2021-03-01,False,C:\Users\DELL\Documents\Codex\2026-07-15\i-am-building-an-msc-data\outputs\nhs_rtt_msc_project\data\raw\zips\Full-CSV-data-file-Mar21-ZIP-2888K-76325.zip
,local,file:///C:/Users/DELL/Documents/Codex/2026-07-15/i-am-building-an-msc-data/outputs/nhs_rtt_msc_project/data/raw/zips/Full-CSV-data-file-Apr21-revised-ZIP-3587K.zip,Full-CSV-data-file-Apr21-revised-ZIP-3587K.zip,2021-04-01,True,C:\Users\DELL\Documents\Codex\2026-07-15\i-am-building-an-msc-data\outputs\nhs_rtt_msc_project\data\raw\zips\Full-CSV-data-file-Apr21-revised-ZIP-3587K.zip
,local,file:///C:/Users/DELL/Documents/Codex/2026-07-15/i-am-building-an-msc-data/outputs/nhs_rtt_msc_project/data/raw/zips/Full-CSV-data-file-May21-revised-ZIP-3656K.zip,Full-CSV-data-file-May21-revised-ZIP-3656K.zip,2021-05-01,True,C:\Users\DELL\Documents\Codex\2026-07-15\i-am-building-an-msc-data\outputs\nhs_rtt_msc_project\data\raw\zips\Full-CSV-data-file-May21-revised-ZIP-3656K.zip
,local,file:///C:/Users/DELL/Documents/Codex/2026-07-15/i-am-building-an-msc-data/outputs/nhs_rtt_msc_project/data/raw/zips/Full-CSV-data-file-Jun21-revised-ZIP-3739K.zip,Full-CSV-data-file-Jun21-revised-ZIP-3739K.zip,2021-06-01,True,C:\Users\DELL\Documents\Codex\2026-07-15\i-am-building-an-msc-data\outputs\nhs_rtt_msc_project\data\raw\zips\Full-CSV-data-file-Jun21-revised-ZIP-3739K.zip
,local,file:///C:/Users/DELL/Documents/Codex/2026-07-15/i-am-building-an-msc-data/outputs/nhs_rtt_msc_project/data/raw/zips/Full-CSV-data-file-Jul21-revised-ZIP-3710K.zip,Full-CSV-data-file-Jul21-revised-ZIP-3710K.zip,2021-07-01,True,C:\Users\DELL\Documents\Codex\2026-07-15\i-am-building-an-msc-data\outputs\nhs_rtt_msc_project\data\raw\zips\Full-CSV-data-file-Jul21-revised-ZIP-3710K.zip
,local,file:///C:/Users/DELL/Documents/Codex/2026-07-15/i-am-building-an-msc-data/outputs/nhs_rtt_msc_project/data/raw/zips/Full-CSV-data-file-Aug21-revised-ZIP-3682K.zip,Full-CSV-data-file-Aug21-revised-ZIP-3682K.zip,2021-08-01,True,C:\Users\DELL\Documents\Codex\2026-07-15\i-am-building-an-msc-data\outputs\nhs_rtt_msc_project\data\raw\zips\Full-CSV-data-file-Aug21-revised-ZIP-3682K.zip
,local,file:///C:/Users/DELL/Documents/Codex/2026-07-15/i-am-building-an-msc-data/outputs/nhs_rtt_msc_project/data/raw/zips/Full-CSV-data-file-Sep21-revised-ZIP-3768K.zip,Full-CSV-data-file-Sep21-revised-ZIP-3768K.zip,2021-09-01,True,C:\Users\DELL\Documents\Codex\2026-07-15\i-am-building-an-msc-data\outputs\nhs_rtt_msc_project\data\raw\zips\Full-CSV-data-file-Sep21-revised-ZIP-3768K.zip
,local,file:///C:/Users/DELL/Documents/Codex/2026-07-15/i-am-building-an-msc-data/outputs/nhs_rtt_msc_project/data/raw/zips/Full-CSV-data-file-Oct21-revised-ZIP-3787K.zip,Full-CSV-data-file-Oct21-revised-ZIP-3787K.zip,2021-10-01,True,C:\Users\DELL\Documents\Codex\2026-07-15\i-am-building-an-msc-data\outputs\nhs_rtt_msc_project\data\raw\zips\Full-CSV-data-file-Oct21-revised-ZIP-3787K.zip
,local,file:///C:/Users/DELL/Documents/Codex/2026-07-15/i-am-building-an-msc-data/outputs/nhs_rtt_msc_project/data/raw/zips/Full-CSV-data-file-Nov21-revised-ZIP-3826K.zip,Full-CSV-data-file-Nov21-revised-ZIP-3826K.zip,2021-11-01,True,C:\Users\DELL\Documents\Codex\2026-07-15\i-am-building-an-msc-data\outputs\nhs_rtt_msc_project\data\raw\zips\Full-CSV-data-file-Nov21-revised-ZIP-3826K.zip
,local,file:///C:/Users/DELL/Documents/Codex/2026-07-15/i-am-building-an-msc-data/outputs/nhs_rtt_msc_project/data/raw/zips/Full-CSV-data-file-Dec21-revised-ZIP-3744K.zip,Full-CSV-data-file-Dec21-revised-ZIP-3744K.zip,2021-12-01,True,C:\Users\DELL\Documents\Codex\2026-07-15\i-am-building-an-msc-data\outputs\nhs_rtt_msc_project\data\raw\zips\Full-CSV-data-file-Dec21-revised-ZIP-3744K.zip
,local,file:///C:/Users/DELL/Documents/Codex/2026-07-15/i-am-building-an-msc-data/outputs/nhs_rtt_msc_project/data/raw/zips/Full-CSV-data-file-Jan22-revised-ZIP-4266K.zip,Full-CSV-data-file-Jan22-revised-ZIP-4266K.zip,2022-01-01,True,C:\Users\DELL\Documents\Codex\2026-07-15\i-am-building-an-msc-data\outputs\nhs_rtt_msc_project\data\raw\zips\Full-CSV-data-file-Jan22-revised-ZIP-4266K.zip
,local,file:///C:/Users/DELL/Documents/Codex/2026-07-15/i-am-building-an-msc-data/outputs/nhs_rtt_msc_project/data/raw/zips/Full-CSV-data-file-Feb22-revised-ZIP-109268K.zip,Full-CSV-data-file-Feb22-revised-ZIP-109268K.zip,2022-02-01,True,C:\Users\DELL\Documents\Codex\2026-07-15\i-am-building-an-msc-data\outputs\nhs_rtt_msc_project\data\raw\zips\Full-CSV-data-file-Feb22-revised-ZIP-109268K.zip
,local,file:///C:/Users/DELL/Documents/Codex/2026-07-15/i-am-building-an-msc-data/outputs/nhs_rtt_msc_project/data/raw/zips/Full-CSV-data-file-Mar22-revised-ZIP-111805K.zip,Full-CSV-data-file-Mar22-revised-ZIP-111805K.zip,2022-03-01,True,C:\Users\DELL\Documents\Codex\2026-07-15\i-am-building-an-msc-data\outputs\nhs_rtt_msc_project\data\raw\zips\Full-CSV-data-file-Mar22-revised-ZIP-111805K.zip
,local,file:///C:/Users/DELL/Documents/Codex/2026-07-15/i-am-building-an-msc-data/outputs/nhs_rtt_msc_project/data/raw/zips/Full-CSV-data-file-Apr22-revised-ZIP-4253.zip,Full-CSV-data-file-Apr22-revised-ZIP-4253.zip,2022-04-01,True,C:\Users\DELL\Documents\Codex\2026-07-15\i-am-building-an-msc-data\outputs\nhs_rtt_msc_project\data\raw\zips\Full-CSV-data-file-Apr22-revised-ZIP-4253.zip
,local,file:///C:/Users/DELL/Documents/Codex/2026-07-15/i-am-building-an-msc-data/outputs/nhs_rtt_msc_project/data/raw/zips/Full-CSV-data-file-May22-revised-ZIP-4392K.zip,Full-CSV-data-file-May22-revised-ZIP-4392K.zip,2022-05-01,True,C:\Users\DELL\Documents\Codex\2026-07-15\i-am-building-an-msc-data\outputs\nhs_rtt_msc_project\data\raw\zips\Full-CSV-data-file-May22-revised-ZIP-4392K.zip
,local,file:///C:/Users/DELL/Documents/Codex/2026-07-15/i-am-building-an-msc-data/outputs/nhs_rtt_msc_project/data/raw/zips/Full-CSV-data-file-Jun22-revised-ZIP-4253.zip,Full-CSV-data-file-Jun22-revised-ZIP-4253.zip,2022-06-01,True,C:\Users\DELL\Documents\Codex\2026-07-15\i-am-building-an-msc-data\outputs\nhs_rtt_msc_project\data\raw\zips\Full-CSV-data-file-Jun22-revised-ZIP-4253.zip
,local,file:///C:/Users/DELL/Documents/Codex/2026-07-15/i-am-building-an-msc-data/outputs/nhs_rtt_msc_project/data/raw/zips/Full-CSV-data-file-Jul22-revised-ZIP-3642K.zip,Full-CSV-data-file-Jul22-revised-ZIP-3642K.zip,2022-07-01,True,C:\Users\DELL\Documents\Codex\2026-07-15\i-am-building-an-msc-data\outputs\nhs_rtt_msc_project\data\raw\zips\Full-CSV-data-file-Jul22-revised-ZIP-3642K.zip
,local,file:///C:/Users/DELL/Documents/Codex/2026-07-15/i-am-building-an-msc-data/outputs/nhs_rtt_msc_project/data/raw/zips/Full-CSV-data-file-Aug22-revised-ZIP-3488K.zip,Full-CSV-data-file-Aug22-revised-ZIP-3488K.zip,2022-08-01,True,C:\Users\DELL\Documents\Codex\2026-07-15\i-am-building-an-msc-data\outputs\nhs_rtt_msc_project\data\raw\zips\Full-CSV-data-file-Aug22-revised-ZIP-3488K.zip
,local,file:///C:/Users/DELL/Documents/Codex/2026-07-15/i-am-building-an-msc-data/outputs/nhs_rtt_msc_project/data/raw/zips/Full-CSV-data-file-Sep22-revised-ZIP-3542K.zip,Full-CSV-data-file-Sep22-revised-ZIP-3542K.zip,2022-09-01,True,C:\Users\DELL\Documents\Codex\2026-07-15\i-am-building-an-msc-data\outputs\nhs_rtt_msc_project\data\raw\zips\Full-CSV-data-file-Sep22-revised-ZIP-3542K.zip
,local,file:///C:/Users/DELL/Documents/Codex/2026-07-15/i-am-building-an-msc-data/outputs/nhs_rtt_msc_project/data/raw/zips/Full-CSV-data-file-Oct22-revised-ZIP-3473K.zip,Full-CSV-data-file-Oct22-revised-ZIP-3473K.zip,2022-10-01,True,C:\Users\DELL\Documents\Codex\2026-07-15\i-am-building-an-msc-data\outputs\nhs_rtt_msc_project\data\raw\zips\Full-CSV-data-file-Oct22-revised-ZIP-3473K.zip
,local,file:///C:/Users/DELL/Documents/Codex/2026-07-15/i-am-building-an-msc-data/outputs/nhs_rtt_msc_project/data/raw/zips/Full-CSV-data-file-Nov22-revised-ZIP-3508K.zip,Full-CSV-data-file-Nov22-revised-ZIP-3508K.zip,2022-11-01,True,C:\Users\DELL\Documents\Codex\2026-07-15\i-am-building-an-msc-data\outputs\nhs_rtt_msc_project\data\raw\zips\Full-CSV-data-file-Nov22-revised-ZIP-3508K.zip
,local,file:///C:/Users/DELL/Documents/Codex/2026-07-15/i-am-building-an-msc-data/outputs/nhs_rtt_msc_project/data/raw/zips/Full-CSV-data-file-Dec22-revised-ZIP-3631K.zip,Full-CSV-data-file-Dec22-revised-ZIP-3631K.zip,2022-12-01,True,C:\Users\DELL\Documents\Codex\2026-07-15\i-am-building-an-msc-data\outputs\nhs_rtt_msc_project\data\raw\zips\Full-CSV-data-file-Dec22-revised-ZIP-3631K.zip
,local,file:///C:/Users/DELL/Documents/Codex/2026-07-15/i-am-building-an-msc-data/outputs/nhs_rtt_msc_project/data/raw/zips/Full-CSV-data-file-Jan23-revised-ZIP-3609K.zip,Full-CSV-data-file-Jan23-revised-ZIP-3609K.zip,2023-01-01,True,C:\Users\DELL\Documents\Codex\2026-07-15\i-am-building-an-msc-data\outputs\nhs_rtt_msc_project\data\raw\zips\Full-CSV-data-file-Jan23-revised-ZIP-3609K.zip
,local,file:///C:/Users/DELL/Documents/Codex/2026-07-15/i-am-building-an-msc-data/outputs/nhs_rtt_msc_project/data/raw/zips/Full-CSV-data-file-Feb23-revised-ZIP-3784K.zip,Full-CSV-data-file-Feb23-revised-ZIP-3784K.zip,2023-02-01,True,C:\Users\DELL\Documents\Codex\2026-07-15\i-am-building-an-msc-data\outputs\nhs_rtt_msc_project\data\raw\zips\Full-CSV-data-file-Feb23-revised-ZIP-3784K.zip
,local,file:///C:/Users/DELL/Documents/Codex/2026-07-15/i-am-building-an-msc-data/outputs/nhs_rtt_msc_project/data/raw/zips/Full-CSV-data-file-Mar23-revised-ZIP-3589K.zip,Full-CSV-data-file-Mar23-revised-ZIP-3589K.zip,2023-03-01,True,C:\Users\DELL\Documents\Codex\2026-07-15\i-am-building-an-msc-data\outputs\nhs_rtt_msc_project\data\raw\zips\Full-CSV-data-file-Mar23-revised-ZIP-3589K.zip
,local,file:///C:/Users/DELL/Documents/Codex/2026-07-15/i-am-building-an-msc-data/outputs/nhs_rtt_msc_project/data/raw/zips/Full-CSV-data-file-Apr23-ZIP-3528K-36960.zip,Full-CSV-data-file-Apr23-ZIP-3528K-36960.zip,2023-04-01,False,C:\Users\DELL\Documents\Codex\2026-07-15\i-am-building-an-msc-data\outputs\nhs_rtt_msc_project\data\raw\zips\Full-CSV-data-file-Apr23-ZIP-3528K-36960.zip
,local,file:///C:/Users/DELL/Documents/Codex/2026-07-15/i-am-building-an-msc-data/outputs/nhs_rtt_msc_project/data/raw/zips/Full-CSV-data-file-May23-ZIP-3627K-revised.zip,Full-CSV-data-file-May23-ZIP-3627K-revised.zip,2023-05-01,True,C:\Users\DELL\Documents\Codex\2026-07-15\i-am-building-an-msc-data\outputs\nhs_rtt_msc_project\data\raw\zips\Full-CSV-data-file-May23-ZIP-3627K-revised.zip
,local,file:///C:/Users/DELL/Documents/Codex/2026-07-15/i-am-building-an-msc-data/outputs/nhs_rtt_msc_project/data/raw/zips/Full-CSV-data-file-Jun23-ZIP-3659K-64970.zip,Full-CSV-data-file-Jun23-ZIP-3659K-64970.zip,2023-06-01,False,C:\Users\DELL\Documents\Codex\2026-07-15\i-am-building-an-msc-data\outputs\nhs_rtt_msc_project\data\raw\zips\Full-CSV-data-file-Jun23-ZIP-3659K-64970.zip
,local,file:///C:/Users/DELL/Documents/Codex/2026-07-15/i-am-building-an-msc-data/outputs/nhs_rtt_msc_project/data/raw/zips/Full-CSV-data-file-Jul23-ZIP-3623K-revised.zip,Full-CSV-data-file-Jul23-ZIP-3623K-revised.zip,2023-07-01,True,C:\Users\DELL\Documents\Codex\2026-07-15\i-am-building-an-msc-data\outputs\nhs_rtt_msc_project\data\raw\zips\Full-CSV-data-file-Jul23-ZIP-3623K-revised.zip
,local,file:///C:/Users/DELL/Documents/Codex/2026-07-15/i-am-building-an-msc-data/outputs/nhs_rtt_msc_project/data/raw/zips/Full-CSV-data-file-Aug23-ZIP-3646K-revised.zip,Full-CSV-data-file-Aug23-ZIP-3646K-revised.zip,2023-08-01,True,C:\Users\DELL\Documents\Codex\2026-07-15\i-am-building-an-msc-data\outputs\nhs_rtt_msc_project\data\raw\zips\Full-CSV-data-file-Aug23-ZIP-3646K-revised.zip
,local,file:///C:/Users/DELL/Documents/Codex/2026-07-15/i-am-building-an-msc-data/outputs/nhs_rtt_msc_project/data/raw/zips/Full-CSV-data-file-Sep23-ZIP-3654K-revised.zip,Full-CSV-data-file-Sep23-ZIP-3654K-revised.zip,2023-09-01,True,C:\Users\DELL\Documents\Codex\2026-07-15\i-am-building-an-msc-data\outputs\nhs_rtt_msc_project\data\raw\zips\Full-CSV-data-file-Sep23-ZIP-3654K-revised.zip
,local,file:///C:/Users/DELL/Documents/Codex/2026-07-15/i-am-building-an-msc-data/outputs/nhs_rtt_msc_project/data/raw/zips/Full-CSV-data-file-Oct23-ZIP-3928K-revised.zip,Full-CSV-data-file-Oct23-ZIP-3928K-revised.zip,2023-10-01,True,C:\Users\DELL\Documents\Codex\2026-07-15\i-am-building-an-msc-data\outputs\nhs_rtt_msc_project\data\raw\zips\Full-CSV-data-file-Oct23-ZIP-3928K-revised.zip
,local,file:///C:/Users/DELL/Documents/Codex/2026-07-15/i-am-building-an-msc-data/outputs/nhs_rtt_msc_project/data/raw/zips/Full-CSV-data-file-Nov23-ZIP-3952K-revised.zip,Full-CSV-data-file-Nov23-ZIP-3952K-revised.zip,2023-11-01,True,C:\Users\DELL\Documents\Codex\2026-07-15\i-am-building-an-msc-data\outputs\nhs_rtt_msc_project\data\raw\zips\Full-CSV-data-file-Nov23-ZIP-3952K-revised.zip
,local,file:///C:/Users/DELL/Documents/Codex/2026-07-15/i-am-building-an-msc-data/outputs/nhs_rtt_msc_project/data/raw/zips/Full-CSV-data-file-Dec23-ZIP-3800K-revised.zip,Full-CSV-data-file-Dec23-ZIP-3800K-revised.zip,2023-12-01,True,C:\Users\DELL\Documents\Codex\2026-07-15\i-am-building-an-msc-data\outputs\nhs_rtt_msc_project\data\raw\zips\Full-CSV-data-file-Dec23-ZIP-3800K-revised.zip
,local,file:///C:/Users/DELL/Documents/Codex/2026-07-15/i-am-building-an-msc-data/outputs/nhs_rtt_msc_project/data/raw/zips/Full-CSV-data-file-Jan24-ZIP-3943K-revised.zip,Full-CSV-data-file-Jan24-ZIP-3943K-revised.zip,2024-01-01,True,C:\Users\DELL\Documents\Codex\2026-07-15\i-am-building-an-msc-data\outputs\nhs_rtt_msc_project\data\raw\zips\Full-CSV-data-file-Jan24-ZIP-3943K-revised.zip
,local,file:///C:/Users/DELL/Documents/Codex/2026-07-15/i-am-building-an-msc-data/outputs/nhs_rtt_msc_project/data/raw/zips/Full-CSV-data-file-Feb24-ZIP-3881K-revised.zip,Full-CSV-data-file-Feb24-ZIP-3881K-revised.zip,2024-02-01,True,C:\Users\DELL\Documents\Codex\2026-07-15\i-am-building-an-msc-data\outputs\nhs_rtt_msc_project\data\raw\zips\Full-CSV-data-file-Feb24-ZIP-3881K-revised.zip
,local,file:///C:/Users/DELL/Documents/Codex/2026-07-15/i-am-building-an-msc-data/outputs/nhs_rtt_msc_project/data/raw/zips/Full-CSV-data-file-Mar24-ZIP-3832K-revised.zip,Full-CSV-data-file-Mar24-ZIP-3832K-revised.zip,2024-03-01,True,C:\Users\DELL\Documents\Codex\2026-07-15\i-am-building-an-msc-data\outputs\nhs_rtt_msc_project\data\raw\zips\Full-CSV-data-file-Mar24-ZIP-3832K-revised.zip
,local,file:///C:/Users/DELL/Documents/Codex/2026-07-15/i-am-building-an-msc-data/outputs/nhs_rtt_msc_project/data/raw/zips/Full-CSV-data-file-Apr24-ZIP-4M-revised.zip,Full-CSV-data-file-Apr24-ZIP-4M-revised.zip,2024-04-01,True,C:\Users\DELL\Documents\Codex\2026-07-15\i-am-building-an-msc-data\outputs\nhs_rtt_msc_project\data\raw\zips\Full-CSV-data-file-Apr24-ZIP-4M-revised.zip
,local,file:///C:/Users/DELL/Documents/Codex/2026-07-15/i-am-building-an-msc-data/outputs/nhs_rtt_msc_project/data/raw/zips/Full-CSV-data-file-May24-ZIP-4M-revised.zip,Full-CSV-data-file-May24-ZIP-4M-revised.zip,2024-05-01,True,C:\Users\DELL\Documents\Codex\2026-07-15\i-am-building-an-msc-data\outputs\nhs_rtt_msc_project\data\raw\zips\Full-CSV-data-file-May24-ZIP-4M-revised.zip
,local,file:///C:/Users/DELL/Documents/Codex/2026-07-15/i-am-building-an-msc-data/outputs/nhs_rtt_msc_project/data/raw/zips/Full-CSV-data-file-Jun24-ZIP-4M-revised.zip,Full-CSV-data-file-Jun24-ZIP-4M-revised.zip,2024-06-01,True,C:\Users\DELL\Documents\Codex\2026-07-15\i-am-building-an-msc-data\outputs\nhs_rtt_msc_project\data\raw\zips\Full-CSV-data-file-Jun24-ZIP-4M-revised.zip
,local,file:///C:/Users/DELL/Documents/Codex/2026-07-15/i-am-building-an-msc-data/outputs/nhs_rtt_msc_project/data/raw/zips/Full-CSV-data-file-Jul24-ZIP-4M-revised.zip,Full-CSV-data-file-Jul24-ZIP-4M-revised.zip,2024-07-01,True,C:\Users\DELL\Documents\Codex\2026-07-15\i-am-building-an-msc-data\outputs\nhs_rtt_msc_project\data\raw\zips\Full-CSV-data-file-Jul24-ZIP-4M-revised.zip
,local,file:///C:/Users/DELL/Documents/Codex/2026-07-15/i-am-building-an-msc-data/outputs/nhs_rtt_msc_project/data/raw/zips/Full-CSV-data-file-Aug24-ZIP-4M-revised.zip,Full-CSV-data-file-Aug24-ZIP-4M-revised.zip,2024-08-01,True,C:\Users\DELL\Documents\Codex\2026-07-15\i-am-building-an-msc-data\outputs\nhs_rtt_msc_project\data\raw\zips\Full-CSV-data-file-Aug24-ZIP-4M-revised.zip
,local,file:///C:/Users/DELL/Documents/Codex/2026-07-15/i-am-building-an-msc-data/outputs/nhs_rtt_msc_project/data/raw/zips/Full-CSV-data-file-Sep24-ZIP-4M-revised.zip,Full-CSV-data-file-Sep24-ZIP-4M-revised.zip,2024-09-01,True,C:\Users\DELL\Documents\Codex\2026-07-15\i-am-building-an-msc-data\outputs\nhs_rtt_msc_project\data\raw\zips\Full-CSV-data-file-Sep24-ZIP-4M-revised.zip
,local,file:///C:/Users/DELL/Documents/Codex/2026-07-15/i-am-building-an-msc-data/outputs/nhs_rtt_msc_project/data/raw/zips/Full-CSV-data-file-Oct24-ZIP-4M-revised.zip,Full-CSV-data-file-Oct24-ZIP-4M-revised.zip,2024-10-01,True,C:\Users\DELL\Documents\Codex\2026-07-15\i-am-building-an-msc-data\outputs\nhs_rtt_msc_project\data\raw\zips\Full-CSV-data-file-Oct24-ZIP-4M-revised.zip
,local,file:///C:/Users/DELL/Documents/Codex/2026-07-15/i-am-building-an-msc-data/outputs/nhs_rtt_msc_project/data/raw/zips/Full-CSV-data-file-Nov24-ZIP-4M-revised.zip,Full-CSV-data-file-Nov24-ZIP-4M-revised.zip,2024-11-01,True,C:\Users\DELL\Documents\Codex\2026-07-15\i-am-building-an-msc-data\outputs\nhs_rtt_msc_project\data\raw\zips\Full-CSV-data-file-Nov24-ZIP-4M-revised.zip
,local,file:///C:/Users/DELL/Documents/Codex/2026-07-15/i-am-building-an-msc-data/outputs/nhs_rtt_msc_project/data/raw/zips/Full-CSV-data-file-Dec24-ZIP-4M-revised.zip,Full-CSV-data-file-Dec24-ZIP-4M-revised.zip,2024-12-01,True,C:\Users\DELL\Documents\Codex\2026-07-15\i-am-building-an-msc-data\outputs\nhs_rtt_msc_project\data\raw\zips\Full-CSV-data-file-Dec24-ZIP-4M-revised.zip
,local,file:///C:/Users/DELL/Documents/Codex/2026-07-15/i-am-building-an-msc-data/outputs/nhs_rtt_msc_project/data/raw/zips/Full-CSV-data-file-Jan25-ZIP-4M-revised.zip,Full-CSV-data-file-Jan25-ZIP-4M-revised.zip,2025-01-01,True,C:\Users\DELL\Documents\Codex\2026-07-15\i-am-building-an-msc-data\outputs\nhs_rtt_msc_project\data\raw\zips\Full-CSV-data-file-Jan25-ZIP-4M-revised.zip
,local,file:///C:/Users/DELL/Documents/Codex/2026-07-15/i-am-building-an-msc-data/outputs/nhs_rtt_msc_project/data/raw/zips/Full-CSV-data-file-Feb25-ZIP-4M-revised.zip,Full-CSV-data-file-Feb25-ZIP-4M-revised.zip,2025-02-01,True,C:\Users\DELL\Documents\Codex\2026-07-15\i-am-building-an-msc-data\outputs\nhs_rtt_msc_project\data\raw\zips\Full-CSV-data-file-Feb25-ZIP-4M-revised.zip
,local,file:///C:/Users/DELL/Documents/Codex/2026-07-15/i-am-building-an-msc-data/outputs/nhs_rtt_msc_project/data/raw/zips/Full-CSV-data-file-Mar25-ZIP-4M-revised.zip,Full-CSV-data-file-Mar25-ZIP-4M-revised.zip,2025-03-01,True,C:\Users\DELL\Documents\Codex\2026-07-15\i-am-building-an-msc-data\outputs\nhs_rtt_msc_project\data\raw\zips\Full-CSV-data-file-Mar25-ZIP-4M-revised.zip
,local,file:///C:/Users/DELL/Documents/Codex/2026-07-15/i-am-building-an-msc-data/outputs/nhs_rtt_msc_project/data/raw/zips/Full-CSV-data-file-Apr25-ZIP-4M-revised.zip,Full-CSV-data-file-Apr25-ZIP-4M-revised.zip,2025-04-01,True,C:\Users\DELL\Documents\Codex\2026-07-15\i-am-building-an-msc-data\outputs\nhs_rtt_msc_project\data\raw\zips\Full-CSV-data-file-Apr25-ZIP-4M-revised.zip
,local,file:///C:/Users/DELL/Documents/Codex/2026-07-15/i-am-building-an-msc-data/outputs/nhs_rtt_msc_project/data/raw/zips/Full-CSV-data-file-May25-ZIP-4M-revised.zip,Full-CSV-data-file-May25-ZIP-4M-revised.zip,2025-05-01,True,C:\Users\DELL\Documents\Codex\2026-07-15\i-am-building-an-msc-data\outputs\nhs_rtt_msc_project\data\raw\zips\Full-CSV-data-file-May25-ZIP-4M-revised.zip
,local,file:///C:/Users/DELL/Documents/Codex/2026-07-15/i-am-building-an-msc-data/outputs/nhs_rtt_msc_project/data/raw/zips/Full-CSV-data-file-Jun25-ZIP-4M-revised.zip,Full-CSV-data-file-Jun25-ZIP-4M-revised.zip,2025-06-01,True,C:\Users\DELL\Documents\Codex\2026-07-15\i-am-building-an-msc-data\outputs\nhs_rtt_msc_project\data\raw\zips\Full-CSV-data-file-Jun25-ZIP-4M-revised.zip
,local,file:///C:/Users/DELL/Documents/Codex/2026-07-15/i-am-building-an-msc-data/outputs/nhs_rtt_msc_project/data/raw/zips/Full-CSV-data-file-Jul25-ZIP-4M-revised-2.zip,Full-CSV-data-file-Jul25-ZIP-4M-revised-2.zip,2025-07-01,True,C:\Users\DELL\Documents\Codex\2026-07-15\i-am-building-an-msc-data\outputs\nhs_rtt_msc_project\data\raw\zips\Full-CSV-data-file-Jul25-ZIP-4M-revised-2.zip
,local,file:///C:/Users/DELL/Documents/Codex/2026-07-15/i-am-building-an-msc-data/outputs/nhs_rtt_msc_project/data/raw/zips/Full-CSV-data-file-Aug25-ZIP-4M-revised-2.zip,Full-CSV-data-file-Aug25-ZIP-4M-revised-2.zip,2025-08-01,True,C:\Users\DELL\Documents\Codex\2026-07-15\i-am-building-an-msc-data\outputs\nhs_rtt_msc_project\data\raw\zips\Full-CSV-data-file-Aug25-ZIP-4M-revised-2.zip
,local,file:///C:/Users/DELL/Documents/Codex/2026-07-15/i-am-building-an-msc-data/outputs/nhs_rtt_msc_project/data/raw/zips/Full-CSV-data-file-Sep25-ZIP-4M-revised.zip,Full-CSV-data-file-Sep25-ZIP-4M-revised.zip,2025-09-01,True,C:\Users\DELL\Documents\Codex\2026-07-15\i-am-building-an-msc-data\outputs\nhs_rtt_msc_project\data\raw\zips\Full-CSV-data-file-Sep25-ZIP-4M-revised.zip
,local,file:///C:/Users/DELL/Documents/Codex/2026-07-15/i-am-building-an-msc-data/outputs/nhs_rtt_msc_project/data/raw/zips/Full-CSV-data-file-Oct25-ZIP-4M-SrRW6y.zip,Full-CSV-data-file-Oct25-ZIP-4M-SrRW6y.zip,2025-10-01,False,C:\Users\DELL\Documents\Codex\2026-07-15\i-am-building-an-msc-data\outputs\nhs_rtt_msc_project\data\raw\zips\Full-CSV-data-file-Oct25-ZIP-4M-SrRW6y.zip
,local,file:///C:/Users/DELL/Documents/Codex/2026-07-15/i-am-building-an-msc-data/outputs/nhs_rtt_msc_project/data/raw/zips/Full-CSV-data-file-Nov25-ZIP-4M-1Xmjkk.zip,Full-CSV-data-file-Nov25-ZIP-4M-1Xmjkk.zip,2025-11-01,False,C:\Users\DELL\Documents\Codex\2026-07-15\i-am-building-an-msc-data\outputs\nhs_rtt_msc_project\data\raw\zips\Full-CSV-data-file-Nov25-ZIP-4M-1Xmjkk.zip
,local,file:///C:/Users/DELL/Documents/Codex/2026-07-15/i-am-building-an-msc-data/outputs/nhs_rtt_msc_project/data/raw/zips/Full-CSV-data-file-Dec25-ZIP-3M-revised.zip,Full-CSV-data-file-Dec25-ZIP-3M-revised.zip,2025-12-01,True,C:\Users\DELL\Documents\Codex\2026-07-15\i-am-building-an-msc-data\outputs\nhs_rtt_msc_project\data\raw\zips\Full-CSV-data-file-Dec25-ZIP-3M-revised.zip
,local,file:///C:/Users/DELL/Documents/Codex/2026-07-15/i-am-building-an-msc-data/outputs/nhs_rtt_msc_project/data/raw/zips/Full-CSV-data-file-Jan26-ZIP-4M-WL5BiP.zip,Full-CSV-data-file-Jan26-ZIP-4M-WL5BiP.zip,2026-01-01,False,C:\Users\DELL\Documents\Codex\2026-07-15\i-am-building-an-msc-data\outputs\nhs_rtt_msc_project\data\raw\zips\Full-CSV-data-file-Jan26-ZIP-4M-WL5BiP.zip
,local,file:///C:/Users/DELL/Documents/Codex/2026-07-15/i-am-building-an-msc-data/outputs/nhs_rtt_msc_project/data/raw/zips/Full-CSV-data-file-Feb26-ZIP-4M-9j03fJT.zip,Full-CSV-data-file-Feb26-ZIP-4M-9j03fJT.zip,2026-02-01,False,C:\Users\DELL\Documents\Codex\2026-07-15\i-am-building-an-msc-data\outputs\nhs_rtt_msc_project\data\raw\zips\Full-CSV-data-file-Feb26-ZIP-4M-9j03fJT.zip
,local,file:///C:/Users/DELL/Documents/Codex/2026-07-15/i-am-building-an-msc-data/outputs/nhs_rtt_msc_project/data/raw/zips/Full-CSV-data-file-Mar26-ZIP-3M-revised.zip,Full-CSV-data-file-Mar26-ZIP-3M-revised.zip,2026-03-01,True,C:\Users\DELL\Documents\Codex\2026-07-15\i-am-building-an-msc-data\outputs\nhs_rtt_msc_project\data\raw\zips\Full-CSV-data-file-Mar26-ZIP-3M-revised.zip
,local,file:///C:/Users/DELL/Documents/Codex/2026-07-15/i-am-building-an-msc-data/outputs/nhs_rtt_msc_project/data/raw/zips/Full-CSV-data-file-Apr26-ZIP-3M-X7gGnn.zip,Full-CSV-data-file-Apr26-ZIP-3M-X7gGnn.zip,2026-04-01,False,C:\Users\DELL\Documents\Codex\2026-07-15\i-am-building-an-msc-data\outputs\nhs_rtt_msc_project\data\raw\zips\Full-CSV-data-file-Apr26-ZIP-3M-X7gGnn.zip
,local,file:///C:/Users/DELL/Documents/Codex/2026-07-15/i-am-building-an-msc-data/outputs/nhs_rtt_msc_project/data/raw/zips/Full-CSV-data-file-May26-ZIP-3M-3jBgba.zip,Full-CSV-data-file-May26-ZIP-3M-3jBgba.zip,2026-05-01,False,C:\Users\DELL\Documents\Codex\2026-07-15\i-am-building-an-msc-data\outputs\nhs_rtt_msc_project\data\raw\zips\Full-CSV-data-file-May26-ZIP-3M-3jBgba.zip
